image1_path,image2_path,clip_similarity,dino_similarity,pair_type
00000409_c4111bc546a821003423bf61851d7ee3,00000809_0b19e15537e77d25d8b803a09fd02d57,0.14330828189849854,0.9504640698432922,high_dino_low_clip
00000070_024cd44ca5def18850f49ca9d46c66ba,00000493_f695a0f32d4c01d833ddfb989128af66,0.13145695626735687,0.9506175518035889,high_dino_low_clip
00000566_99fbe3a76283f2250e5fd4c3fa5aa13f,00000957_a42827158ea9de5325ed98006b27067d,0.1304948776960373,0.9552927613258362,high_dino_low_clip
00000417_20355071d43ca97fba67c21f8802c468,00000793_5f221ace8c100f5ed754635e13d1b3ac,0.13706743717193604,0.9529523253440857,high_dino_low_clip
00000213_91543b35fa66e242a3ffeab06a9bf4c5,00001016_8fea654a47042980ce1c8166174a57a0,0.14145411550998688,0.9548887610435486,high_dino_low_clip
00000170_6f6a213e75dc0264a5ecfa05026832bd,00000493_f695a0f32d4c01d833ddfb989128af66,0.13145695626735687,0.9506175518035889,high_dino_low_clip
00000335_370955ba5704235a1d94c58dd4bd7be6,00000793_118c5759578e7f07002c4d77bf3f3cc8,0.13573451340198517,0.9595096707344055,high_dino_low_clip
00000794_7a0eb83adc44fdff18b73c7285dbab17,00000890_b36d697cb339fc68920c35c28752376a,0.8638375997543335,0.26851844787597656,high_clip_low_dino
00000449_18f8fe1ea9d547ab87cee3792f161b7a,00000828_be444343ea8688efb86d6e05c2e75433,0.8588169813156128,0.2651752233505249,high_clip_low_dino
00000091_d6fbbd7e0008b96ccd1e303504d7c5b5,00000274_c820ff5756e3c25ce4e1da45df2f888a,0.8517494201660156,0.2038406878709793,high_clip_low_dino
00000210_c9528dafcfa9aa4b6c0dc6e0d5b8baa3,00000894_3ba4261095cc2573211eb0479bb7d8af,0.8721526265144348,0.2269594967365265,high_clip_low_dino
00000195_e87846da9529c31dc396dca6c987700a,00000692_99c8427da7c4682cfe12391afc0c1229,0.8748572468757629,0.2885548770427704,high_clip_low_dino
00000457_f6c7c4d0c92dea279d20cf8377de75f7,00000786_e9927cf44144557db6bd6499915ddaed,0.8669262528419495,0.28414681553840637,high_clip_low_dino
00000172_95425313a48e3124f5bd6da7ffd5f85e,00000457_f6c7c4d0c92dea279d20cf8377de75f7,0.8681755065917969,0.20938608050346375,high_clip_low_dino
00000170_fb85eaa720ada999371bc6f444a48190,00000176_121193e10ab2b67e5ebbba8bdcf7a603,0.8630011081695557,0.2355756014585495,high_clip_low_dino
00000714_d031bf591a61d1f4997766ddf0409c43,00000782_af4048d2e4601d63666bdd760dcfb509,0.8518480658531189,0.26152363419532776,high_clip_low_dino
00000285_35155575bd0397ee85cead85b79c2914,00000357_a95d5eb3289c256d9d72d012a8f3244e,0.8553184866905212,0.29606732726097107,high_clip_low_dino
00000386_aa7b62feb4b097febbde8c09e44cbf16,00000845_47d67dfa5c0aee6f87d237f129ba66b8,0.8658815622329712,0.26404398679733276,high_clip_low_dino
00000870_0430e3ab5690bf37b4edb290828782df,00000888_999a4a2c9d97172befd46f327b3d1fbc,0.8633013367652893,0.24729061126708984,high_clip_low_dino
00000377_afce1006bd499d9b0947a135011b7d93,00000888_999a4a2c9d97172befd46f327b3d1fbc,0.8588196635246277,0.2766466438770294,high_clip_low_dino
00000660_5ea599486e3e4009c3232a29e0af9878,00000888_999a4a2c9d97172befd46f327b3d1fbc,0.8645395040512085,0.2788149118423462,high_clip_low_dino
00000071_e66096585df6d7423bf843defba27e82,00000883_24a2032b456d5589d593dd7d4be55e42,0.8556882739067078,0.2906540334224701,high_clip_low_dino
00000030_3f8e8999fc3a97309707aa2915aad2ef,00000358_c262c58120440db5bfd2ef2cc6f661f0,0.865116536617279,0.15832871198654175,high_clip_low_dino
00000393_fe6023981ee14a4b4d658112f6ffc84b,00000793_07e7a61d77efa34dd7539da63d6b899a,0.856084406375885,0.22697456181049347,high_clip_low_dino
00000128_2fd9df5f514d376389b2694e11753ac8,00000533_407e6830405e611475ff1040f01e33b3,0.8670410513877869,0.24554041028022766,high_clip_low_dino
00000470_e3a3e264dcf13224f52dfc53a0b3fef1,00000531_407b4b10ab32c68aa75817b364dc1d86,0.8676085472106934,0.21919561922550201,high_clip_low_dino
00000531_407b4b10ab32c68aa75817b364dc1d86,00000928_adf83b94e5e50c45a4daa630334d16bc,0.8638724088668823,0.2589660882949829,high_clip_low_dino
00000264_3ff31cea1e3b339985a338fad5b27883,00000422_36ef225475e0b921c9876cd1bb4849a1,0.8520376682281494,0.2692963778972626,high_clip_low_dino
00000003_db7907b41f27d03d322b0737986521ed,00000422_36ef225475e0b921c9876cd1bb4849a1,0.887052595615387,0.2569742202758789,high_clip_low_dino
00000576_d3d5af6baf41424978667d332399a49c,00000966_40f21793e3f04b99a8178f3da85aa4b1,0.1443174034357071,0.9551383852958679,high_dino_low_clip
00000651_8af2656be7ff3bca4e468d066d8470e2,00000915_6f72ddc44398c0d42efdb41196f0eedd,0.8524410128593445,0.2705420255661011,high_clip_low_dino
00000285_cfd86abdb86b56d9a64212168aa8f743,00000823_3693f80910f2f3de8dbfbc41306a5dad,0.143411785364151,0.9533276557922363,high_dino_low_clip
00000301_9d71a731e98ef88a3e2c53b202a466c5,00000746_48018d8747320521c90a59e0748ca3bd,0.8628096580505371,0.2823745608329773,high_clip_low_dino
00000280_b73455405dc5f1afb955ddbb12269cd9,00000302_1970ce8fcd68a34e5605f7684ea38b93,0.8520918488502502,0.19747263193130493,high_clip_low_dino
00000463_1e2e25ca9797f0244932077f604ad779,00000482_296f6134bbfac7c6e16b8d955f4717de,0.852111279964447,0.26457077264785767,high_clip_low_dino
00000286_ff323f5a88358f288d835fa36450fbf0,00000393_fe6023981ee14a4b4d658112f6ffc84b,0.8699028491973877,0.2723458409309387,high_clip_low_dino
00000264_3ff31cea1e3b339985a338fad5b27883,00000533_407e6830405e611475ff1040f01e33b3,0.8519945740699768,0.26338744163513184,high_clip_low_dino
00000128_f91ee6d0fb37e3fffc7a86fc19f1afc2,00000856_b1c4f62b6ddefe5738e41b07d82b1470,0.8505432605743408,0.25559738278388977,high_clip_low_dino
00000115_5b0f28be07ce2cbd1baed1a066126bae,00000850_62796e12643f80588a2d0fccac110832,0.8510812520980835,0.16768071055412292,high_clip_low_dino
00000790_84fa8ab3a5ff0ab1657b1e549b61850a,00000843_e1701204b686bc7bf1443d3c8f1b7cc9,0.1408655196428299,0.9538528919219971,high_dino_low_clip
00000708_ab334ffc5f5bb4404e9a350024160e2b,00000777_76de308e25d56f4f411c5153cd97e11c,0.870836079120636,0.27529463171958923,high_clip_low_dino
00000240_20ac07379bed1233ba5b049a4e6b1a36,00000906_7c5a68e59b826f41aa5efe343ffc97e5,0.8569403886795044,0.28563639521598816,high_clip_low_dino
00000393_fe6023981ee14a4b4d658112f6ffc84b,00001005_40113eb45e8877b5a6b6a4f925e0faaf,0.8664929270744324,0.2826402485370636,high_clip_low_dino
00000070_fafa2516c3f454daa1b3a0679e50668c,00000393_fe6023981ee14a4b4d658112f6ffc84b,0.8803629279136658,0.17789563536643982,high_clip_low_dino
00000106_12bd5b6e6c7fa9b05fd2110ff1ae62bc,00000457_f6c7c4d0c92dea279d20cf8377de75f7,0.854720950126648,0.26634249091148376,high_clip_low_dino
00000172_95425313a48e3124f5bd6da7ffd5f85e,00000982_f2b0fb5b42b6f827c8bdfd02574b6ab9,0.8773756623268127,0.25929269194602966,high_clip_low_dino
00000888_999a4a2c9d97172befd46f327b3d1fbc,00000945_366af1c55506bf1c9d7e59153b736412,0.8505734801292419,0.28284353017807007,high_clip_low_dino
00000457_f6c7c4d0c92dea279d20cf8377de75f7,00000945_366af1c55506bf1c9d7e59153b736412,0.8509329557418823,0.27537745237350464,high_clip_low_dino
00000465_6d1960cff589c4ed55bb6e508b838d12,00000957_a42827158ea9de5325ed98006b27067d,0.1304948776960373,0.9552927613258362,high_dino_low_clip
00000951_4e17c8bf74433b5ad345cc644a346721,00000977_d401a32a17b24d06d5c8dce86bf1c24b,0.8524274826049805,0.28704607486724854,high_clip_low_dino
00000985_bd6a8d348ffa5ad662f0ba22a9f77788,00001017_324417e7afcff059da0b44e23f8f8fa5,0.8502868413925171,0.24904613196849823,high_clip_low_dino
00000446_e33c8839b796da7195a4d286d760f847,00000957_a42827158ea9de5325ed98006b27067d,0.1304948776960373,0.9552927613258362,high_dino_low_clip
00000305_2f409b252b41c8aca1c5273492b66b5d,00000802_7c3df8cb778f119f83c450021edc1601,0.8723977208137512,0.298728346824646,high_clip_low_dino
00000277_eb045374a5e1ef455b20a1cb64a96044,00000629_33e2dbb6dc2226c59c6261d8820d65ad,0.8532566428184509,0.2952805757522583,high_clip_low_dino
00000152_6a82c2ddd0abd5841278ba9cfcb23869,00000457_f6c7c4d0c92dea279d20cf8377de75f7,0.854494035243988,0.2688648998737335,high_clip_low_dino
00000223_a76db565da6fca3bbe68ea352c1fb2f4,00000531_407b4b10ab32c68aa75817b364dc1d86,0.8704602122306824,0.2284346967935562,high_clip_low_dino
00000697_4c6258f035146287e0f7dd99ea72a2ca,00000928_a119ccaabfed2344bc91bd99eeee47f0,0.8628175854682922,0.2905450463294983,high_clip_low_dino
00000627_32fd8369332fda0009492da55fdf9143,00001018_71634fa538ca80a10c65ffe637a9580a,0.8577351570129395,0.23078426718711853,high_clip_low_dino
00000543_5dfbf0270c64f6dff85192257bc692a6,00000711_5cf962fcf3d327ee7b3191f317ca7a3a,0.8718895316123962,0.2861107289791107,high_clip_low_dino
00000303_764e48e330282147214ba6e7c0203575,00001023_212dc60631929bb734277b599cbda2bd,0.1499738097190857,0.9538419842720032,high_dino_low_clip
00000452_4fee7af9ac6580a0034949b823d8e06a,00000790_c900370251d148cdfa08d959cd95f052,0.13267190754413605,0.9543557167053223,high_dino_low_clip
00000493_f695a0f32d4c01d833ddfb989128af66,00000831_57e38184eaaaade7378902ff4ce9ba24,0.13145695626735687,0.9506175518035889,high_dino_low_clip
00000175_466608641cace3c8d246718fdf1042b4,00000593_21705066efa4ad82f6a549bc173e51bb,0.8581534028053284,0.2823728024959564,high_clip_low_dino
00000073_06e0041c501b85785ceb27911c292c7b,00000533_ca03ad333e3b0e406481f796aa3b6af0,0.8516926169395447,0.2386462539434433,high_clip_low_dino
00000110_9680f97e69f3c206691b40409f313ad6,00000888_999a4a2c9d97172befd46f327b3d1fbc,0.8590198159217834,0.1509200930595398,high_clip_low_dino
00000708_ab334ffc5f5bb4404e9a350024160e2b,00000802_bb17f176062370a0d99241760f9c007e,0.8632057309150696,0.27749428153038025,high_clip_low_dino
00000000_c48501f605255e9f467253d9b5b96b2d,00000708_ab334ffc5f5bb4404e9a350024160e2b,0.866578221321106,0.2426270693540573,high_clip_low_dino
00000108_9cc1b51873c66dd1ae5286470fe0a470,00000708_ab334ffc5f5bb4404e9a350024160e2b,0.8708118796348572,0.19499437510967255,high_clip_low_dino
00000161_25303d1c63005e21e02b57b2730dc160,00000828_1b9fa7f7406d8efef674418b1d13ca21,0.8549750447273254,0.23829816281795502,high_clip_low_dino
00000224_1d101ffcf7a37a4e587f5e42b4665f25,00000352_4961c5c9f77fc8c97d5ff8f99ea32780,0.8558002710342407,0.2631646394729614,high_clip_low_dino
00000304_b1f53097c139a8f9f10920955485f190,00000331_68c71bc5ad042f0beb39751f14271f94,0.8564819693565369,0.24311234056949615,high_clip_low_dino
00000587_ebeaa391cd7ba574727cbaef216ce404,00000626_b60a49cb61638923ecc780db65419d55,0.11387187242507935,0.9508721828460693,high_dino_low_clip
00000514_93d4c1cad8289a7f033b055590528f18,00000755_207b0fcc5f357e0ec30caef18f1d767d,0.8653778433799744,0.23860111832618713,high_clip_low_dino
00000339_a2087225fed966d40752370ebd61f221,00000547_569155e7ac51249a46b1325c86d6126f,0.8727410435676575,0.1692962646484375,high_clip_low_dino
00000409_c4111bc546a821003423bf61851d7ee3,00000714_1ea38540b988f3fb36539d262a894fce,0.14330828189849854,0.9504640698432922,high_dino_low_clip
00000274_c820ff5756e3c25ce4e1da45df2f888a,00000576_2d4d9a80cd5def4f04d97ae79ef9fc56,0.8534815907478333,0.183059424161911,high_clip_low_dino
00000681_252e3fc2ff1b4a21652279dd3040d5e3,00000831_9c50447123a58b2de3b28e9a2e0ab4c0,0.8561503291130066,0.28568533062934875,high_clip_low_dino
00000209_c384705308194b1f6f7c6277f93c5770,00000844_0df30e719633117bf67795fe5e92c8d0,0.8514721393585205,0.1801549792289734,high_clip_low_dino
00000183_6b64ea3bfe82da3e3a1cd3cfa31493fd,00000262_54db977a2148a01bdad4fd65b965d442,0.8599668741226196,0.29391607642173767,high_clip_low_dino
00000009_18a02be4cf7f0cc5715092d2153778ca,00000133_7210d17197bd3894026296fa01af8065,0.1497713029384613,0.9505292773246765,high_dino_low_clip
00000295_c5f280d746e7a9463ee23aea5f76e32e,00000762_b0263f13ff87c8dbe826b6738964d7d1,0.8669112920761108,0.2980746328830719,high_clip_low_dino
00000143_43c81dc20ba46d2da1db1a8e68f100e8,00000422_36ef225475e0b921c9876cd1bb4849a1,0.8601091504096985,0.26780328154563904,high_clip_low_dino
00000422_36ef225475e0b921c9876cd1bb4849a1,00000763_a1fb225ec1eac2b57f136b3cdcb97cf9,0.8626449108123779,0.2816668748855591,high_clip_low_dino
00000493_f695a0f32d4c01d833ddfb989128af66,00000880_15168d8c121f1ac24e7fda8e6792a675,0.13145695626735687,0.9506175518035889,high_dino_low_clip
00000493_f695a0f32d4c01d833ddfb989128af66,00000862_bb7e3388e697ef2c63e3797f34a2e374,0.13145695626735687,0.9506175518035889,high_dino_low_clip
00000361_2f2dec8d03b34b405e79135c38af9628,00000393_fe6023981ee14a4b4d658112f6ffc84b,0.8584864735603333,0.25421959161758423,high_clip_low_dino
00000708_ab334ffc5f5bb4404e9a350024160e2b,00000961_9fb8db7219f99f8b3a097f43f203f054,0.8833922147750854,0.29364457726478577,high_clip_low_dino
00000378_6c91fd46c446a9da8b04c0782662dded,00000708_ab334ffc5f5bb4404e9a350024160e2b,0.8503953814506531,0.27570149302482605,high_clip_low_dino
00000383_48901392c794aebcf19af77dab1a9307,00000708_ab334ffc5f5bb4404e9a350024160e2b,0.862281084060669,0.2747229337692261,high_clip_low_dino
00000091_b350d031b88d0ebb9343c1cc2564a027,00000725_194d13247b4639066f88169b6a6378be,0.8759990930557251,0.28524643182754517,high_clip_low_dino
00000281_5bf1f764a3f0e03b4b095a114ed2d819,00000910_80b17305e2f5845108e0a022336c37ff,0.855853796005249,0.22564592957496643,high_clip_low_dino
00000736_fdb8365fb6213a7cbe55a0b9c00a5b64,00000795_b519f52afc93d53fd9a67e26e85776ae,0.8565635681152344,0.2787514626979828,high_clip_low_dino
00000060_ee2a121719d6d996fe45d11a86ec6b7e,00000226_548dd659881b1def6f82bbccfbd9b701,0.14926719665527344,0.951636016368866,high_dino_low_clip
00000352_4961c5c9f77fc8c97d5ff8f99ea32780,00000422_36ef225475e0b921c9876cd1bb4849a1,0.8647394180297852,0.23126940429210663,high_clip_low_dino
00000685_d129961ba0044b4120043f760b3488d9,00001023_212dc60631929bb734277b599cbda2bd,0.13941454887390137,0.9513883590698242,high_dino_low_clip
00000422_36ef225475e0b921c9876cd1bb4849a1,00000838_25ca5ebe1635fe4fdeb8bf5ee9c33d8d,0.8562994599342346,0.28558528423309326,high_clip_low_dino
00000552_92bd0b7c0f391d1d0e223fef22b4ed6b,00000917_bbc2ca9104a3a1ac4a1977fd4e643061,0.852276086807251,0.1769685447216034,high_clip_low_dino
00000405_e7215d09e72d0381c5f4323aa81030d0,00000409_c4111bc546a821003423bf61851d7ee3,0.14330828189849854,0.9504640698432922,high_dino_low_clip
00000052_d4bf563b55a8a8771d249e78c69c4661,00000727_1cf6fab50f46b11a4debfe80eaef261c,0.8618131875991821,0.24458371102809906,high_clip_low_dino
00000110_9680f97e69f3c206691b40409f313ad6,00000984_05db71aae96e1e8c76fb23bd5c348384,0.853357195854187,0.2446698099374771,high_clip_low_dino
00000255_5a2d09ae04ebd3b703b980164f15613d,00000688_d41ea68b9ecb4f48f312baff8fbed5b6,0.8528625965118408,0.2700258195400238,high_clip_low_dino
00000009_876e93324774ce883e82496c5ef45235,00000041_887d51c9ced4739442eae0a8ce7a2fa9,0.8530669808387756,0.2405887097120285,high_clip_low_dino
00000125_b18cdbee88cdc70035d94e23d8366b7b,00000422_36ef225475e0b921c9876cd1bb4849a1,0.8600481748580933,0.2561422884464264,high_clip_low_dino
00000041_1acf0bc5b2f5168f502bd564909e3f44,00000918_98002f34889a740fb93b3550b73db673,0.8511430025100708,0.285836398601532,high_clip_low_dino
00000163_f7cac0887f3c5a25414697a2f045da03,00000730_78de4a189b080452c5f06fe56adca661,0.8616831302642822,0.27918222546577454,high_clip_low_dino
00000627_d9fae782c68a014212ed0a975301cf78,00000653_6b736339ac7aaef47c15f0998373fc02,0.8510724902153015,0.2929795980453491,high_clip_low_dino
00000341_b917ca99890f47eac78ce2e487c6d5a9,00000702_2f5ca8c54777c200f9cb37ab1a0f02f9,0.8502681255340576,0.26601651310920715,high_clip_low_dino
00000762_b0263f13ff87c8dbe826b6738964d7d1,00000792_92cd7627b9613dc5138acedaf615f94c,0.8603261709213257,0.24259597063064575,high_clip_low_dino
00000012_6bd20c440c6ce9a1ce16f9b06272962a,00000160_968cba947d1ac01e34b22fb0860cf5fa,0.8696684837341309,0.20748108625411987,high_clip_low_dino
00000186_bf7c09c322ca9833b443d0120fd4af53,00000414_c432a42f3f5e9b50fdebbb8468ba3d88,0.8519803881645203,0.2842337489128113,high_clip_low_dino
00000422_36ef225475e0b921c9876cd1bb4849a1,00000455_a4b8af866347cd382e6889504d5e4cc2,0.8570351600646973,0.23491807281970978,high_clip_low_dino
00000247_1b8c56f6dc74e823d8786883a4f61663,00000422_36ef225475e0b921c9876cd1bb4849a1,0.8778489232063293,0.26152458786964417,high_clip_low_dino
00000245_63f2b5589f03fed1d70eef8d225ffce3,00000409_2e03756617c4ebf348bad0a6c9e358ea,0.8549562692642212,0.2700823247432709,high_clip_low_dino
00000409_2e03756617c4ebf348bad0a6c9e358ea,00000494_7c1b46927190addf554d4bbc56bdd8e6,0.8518408536911011,0.2897632122039795,high_clip_low_dino
00000038_e978bca2bd9629e8a09d26ff87d39a85,00000831_9c50447123a58b2de3b28e9a2e0ab4c0,0.8568567037582397,0.2891439199447632,high_clip_low_dino
00000429_10724aa41fc077c1dcdea4051b99087e,00000493_f695a0f32d4c01d833ddfb989128af66,0.13145695626735687,0.9506175518035889,high_dino_low_clip
00000308_ded0290f211402c976af199fd0915e56,00000956_58f739804d4a31f4a472b0acda7cfe27,0.8556674718856812,0.21371302008628845,high_clip_low_dino
00000493_f695a0f32d4c01d833ddfb989128af66,00000606_6606d3b0c331cb40b4d85529aab53051,0.09298092126846313,0.9564220905303955,high_dino_low_clip
00000495_0a17598530d15e26a03d8fb7aa24d063,00000629_33e2dbb6dc2226c59c6261d8820d65ad,0.8516983389854431,0.273392915725708,high_clip_low_dino
00000000_123b039ca68622c4c4641ea7ac66bbbc,00000873_359f1d6a218d17c58fb024f5f2888843,0.8670281171798706,0.2884955406188965,high_clip_low_dino
00000280_b73455405dc5f1afb955ddbb12269cd9,00000689_3116d822f9008d97b027bd3c5af4f461,0.85431969165802,0.16921822726726532,high_clip_low_dino
00000280_b73455405dc5f1afb955ddbb12269cd9,00000724_a8c4f94cfe2c36f07d5caf5e214fa28e,0.8788818120956421,0.24101248383522034,high_clip_low_dino
00000459_ecb90a95bedf81cf4ad60859c7f99968,00000667_6c5be3453f0791e2e16b38ad03f03bf8,0.8520650863647461,0.2376951277256012,high_clip_low_dino
00000357_a95d5eb3289c256d9d72d012a8f3244e,00000794_7a0eb83adc44fdff18b73c7285dbab17,0.8503177762031555,0.24855516850948334,high_clip_low_dino
00000532_6102251e4d12771b4ce13154549def4b,00000794_7a0eb83adc44fdff18b73c7285dbab17,0.850892186164856,0.2877856492996216,high_clip_low_dino
00000357_a95d5eb3289c256d9d72d012a8f3244e,00001014_1153a2beff83764c9e482504756a46ad,0.8531183004379272,0.22883489727973938,high_clip_low_dino
00000175_466608641cace3c8d246718fdf1042b4,00000823_74faf419a76232e185a32d34c82faac3,0.8547937273979187,0.2861393690109253,high_clip_low_dino
00000625_2dac66f54a7490674e76933ff411a038,00000708_ab334ffc5f5bb4404e9a350024160e2b,0.8553562760353088,0.24967746436595917,high_clip_low_dino
00000552_a1e8600ec346539708c011966163ab49,00000708_ab334ffc5f5bb4404e9a350024160e2b,0.8664371967315674,0.25423574447631836,high_clip_low_dino
00000313_3980fc46b8f6601a29a7776be75791c1,00000708_ab334ffc5f5bb4404e9a350024160e2b,0.8575112819671631,0.2638941705226898,high_clip_low_dino
00000118_494b50f659d889d72f2d431c94c16711,00000747_b6c1c6f6977a103d42d24cf877e0693c,0.8503867983818054,0.274538516998291,high_clip_low_dino
00000008_6c92174683c806973958c3861a8f44ff,00000292_33253bfa312987eae85c0c9b5bef1228,0.8556494116783142,0.27972060441970825,high_clip_low_dino
00000001_3e3ed577b9f00c947d5ac14b84008187,00000008_6c92174683c806973958c3861a8f44ff,0.8554887175559998,0.24254457652568817,high_clip_low_dino
00000001_3e3ed577b9f00c947d5ac14b84008187,00000514_93d4c1cad8289a7f033b055590528f18,0.8732239007949829,0.1734825074672699,high_clip_low_dino
00000287_b204bc04d0ba8f3b88dda6ac897b1e56,00000836_a07d9f50b0a1841cb5794a03f775e439,0.8885509967803955,0.29703494906425476,high_clip_low_dino
00000703_9601c62b0dd449f00585a86a10012897,00001016_5fc49c58961180bfed504b665519c4a6,0.8611289858818054,0.2065829634666443,high_clip_low_dino
00000086_fae08a40aa514ce862a220022b630cfc,00000291_eefff9ce74afe162132c294e0b86dfd3,0.14642634987831116,0.9586061835289001,high_dino_low_clip
00000088_49e894ca04778d803d0c33f30e1a81de,00000887_557614d124c61a317f689c9bb14ddfe5,0.14760726690292358,0.9568122625350952,high_dino_low_clip
00000911_e11e4ef1f39a6b8817bcd2dd31ce068f,00001023_212dc60631929bb734277b599cbda2bd,0.1497052013874054,0.950560986995697,high_dino_low_clip
00000501_47fb585381154bbdbf9e5b7bd9691b65,00000956_58f739804d4a31f4a472b0acda7cfe27,0.8740507960319519,0.2629481554031372,high_clip_low_dino
00000074_fb8742096378efce6fec5603db4ccc6e,00000457_f6c7c4d0c92dea279d20cf8377de75f7,0.856867253780365,0.2926926910877228,high_clip_low_dino
00000457_f6c7c4d0c92dea279d20cf8377de75f7,00000997_48c999e6cf8ffe0caf0f0817986f8469,0.8538596034049988,0.25915518403053284,high_clip_low_dino
00000538_ab0fa3d4eca857c857fe5f73641798e5,00000555_4ba17ad5d0b0edd85957e5df8f823f9e,0.8543549180030823,0.2667393386363983,high_clip_low_dino
00000793_5f221ace8c100f5ed754635e13d1b3ac,00000819_b5bd1a696767c7c31cdc2846fb11ebad,0.13706743717193604,0.9529523253440857,high_dino_low_clip
00000198_95fc65fdabf6212f251d6e6e227c727e,00000264_c90ba592f1311ab94a12146f4037e621,0.8669076561927795,0.22394341230392456,high_clip_low_dino
00000068_ffee53abdd12964bc18daca3a3c29319,00000982_f2b0fb5b42b6f827c8bdfd02574b6ab9,0.8547799587249756,0.2741583287715912,high_clip_low_dino
00000469_7d3019a7b7230a6ac9c672977bab5f12,00000793_118c5759578e7f07002c4d77bf3f3cc8,0.13573451340198517,0.9595096707344055,high_dino_low_clip
00000407_b214c53df58d049de5f3c1c2ef3fa622,00000997_120d024cd0808b2920548e9a0e281f99,0.8656405806541443,0.2517335116863251,high_clip_low_dino
00000081_5838ec423ae2b16f1df9f14d388e48e8,00000422_36ef225475e0b921c9876cd1bb4849a1,0.8534334301948547,0.23146513104438782,high_clip_low_dino
00000908_89687e9512a4d4517123bf0339bbf83e,00000918_88bd2f029f9557bf2382abbbd56501e0,0.8784416913986206,0.29941707849502563,high_clip_low_dino
00000764_ecde174f45b42de100b64f57b0fb4ed4,00000928_a119ccaabfed2344bc91bd99eeee47f0,0.8527095913887024,0.2984914481639862,high_clip_low_dino
00000194_85a85b63c3cb4ada28f8994c3f115380,00000922_6ac60ac90ffb24cfb5bdf4edf2c2aac2,0.14696963131427765,0.9540356397628784,high_dino_low_clip
00000407_b214c53df58d049de5f3c1c2ef3fa622,00000526_e4cc8c737734dc597e108af438965ea3,0.8542250990867615,0.2720242142677307,high_clip_low_dino
00000065_e9c4714e3986e80d2c3e66a64fdcfac1,00000281_5bf1f764a3f0e03b4b095a114ed2d819,0.8598424196243286,0.21043729782104492,high_clip_low_dino
00000500_eb1c2cb2f2310cf089166e39bc492138,00000699_97fd621312e6d013cfb9ea5f6d6c3fc6,0.12208060175180435,0.9502913355827332,high_dino_low_clip
00000153_d8c7f2292a3997cd9ce288e87383af95,00000617_d215d06798149bf437caa39d072848d4,0.8692147135734558,0.28447479009628296,high_clip_low_dino
00000282_d2823ff58733d886ee832ac36389567e,00000425_6e9eb71c0d7bb08f772d001f2d574191,0.8511765599250793,0.10491390526294708,high_clip_low_dino
00000012_3b1130099bc448db8730b81ef85bb476,00000281_5bf1f764a3f0e03b4b095a114ed2d819,0.8613534569740295,0.20894522964954376,high_clip_low_dino
00000012_3b1130099bc448db8730b81ef85bb476,00000831_9c50447123a58b2de3b28e9a2e0ab4c0,0.8511492609977722,0.25071460008621216,high_clip_low_dino
00000089_6423daba3daa4a3424abd8469a9f03fe,00000214_6f6e4be6467d7ce0640174127e5de7f1,0.8556560277938843,0.29411619901657104,high_clip_low_dino
00000393_fe6023981ee14a4b4d658112f6ffc84b,00000737_79d4d79e28e93ba4caa12ddc30f5077f,0.864609956741333,0.2049669474363327,high_clip_low_dino
00000068_ffee53abdd12964bc18daca3a3c29319,00000629_33e2dbb6dc2226c59c6261d8820d65ad,0.8532710671424866,0.24353887140750885,high_clip_low_dino
00000175_60635ba01e6cdf90f70cb4a00339b4c8,00000493_f695a0f32d4c01d833ddfb989128af66,0.13145695626735687,0.9506175518035889,high_dino_low_clip
00000140_cb69e44866259e7a448d12ab5867f1ef,00000493_f695a0f32d4c01d833ddfb989128af66,0.13145695626735687,0.9506175518035889,high_dino_low_clip
00000222_bdc1caf319662d22d1a77f6dc48d9b6f,00000409_a996ce607b0a160f73ace03149049659,0.10767688602209091,0.9501753449440002,high_dino_low_clip
00000409_c4111bc546a821003423bf61851d7ee3,00000884_26c3e3149705cb2383c4b72cd117cfaf,0.14330828189849854,0.9504640698432922,high_dino_low_clip
00000356_9c529727be7c57f123c7ae3e090242a4,00000442_63d366e74c3ec9ded9a10dcf4569ee2c,0.8910441994667053,0.2994738519191742,high_clip_low_dino
00000170_fb85eaa720ada999371bc6f444a48190,00000404_7047eae84bbed07ab34d8da4b891e38f,0.8532046675682068,0.1617536097764969,high_clip_low_dino
00000068_ffee53abdd12964bc18daca3a3c29319,00000848_c83f31be76146a094bc46e458a66cecf,0.8546434640884399,0.2929726243019104,high_clip_low_dino
00000149_43aa458815e011b078b807fba7fb7b4a,00000873_359f1d6a218d17c58fb024f5f2888843,0.8655175566673279,0.2895708978176117,high_clip_low_dino
00000038_e978bca2bd9629e8a09d26ff87d39a85,00000860_56c11b30ddb51301f78e9aa587ee0528,0.856438934803009,0.29351550340652466,high_clip_low_dino
00000561_887a1858e7969341c1b5bc664bb6609b,00000576_d3d5af6baf41424978667d332399a49c,0.13763970136642456,0.9574328064918518,high_dino_low_clip
00000557_937a47bf24b41e9bb361431646054ee2,00000873_359f1d6a218d17c58fb024f5f2888843,0.8564491868019104,0.26671722531318665,high_clip_low_dino
00000205_ac4e47036edc3d21edec4d07c671f441,00000789_91f86ef349cf4b626abb40542349850d,0.8523503541946411,0.2628166973590851,high_clip_low_dino
00000380_eb6b0052d1afc84b9185a91e2e903f72,00000708_ab334ffc5f5bb4404e9a350024160e2b,0.870947003364563,0.239900603890419,high_clip_low_dino
00000205_ac4e47036edc3d21edec4d07c671f441,00000708_ab334ffc5f5bb4404e9a350024160e2b,0.8597079515457153,0.1449013352394104,high_clip_low_dino
00000463_9de92cc0d1f8b3fbf0b3802611752518,00000708_ab334ffc5f5bb4404e9a350024160e2b,0.8561683297157288,0.2818155884742737,high_clip_low_dino
00000090_8d71f8af9c996750069580e0bbdf7205,00000412_0689edd16e6a89a764ea33b267132ada,0.13537538051605225,0.9507083296775818,high_dino_low_clip
00000422_36ef225475e0b921c9876cd1bb4849a1,00000520_414bd659dfe45cf5c4dd03975e529689,0.8680869340896606,0.2633245289325714,high_clip_low_dino
00000000_123b039ca68622c4c4641ea7ac66bbbc,00000845_47d67dfa5c0aee6f87d237f129ba66b8,0.8719361424446106,0.2959716320037842,high_clip_low_dino
00000624_d50a64d8874ef3c5ef6dc4ba7d7062af,00000651_8af2656be7ff3bca4e468d066d8470e2,0.8551138043403625,0.29386958479881287,high_clip_low_dino
00000245_63f2b5589f03fed1d70eef8d225ffce3,00000457_3cbef0f3f18679fbfd9df81efce97767,0.8752788305282593,0.2949376404285431,high_clip_low_dino
00000214_6f6e4be6467d7ce0640174127e5de7f1,00000983_d95272fa24dbfef1d3f74ff40718921f,0.8624523282051086,0.2866050601005554,high_clip_low_dino
00000073_1cf46816436777f9a6d6481995328126,00000409_2e03756617c4ebf348bad0a6c9e358ea,0.8560714721679688,0.28498879075050354,high_clip_low_dino
00000894_3ba4261095cc2573211eb0479bb7d8af,00001021_c1c84c9e971bf926d30f4a91476dc74c,0.8577031493186951,0.20290794968605042,high_clip_low_dino
00000422_36ef225475e0b921c9876cd1bb4849a1,00000451_ada4b71ad5cce66ec9abf2d353f748a7,0.8784946203231812,0.24119006097316742,high_clip_low_dino
00000730_78de4a189b080452c5f06fe56adca661,00000997_120d024cd0808b2920548e9a0e281f99,0.8699092864990234,0.2041737288236618,high_clip_low_dino
00000904_573cee2d8ba12c86f71ca27049a1faa0,00000985_bd6a8d348ffa5ad662f0ba22a9f77788,0.859626054763794,0.17338284850120544,high_clip_low_dino
00000170_fb85eaa720ada999371bc6f444a48190,00000746_48018d8747320521c90a59e0748ca3bd,0.8519155979156494,0.20623619854450226,high_clip_low_dino
00000523_fbce968f3cc4e09a774234a65a87d0b7,00000692_99c8427da7c4682cfe12391afc0c1229,0.8513713479042053,0.264923095703125,high_clip_low_dino
00000148_414ed40999baca1510d499309e6613eb,00000873_359f1d6a218d17c58fb024f5f2888843,0.8524290919303894,0.2948700487613678,high_clip_low_dino
00000410_05584c2e145b74a0e5301973bd30f7b1,00000757_9e693c6acfa4e28d105bc840e60d3a82,0.8726906776428223,0.27715665102005005,high_clip_low_dino
00000030_3f8e8999fc3a97309707aa2915aad2ef,00000960_171b4c26db33428e1168e177e33d862f,0.8739721775054932,0.17925819754600525,high_clip_low_dino
00000422_36ef225475e0b921c9876cd1bb4849a1,00000782_a83d1bf21de78720b0a04b0dccc3a77a,0.8545963764190674,0.2317008376121521,high_clip_low_dino
00000038_e978bca2bd9629e8a09d26ff87d39a85,00000883_24a2032b456d5589d593dd7d4be55e42,0.8749176263809204,0.2828437089920044,high_clip_low_dino
00000596_00b45c338efcf66e7e2f6a13425c76fc,00000996_e3bbb536eeb5e035e9f48e1f8d29a662,0.11459022760391235,0.9504891633987427,high_dino_low_clip
00000175_ae92068553de5d06fc80db544d462f62,00000529_8164106a0180e2a89efd56cb9035cbcb,0.8557185530662537,0.2562239468097687,high_clip_low_dino
00000307_3836092087efbb42daa9e648682d6606,00000486_9b564300ee344395f881f3c42cc2ea2a,0.8575377464294434,0.2565104067325592,high_clip_low_dino
00000445_323c52413a0c6f04bb35d989f3ca2e3c,00000457_f6c7c4d0c92dea279d20cf8377de75f7,0.8580817580223083,0.19488169252872467,high_clip_low_dino
00000091_d6fbbd7e0008b96ccd1e303504d7c5b5,00000425_6e9eb71c0d7bb08f772d001f2d574191,0.8533716797828674,0.2471068799495697,high_clip_low_dino
00000708_ab334ffc5f5bb4404e9a350024160e2b,00000753_c15556bba5a37d4093563b09918aef00,0.8607653975486755,0.2861596643924713,high_clip_low_dino
00000254_f9402957d0f3ef76808ba70709f747c8,00000543_5dfbf0270c64f6dff85192257bc692a6,0.8814806938171387,0.2865654528141022,high_clip_low_dino
00000457_f6c7c4d0c92dea279d20cf8377de75f7,00000582_9a8c7c9cee0777881cac859877430362,0.873552143573761,0.28212055563926697,high_clip_low_dino
00000582_9a8c7c9cee0777881cac859877430362,00000692_99c8427da7c4682cfe12391afc0c1229,0.8715646862983704,0.2786884307861328,high_clip_low_dino
00000582_9a8c7c9cee0777881cac859877430362,00000708_ab334ffc5f5bb4404e9a350024160e2b,0.8922759294509888,0.28640976548194885,high_clip_low_dino
00000046_c8262676759fb8721c711c3e6b3d36da,00000888_999a4a2c9d97172befd46f327b3d1fbc,0.8515061736106873,0.28558793663978577,high_clip_low_dino
00000567_9f818011d748896444bc0056aa4c963c,00000793_5f221ace8c100f5ed754635e13d1b3ac,0.13706743717193604,0.9529523253440857,high_dino_low_clip
00000393_fe6023981ee14a4b4d658112f6ffc84b,00000688_d41ea68b9ecb4f48f312baff8fbed5b6,0.8654094934463501,0.17611314356327057,high_clip_low_dino
00000076_67ce2ef58ba96a1958d339bfc0a6522a,00000782_af4048d2e4601d63666bdd760dcfb509,0.8524916172027588,0.2216721773147583,high_clip_low_dino
00000295_c5f280d746e7a9463ee23aea5f76e32e,00001021_d4dccb1f026651c46ec18bc66f0682ae,0.8648870587348938,0.24764083325862885,high_clip_low_dino
00000692_99c8427da7c4682cfe12391afc0c1229,00000823_0257df68a051422f7f51e86222311e0f,0.8514516949653625,0.17872966825962067,high_clip_low_dino
00000255_5a2d09ae04ebd3b703b980164f15613d,00000304_022eacd3c6e353ac763d11c3b9851765,0.8578424453735352,0.2908969521522522,high_clip_low_dino
00000231_aa669dd18d83e75231ff7ee3e629142b,00000421_6708ef07784a859787b09e49eb5ac157,0.8616828918457031,0.2874724864959717,high_clip_low_dino
00000738_769e495276a2365eeae79e7ec3f64add,00001023_479189e1e051e681645d118613c67ef4,0.8573650121688843,0.26001858711242676,high_clip_low_dino
00000677_5ec2986801a0b8996df5400d96a05970,00000893_c04aa0b2dedc449f5f0a96779e430a45,0.8553277850151062,0.2374209612607956,high_clip_low_dino
00000088_ade997b318f60dd03981c692c0ac1221,00000729_4b2bdd47742b5644f468410cf8c7089f,0.8568271994590759,0.26220446825027466,high_clip_low_dino
00000159_cd6337e06364def34f855cccb87d07eb,00000956_efedc839b9f7812361dcaa0bf0e02467,0.8632758855819702,0.282956600189209,high_clip_low_dino
00000750_dc6e1e7a617b2009fbe25fecb63628a4,00000918_98002f34889a740fb93b3550b73db673,0.8756065964698792,0.2911987006664276,high_clip_low_dino
00000223_a76db565da6fca3bbe68ea352c1fb2f4,00000918_98002f34889a740fb93b3550b73db673,0.8512169122695923,0.2996883988380432,high_clip_low_dino
00000812_b6a265f8a273b546bf323d08c15b0835,00000960_171b4c26db33428e1168e177e33d862f,0.8514798283576965,0.2752034068107605,high_clip_low_dino
00000058_f8e6977f386f31a0347d81ec907f2581,00000844_0df30e719633117bf67795fe5e92c8d0,0.8718124032020569,0.2714138925075531,high_clip_low_dino
00000058_f8e6977f386f31a0347d81ec907f2581,00000960_171b4c26db33428e1168e177e33d862f,0.8749130368232727,0.2038653939962387,high_clip_low_dino
00000012_6bd20c440c6ce9a1ce16f9b06272962a,00000183_6b64ea3bfe82da3e3a1cd3cfa31493fd,0.866007387638092,0.2883405387401581,high_clip_low_dino
00000506_1d82817f790ec3e88912d59580159fdc,00000918_88bd2f029f9557bf2382abbbd56501e0,0.861128032207489,0.2681027054786682,high_clip_low_dino
00000531_407b4b10ab32c68aa75817b364dc1d86,00000624_d50a64d8874ef3c5ef6dc4ba7d7062af,0.8681862950325012,0.24609066545963287,high_clip_low_dino
00000000_c48501f605255e9f467253d9b5b96b2d,00001014_1153a2beff83764c9e482504756a46ad,0.8658166527748108,0.2994033694267273,high_clip_low_dino
00000454_cc3a371d1f97e13883df3cc1577d14c9,00000721_456c3659072875eb180e475b25258624,0.8536317348480225,0.23720376193523407,high_clip_low_dino
00000280_e132750f7de504377c549fd90e2555da,00000960_171b4c26db33428e1168e177e33d862f,0.852087140083313,0.19924962520599365,high_clip_low_dino
00000228_6bcf0cf8faa0d2678141bace3e915a17,00000960_171b4c26db33428e1168e177e33d862f,0.8570431470870972,0.1457396000623703,high_clip_low_dino
00000457_f6c7c4d0c92dea279d20cf8377de75f7,00000682_0764a1ac140e1228928cf8e4eec310ff,0.8702806830406189,0.2724018096923828,high_clip_low_dino
00000096_c4dc56166692e1c027c3015ddd0c6612,00000457_f6c7c4d0c92dea279d20cf8377de75f7,0.8616969585418701,0.2641043961048126,high_clip_low_dino
00000134_324b4cf0a99c63cffca51e0765321854,00000457_f6c7c4d0c92dea279d20cf8377de75f7,0.8507638573646545,0.2397477924823761,high_clip_low_dino
00000012_6bd20c440c6ce9a1ce16f9b06272962a,00000134_324b4cf0a99c63cffca51e0765321854,0.875089168548584,0.2925858795642853,high_clip_low_dino
00000286_ff323f5a88358f288d835fa36450fbf0,00000457_f6c7c4d0c92dea279d20cf8377de75f7,0.878392219543457,0.28565382957458496,high_clip_low_dino
00000557_937a47bf24b41e9bb361431646054ee2,00000939_77eb12baec8f172b9bf35e267f51dc3a,0.8518049716949463,0.23333066701889038,high_clip_low_dino
00000533_407e6830405e611475ff1040f01e33b3,00000928_adf83b94e5e50c45a4daa630334d16bc,0.867897093296051,0.26984861493110657,high_clip_low_dino
00000403_97563b7208b30c076c24c439d1f4a894,00000714_d031bf591a61d1f4997766ddf0409c43,0.8702033758163452,0.2944345474243164,high_clip_low_dino
00000223_3be14e690255d3a5c3034dd45d17fb78,00000714_d031bf591a61d1f4997766ddf0409c43,0.8516305685043335,0.27995651960372925,high_clip_low_dino
00000175_466608641cace3c8d246718fdf1042b4,00000223_3be14e690255d3a5c3034dd45d17fb78,0.8535957932472229,0.24996547400951385,high_clip_low_dino
00000311_e421972945ccb22a24481362c7664119,00000531_407b4b10ab32c68aa75817b364dc1d86,0.8509933352470398,0.22179442644119263,high_clip_low_dino
00000400_50fd996dc6820437cbc1f79b8de90639,00000997_ba2c8b2c8259b55955a0cb455879bcbf,0.8646122217178345,0.27278631925582886,high_clip_low_dino
00000117_b71e8fb7c8186fa475d7e40bc584b6d6,00000581_87b9822f7262a74f24b9d83a5e89853f,0.8732600808143616,0.29648956656455994,high_clip_low_dino
00000742_153edfc8684a0e83ffb3044d056aaf59,00000883_24a2032b456d5589d593dd7d4be55e42,0.8696935772895813,0.2388448715209961,high_clip_low_dino
00000557_937a47bf24b41e9bb361431646054ee2,00000888_999a4a2c9d97172befd46f327b3d1fbc,0.8516880869865417,0.14360374212265015,high_clip_low_dino
00000117_9eb4a73809bf1311fb713a6d1a3e2772,00000888_999a4a2c9d97172befd46f327b3d1fbc,0.8572592735290527,0.27836111187934875,high_clip_low_dino
00000748_c9654fd69f27f53a70538459ea07560e,00000888_999a4a2c9d97172befd46f327b3d1fbc,0.8562173843383789,0.21256692707538605,high_clip_low_dino
00000040_56953a6925c2c4351891cc923ec49025,00000393_fe6023981ee14a4b4d658112f6ffc84b,0.8579749464988708,0.2566291093826294,high_clip_low_dino
00000248_f97bd4773e7c91b68726523a6bd8b2c9,00000395_9c720a27366f96113538fa046d7be474,0.8630836606025696,0.2863501310348511,high_clip_low_dino
00000117_b71e8fb7c8186fa475d7e40bc584b6d6,00000238_d0ec72f137ec5dbae6aa103e5149797a,0.850834310054779,0.294563353061676,high_clip_low_dino
00000422_36ef225475e0b921c9876cd1bb4849a1,00000912_2cfe6a54a8b8333f174e43390ce405ea,0.8512713313102722,0.23417194187641144,high_clip_low_dino
00000310_e8ee34b3dbbba109ad5a5b842173e464,00000581_16306fb1d5b7cec9fe8a295405060147,0.8506211638450623,0.27347031235694885,high_clip_low_dino
00000588_e159002ab6a33f82ef4093305f74b3ff,00000708_ab334ffc5f5bb4404e9a350024160e2b,0.8865495324134827,0.24460117518901825,high_clip_low_dino
00000557_937a47bf24b41e9bb361431646054ee2,00000708_ab334ffc5f5bb4404e9a350024160e2b,0.8559738993644714,0.14901292324066162,high_clip_low_dino
00000393_cec9ff9d3ca1cb8b9a3de666597b579c,00000708_ab334ffc5f5bb4404e9a350024160e2b,0.8527299761772156,0.216345876455307,high_clip_low_dino
00000557_937a47bf24b41e9bb361431646054ee2,00000984_05db71aae96e1e8c76fb23bd5c348384,0.8524702191352844,0.23617735505104065,high_clip_low_dino
00000030_8e9903a1b73050e1731b0ec96b7c5f3e,00000204_61ebcc4e3fbdc838b234710e2e5a30c6,0.861328661441803,0.22447602450847626,high_clip_low_dino
00000157_46005822a7c02a72eda89db22a41898f,00000356_9c529727be7c57f123c7ae3e090242a4,0.8661208152770996,0.25064679980278015,high_clip_low_dino
00000228_6bcf0cf8faa0d2678141bace3e915a17,00000280_b73455405dc5f1afb955ddbb12269cd9,0.8549004793167114,0.1935960203409195,high_clip_low_dino
00000457_f6c7c4d0c92dea279d20cf8377de75f7,00000858_2d3484a4e7080e5acd2b31492737a8e5,0.8902363181114197,0.24451273679733276,high_clip_low_dino
00000160_275e648fb912dfdef1ec82b3f5089a21,00000295_c5f280d746e7a9463ee23aea5f76e32e,0.8839799761772156,0.2956000864505768,high_clip_low_dino
00000172_95425313a48e3124f5bd6da7ffd5f85e,00000794_7a0eb83adc44fdff18b73c7285dbab17,0.867522120475769,0.2565564215183258,high_clip_low_dino
00000092_5babe238d491e0692edfe820782290a7,00000501_c2e5d7c0d2bc7da06ba3f8de8ac0ec3d,0.8514921069145203,0.2666250765323639,high_clip_low_dino
00000620_8e2f70e1e03e3c64bfa6a9108ff9df0f,00000807_97e9c4a8f22841521a3757ceb49a23b5,0.13892243802547455,0.9521795511245728,high_dino_low_clip
00000117_b71e8fb7c8186fa475d7e40bc584b6d6,00000368_f664d007a4784c85b2fb40dbabffef7b,0.8520420789718628,0.28552383184432983,high_clip_low_dino
00000682_0764a1ac140e1228928cf8e4eec310ff,00000708_ab334ffc5f5bb4404e9a350024160e2b,0.8766114711761475,0.2741296589374542,high_clip_low_dino
00000708_ab334ffc5f5bb4404e9a350024160e2b,00000844_1f8203f9bfa55390526286c98e322bb7,0.8667058944702148,0.2730584740638733,high_clip_low_dino
00000380_3b7fdda6d4b0d3c666355bf2f1b2e6f8,00000708_ab334ffc5f5bb4404e9a350024160e2b,0.8538424372673035,0.2618929445743561,high_clip_low_dino
00000409_a996ce607b0a160f73ace03149049659,00000779_100cfe567a5a2f0c1fdf2c831ec705f4,0.12823863327503204,0.9511328339576721,high_dino_low_clip
00000108_9cc1b51873c66dd1ae5286470fe0a470,00000797_682e9d4b9a6d9c709f9ae7db2986ffd4,0.8647714257240295,0.28948622941970825,high_clip_low_dino
00000033_638ccf866cf119083a5357855160640a,00000493_f695a0f32d4c01d833ddfb989128af66,0.13145695626735687,0.9506175518035889,high_dino_low_clip
00000086_fae08a40aa514ce862a220022b630cfc,00000493_f695a0f32d4c01d833ddfb989128af66,0.12072779983282089,0.966922402381897,high_dino_low_clip
00000449_18f8fe1ea9d547ab87cee3792f161b7a,00000873_359f1d6a218d17c58fb024f5f2888843,0.8622599244117737,0.287270724773407,high_clip_low_dino
00000070_fafa2516c3f454daa1b3a0679e50668c,00000262_54db977a2148a01bdad4fd65b965d442,0.8532651662826538,0.2117430418729782,high_clip_low_dino
00000345_cf257570096dee0f734bd597ab88745a,00000493_f695a0f32d4c01d833ddfb989128af66,0.13145695626735687,0.9506175518035889,high_dino_low_clip
00000030_3f8e8999fc3a97309707aa2915aad2ef,00000247_32466aba3880f9ceeea210ccf8a58a48,0.8559732437133789,0.2206634134054184,high_clip_low_dino
00000172_95425313a48e3124f5bd6da7ffd5f85e,00000730_78de4a189b080452c5f06fe56adca661,0.8544421195983887,0.24781106412410736,high_clip_low_dino
00000783_47f1fb60c80b4041f675fca6d87faf86,00000792_05695df38189eed0aaf7b2ee234c5fc3,0.8534137010574341,0.25743037462234497,high_clip_low_dino
00000262_54db977a2148a01bdad4fd65b965d442,00000793_07e7a61d77efa34dd7539da63d6b899a,0.8632689118385315,0.27019479870796204,high_clip_low_dino
00000146_4e2ce4ce466f74c61837f6a480e9100a,00000709_e3a3be9305610f81b3c0c311069f3f46,0.8628745675086975,0.22869019210338593,high_clip_low_dino
00000006_49a4832f5e2241b0991a30d26ee3ec11,00000918_98002f34889a740fb93b3550b73db673,0.8569141626358032,0.2928618788719177,high_clip_low_dino
00000295_c5f280d746e7a9463ee23aea5f76e32e,00000697_dfffa4298b3790a46d43ab9135a98588,0.8552476167678833,0.1600853055715561,high_clip_low_dino
00000295_c5f280d746e7a9463ee23aea5f76e32e,00000342_e58665e5801c720d76b8bfee3cf7d646,0.8689245581626892,0.29799333214759827,high_clip_low_dino
00000442_63d366e74c3ec9ded9a10dcf4569ee2c,00000807_4c55944e25c2683c44e190462ddb2be5,0.8559213280677795,0.1375236213207245,high_clip_low_dino
00000426_f5867da5209bb2b2f4c13dc849657308,00000799_b0fe86c513b84f65d24ef377053cb4be,0.8580322861671448,0.26350459456443787,high_clip_low_dino
00000110_fe6a1f6e7b9902793c8b25400601bc6e,00000736_8a5f39e3c61cf87974fc8dc8c9dce538,0.14985063672065735,0.956203281879425,high_dino_low_clip
00000352_4c0dcc3f92fa7c775c676a03233c3c93,00000782_af4048d2e4601d63666bdd760dcfb509,0.8564347624778748,0.2852897644042969,high_clip_low_dino
00000400_50fd996dc6820437cbc1f79b8de90639,00000474_71665903c6dcf92fdc3e13bf26056325,0.8600106239318848,0.29744255542755127,high_clip_low_dino
00000918_88bd2f029f9557bf2382abbbd56501e0,00001021_c1c84c9e971bf926d30f4a91476dc74c,0.870219886302948,0.2670496702194214,high_clip_low_dino
00000793_07e7a61d77efa34dd7539da63d6b899a,00000956_58f739804d4a31f4a472b0acda7cfe27,0.8681171536445618,0.27421995997428894,high_clip_low_dino
00000065_f924343a5b54799acce3772a71b1c109,00000422_36ef225475e0b921c9876cd1bb4849a1,0.856586754322052,0.24983501434326172,high_clip_low_dino
00000422_36ef225475e0b921c9876cd1bb4849a1,00000488_0414a951157a7c026a610a96d463807c,0.8602165579795837,0.24975541234016418,high_clip_low_dino
00000308_ded0290f211402c976af199fd0915e56,00000706_37a4c471f2fb7a1620c00fde6af2d7e8,0.8692803978919983,0.28248587250709534,high_clip_low_dino
00000371_7081c92322aa1dcdf5d242a318b2ea36,00001022_d9edf8bf86da9851bbfa23d2fce3d324,0.8664256930351257,0.2746312618255615,high_clip_low_dino
00000329_3e96b304c3ae655c65dc881f75d267c7,00000574_a22bbfce79b4939bf7b9a789a2f37e0b,0.8539310693740845,0.17116346955299377,high_clip_low_dino
00000393_fe6023981ee14a4b4d658112f6ffc84b,00000449_18f8fe1ea9d547ab87cee3792f161b7a,0.8636280298233032,0.18811598420143127,high_clip_low_dino
00000126_4ff95e00915be5fba2e45d6447c92c2b,00000665_6d2e1667c5aab76aa5c5f1dc35e8c987,0.8544025421142578,0.2667732536792755,high_clip_low_dino
00000708_ab334ffc5f5bb4404e9a350024160e2b,00000886_6434e4ad7b4da7d053af9166291e831b,0.8564001321792603,0.28382518887519836,high_clip_low_dino
00000000_123b039ca68622c4c4641ea7ac66bbbc,00000708_ab334ffc5f5bb4404e9a350024160e2b,0.8718064427375793,0.16469502449035645,high_clip_low_dino
00000688_d41ea68b9ecb4f48f312baff8fbed5b6,00000708_ab334ffc5f5bb4404e9a350024160e2b,0.8600947260856628,0.18274341523647308,high_clip_low_dino
00000270_47b1d0657034f93747c72ce428c66d93,00000531_407b4b10ab32c68aa75817b364dc1d86,0.8514060378074646,0.21250097453594208,high_clip_low_dino
00000531_407b4b10ab32c68aa75817b364dc1d86,00000869_e4e90ad813e0958fe7e91f62763e1498,0.8510310649871826,0.057352617383003235,high_clip_low_dino
00000247_1b8c56f6dc74e823d8786883a4f61663,00000803_32ea105579af1364485344b84e8ce818,0.855771005153656,0.26243704557418823,high_clip_low_dino
00000924_8b0083eff0f11cc03305af05c6a74697,00001010_d2f2a3a6ebbda4413179f0ddb36552bd,0.1439279168844223,0.9523378610610962,high_dino_low_clip
00000393_fe6023981ee14a4b4d658112f6ffc84b,00000977_5334e7b77c03133d77fe9721927a1619,0.8564256429672241,0.27346453070640564,high_clip_low_dino
00000236_da62b4f65d7df657c5bd357924a306b6,00000732_b3ef4a860234ae1e2cd143ed172b3eb6,0.8546903133392334,0.24154016375541687,high_clip_low_dino
00000205_ac4e47036edc3d21edec4d07c671f441,00000956_58f739804d4a31f4a472b0acda7cfe27,0.8624022603034973,0.17883214354515076,high_clip_low_dino
00000163_f7cac0887f3c5a25414697a2f045da03,00000956_58f739804d4a31f4a472b0acda7cfe27,0.8763687610626221,0.28800663352012634,high_clip_low_dino
00000284_c57a230db6a37e266e2fc0b7adf13161,00000795_b519f52afc93d53fd9a67e26e85776ae,0.8507673144340515,0.2748247981071472,high_clip_low_dino
00000128_2fd9df5f514d376389b2694e11753ac8,00000850_62796e12643f80588a2d0fccac110832,0.8500117659568787,0.2609022855758667,high_clip_low_dino
00000292_33253bfa312987eae85c0c9b5bef1228,00000458_4ef13ade88184885400c86a2444819b5,0.8559277653694153,0.20374758541584015,high_clip_low_dino
00000851_f585c621488cf96ccc037520ad2e8524,00000918_98002f34889a740fb93b3550b73db673,0.8696062564849854,0.2652294635772705,high_clip_low_dino
00000762_052075a579359e5e10ec33e6a870a305,00000987_dc5a588f31e74f62be243ae4d763defa,0.8539066910743713,0.2909485399723053,high_clip_low_dino
00000522_d08dfe69650bfae64385e947fa48c572,00000831_6e0aef4d9282f7573e369a564ce631b8,0.8506704568862915,0.2736107409000397,high_clip_low_dino
00000264_4d49fe9bcd2a22a73f924cc34194d6c7,00000690_2341b99d2f35d603336beeeb9f8d722f,0.8501248955726624,0.2529398202896118,high_clip_low_dino
00000159_6ffff13fea0a67fa2f60a05f7c984b36,00000603_92b2fb57974676169682586abdf7724f,0.8645006418228149,0.1996273547410965,high_clip_low_dino
00000393_fe6023981ee14a4b4d658112f6ffc84b,00000601_bb6264c577bc71739c0150f10dc2b176,0.8626715540885925,0.26188501715660095,high_clip_low_dino
00000040_56953a6925c2c4351891cc923ec49025,00000236_56dd9816ceb7c0adc372158ac96ce7b9,0.8526875376701355,0.2997957766056061,high_clip_low_dino
00000020_89780a75541157eed20561157a69281c,00000500_b4d2013e67a440044e9265b2a308740b,0.8508368730545044,0.28800126910209656,high_clip_low_dino
00000422_36ef225475e0b921c9876cd1bb4849a1,00000738_6ada3af53bb94223e90abfcdc2375b78,0.8586502075195312,0.26795923709869385,high_clip_low_dino
00000629_8191e7cea8223cd996844f84a1d6ebc2,00000843_e1701204b686bc7bf1443d3c8f1b7cc9,0.13382641971111298,0.9529491662979126,high_dino_low_clip
00000003_237600f8b975eaacb70969a9a70b34b8,00000475_e14f7f3d4e4facb36cda0dec9a0c337e,0.8787887692451477,0.28268980979919434,high_clip_low_dino
00000070_8223debe34d07fa9d920069b318f4e45,00001014_1153a2beff83764c9e482504756a46ad,0.8540586829185486,0.20916450023651123,high_clip_low_dino
00000110_9680f97e69f3c206691b40409f313ad6,00000845_47d67dfa5c0aee6f87d237f129ba66b8,0.8530861139297485,0.2845020890235901,high_clip_low_dino
00000463_1e2e25ca9797f0244932077f604ad779,00000845_47d67dfa5c0aee6f87d237f129ba66b8,0.8575603365898132,0.2931249737739563,high_clip_low_dino
00000242_838588f119a6faf43300051329936d30,00000783_23918dc8de4da5cbe13885b8fe062dde,0.8658838868141174,0.2701663374900818,high_clip_low_dino
00000023_8d47011836c9b0fe03401b53d3be27e6,00000529_8164106a0180e2a89efd56cb9035cbcb,0.8505779504776001,0.2060815393924713,high_clip_low_dino
00000459_ecb90a95bedf81cf4ad60859c7f99968,00000588_e159002ab6a33f82ef4093305f74b3ff,0.8569263219833374,0.24832671880722046,high_clip_low_dino
00000363_bd95a2ed550ac2dacbbf9ebf52608fd4,00000702_2f5ca8c54777c200f9cb37ab1a0f02f9,0.8695384860038757,0.27572375535964966,high_clip_low_dino
00000518_b55ef165fb112ff4ba99e70cd89452c3,00001017_324417e7afcff059da0b44e23f8f8fa5,0.8536382913589478,0.2893628180027008,high_clip_low_dino
00000148_414ed40999baca1510d499309e6613eb,00000939_77eb12baec8f172b9bf35e267f51dc3a,0.8574297428131104,0.2712494730949402,high_clip_low_dino
00000597_3d01f09a7b66ec410dda8a791edb691d,00000708_ab334ffc5f5bb4404e9a350024160e2b,0.8730018734931946,0.2630470097064972,high_clip_low_dino
00000708_ab334ffc5f5bb4404e9a350024160e2b,00000771_cbb4c915790bfcbb95e77eaa4656c3a6,0.8632625341415405,0.2768198251724243,high_clip_low_dino
00000125_b18cdbee88cdc70035d94e23d8366b7b,00000531_407b4b10ab32c68aa75817b364dc1d86,0.8523080348968506,0.22694459557533264,high_clip_low_dino
00000223_a76db565da6fca3bbe68ea352c1fb2f4,00000422_36ef225475e0b921c9876cd1bb4849a1,0.8610719442367554,0.25950706005096436,high_clip_low_dino
00000067_2539cf9476b35846e87696af7952d71d,00000331_68c71bc5ad042f0beb39751f14271f94,0.8636424541473389,0.13159364461898804,high_clip_low_dino
00000410_a8e539afb965586cdf9a657e05f6c4da,00000448_81a967039c940554068c52498fbbba3a,0.8615663647651672,0.26327621936798096,high_clip_low_dino
00000249_219ebb9b8dbdb8634b3ac32572fb2b1a,00000449_95ae9238946b5a6d37a424d43502c9cc,0.8539608120918274,0.2872488796710968,high_clip_low_dino
00000167_1891c22a0df971ec2046347a36e34ddf,00000547_569155e7ac51249a46b1325c86d6126f,0.8588765859603882,0.19544751942157745,high_clip_low_dino
00000030_3f8e8999fc3a97309707aa2915aad2ef,00000547_569155e7ac51249a46b1325c86d6126f,0.8522480726242065,0.21027933061122894,high_clip_low_dino
00000085_c8498f557cfad49691f485de6630c6c9,00000873_3f5e81d74e25635c73742355b3ba124c,0.8684688210487366,0.2981998026371002,high_clip_low_dino
00000873_3f5e81d74e25635c73742355b3ba124c,00000923_9bc8dacfff4148580f2e41969a8e9f78,0.8681577444076538,0.29296445846557617,high_clip_low_dino
00000198_95fc65fdabf6212f251d6e6e227c727e,00000990_8324156f3aa8506701b13e4753315394,0.8520020246505737,0.26242223381996155,high_clip_low_dino
00000409_a996ce607b0a160f73ace03149049659,00000932_1873992da316191f25b9854c95ec0d7a,0.12823863327503204,0.9511328339576721,high_dino_low_clip
00000407_b214c53df58d049de5f3c1c2ef3fa622,00000421_6708ef07784a859787b09e49eb5ac157,0.8524672985076904,0.2520739734172821,high_clip_low_dino
00000098_4d3d3d063294c0b755e1dde044badaca,00000531_407b4b10ab32c68aa75817b364dc1d86,0.8624772429466248,0.27557867765426636,high_clip_low_dino
00000008_9a0da10f77d4778bc276b1d6d2668028,00000807_4c55944e25c2683c44e190462ddb2be5,0.8912248015403748,0.2734600901603699,high_clip_low_dino
00000299_99c0ffcfa95e0488768767a4379862f9,00000807_4c55944e25c2683c44e190462ddb2be5,0.8570774793624878,0.26239338517189026,high_clip_low_dino
00000254_52105e5d1cf1817d70814ca5efd5953f,00000327_d229f2588ba0acbea3f6d5ca8a727aac,0.8574951887130737,0.28478825092315674,high_clip_low_dino
00000145_eaa1d6372070d70f0d2f6979cd6a7b9a,00000449_95ae9238946b5a6d37a424d43502c9cc,0.8668147921562195,0.23945267498493195,high_clip_low_dino
00000280_b73455405dc5f1afb955ddbb12269cd9,00000891_592eee2f19b73d3d3c66ec3fccdcd8ab,0.8857828378677368,0.2128526121377945,high_clip_low_dino
00000283_15b05d9e4c1015129e852f705cd8b399,00000581_16306fb1d5b7cec9fe8a295405060147,0.8505726456642151,0.27335190773010254,high_clip_low_dino
00000239_ed1b6710cb263a2494362bb462d446cf,00000891_592eee2f19b73d3d3c66ec3fccdcd8ab,0.8526826500892639,0.20954446494579315,high_clip_low_dino
00000708_ab334ffc5f5bb4404e9a350024160e2b,00000812_ef3b1ac69dfc234a8ae270f431a099a5,0.8740941286087036,0.239048570394516,high_clip_low_dino
00000667_6c5be3453f0791e2e16b38ad03f03bf8,00000708_ab334ffc5f5bb4404e9a350024160e2b,0.8737545013427734,0.23984695971012115,high_clip_low_dino
00000452_0ffb665e0a8c5ee6030b83eff2bd040e,00000708_ab334ffc5f5bb4404e9a350024160e2b,0.8631448149681091,0.18845997750759125,high_clip_low_dino
00000452_0ffb665e0a8c5ee6030b83eff2bd040e,00000939_77eb12baec8f172b9bf35e267f51dc3a,0.8613306879997253,0.24515323340892792,high_clip_low_dino
00000098_4d3d3d063294c0b755e1dde044badaca,00000533_407e6830405e611475ff1040f01e33b3,0.8511227965354919,0.27566730976104736,high_clip_low_dino
00000222_3912050c512050b84b25a03fd7449bfc,00000403_97563b7208b30c076c24c439d1f4a894,0.8587564826011658,0.24996507167816162,high_clip_low_dino
00000708_ab334ffc5f5bb4404e9a350024160e2b,00000912_e6ce9477016a222927bb089118d2792e,0.8582875728607178,0.14420515298843384,high_clip_low_dino
00000041_887d51c9ced4739442eae0a8ce7a2fa9,00000349_16846870211659bc4921ed8fb293593a,0.8562507629394531,0.24770957231521606,high_clip_low_dino
00000204_61ebcc4e3fbdc838b234710e2e5a30c6,00000757_622b409cd298e0706ad3d72b850f61c2,0.8574250936508179,0.26051804423332214,high_clip_low_dino
00000371_7081c92322aa1dcdf5d242a318b2ea36,00000713_34ebd79d6e3ac9ce0e545f3cd7a62f49,0.86641925573349,0.25389301776885986,high_clip_low_dino
00000236_56dd9816ceb7c0adc372158ac96ce7b9,00000442_63d366e74c3ec9ded9a10dcf4569ee2c,0.8561499118804932,0.2332908660173416,high_clip_low_dino
00000531_407b4b10ab32c68aa75817b364dc1d86,00000639_c32345f063c56aed1f7c05065186356c,0.8618396520614624,0.22079399228096008,high_clip_low_dino
00000295_5d3d506c3466e69b93f8471c65920a60,00000912_bec7cf81e781c07ccf11d4a4714b97bd,0.8530084490776062,0.1867639422416687,high_clip_low_dino
00000380_eb6b0052d1afc84b9185a91e2e903f72,00000807_4c55944e25c2683c44e190462ddb2be5,0.8566828966140747,0.21477819979190826,high_clip_low_dino
00000139_9c49c35521a251c90421ed87c366fe4e,00000409_c4111bc546a821003423bf61851d7ee3,0.14330828189849854,0.9504640698432922,high_dino_low_clip
00000393_fe6023981ee14a4b4d658112f6ffc84b,00000688_ca8f43228e7a09fe87e7ebda082f04a6,0.8698664307594299,0.2696846127510071,high_clip_low_dino
00000393_fe6023981ee14a4b4d658112f6ffc84b,00000936_df572775bae112e9475fa0df5921b836,0.8602262735366821,0.26463642716407776,high_clip_low_dino
00000110_9680f97e69f3c206691b40409f313ad6,00000393_fe6023981ee14a4b4d658112f6ffc84b,0.8608188629150391,0.1620914489030838,high_clip_low_dino
00000110_9680f97e69f3c206691b40409f313ad6,00000407_b214c53df58d049de5f3c1c2ef3fa622,0.8614706993103027,0.25841620564460754,high_clip_low_dino
00000393_fe6023981ee14a4b4d658112f6ffc84b,00000934_ae1ccf2d834750f7451b146661e5df5a,0.8665042519569397,0.280891478061676,high_clip_low_dino
00000262_8ef5ba54cf540b32c0d3042de4ddeda6,00000407_b214c53df58d049de5f3c1c2ef3fa622,0.8506057858467102,0.24122433364391327,high_clip_low_dino
00000166_2f5f8f56c235d94c36629b9786b8aaa0,00000754_8e1084de5fb19fab6bff9421ad30b1f7,0.8505738377571106,0.2986661493778229,high_clip_low_dino
00000588_e159002ab6a33f82ef4093305f74b3ff,00000807_4c55944e25c2683c44e190462ddb2be5,0.8560750484466553,0.19225367903709412,high_clip_low_dino
00000205_ac4e47036edc3d21edec4d07c671f441,00000255_5a2d09ae04ebd3b703b980164f15613d,0.870609700679779,0.2703505754470825,high_clip_low_dino
00000008_6c92174683c806973958c3861a8f44ff,00000252_3ae0c45abeea2ebaf69465eea8657915,0.8514926433563232,0.19449356198310852,high_clip_low_dino
00000212_8945f0e141b878716ae7a4a7269daa3e,00000531_407b4b10ab32c68aa75817b364dc1d86,0.8531640768051147,0.270319402217865,high_clip_low_dino
00000034_aabf3804d2b78d17d1dbdd3a6a95a933,00000957_a42827158ea9de5325ed98006b27067d,0.1304948776960373,0.9552927613258362,high_dino_low_clip
00000079_a0a65de30e4405a1ad4756182fb0a777,00000807_4c55944e25c2683c44e190462ddb2be5,0.8535624146461487,0.267363965511322,high_clip_low_dino
00000807_4c55944e25c2683c44e190462ddb2be5,00001005_40113eb45e8877b5a6b6a4f925e0faaf,0.8866080641746521,0.27568671107292175,high_clip_low_dino
00000249_8ae5c8b29a09e4ad5d952ae381940c2f,00000807_4c55944e25c2683c44e190462ddb2be5,0.8843784332275391,0.2760780453681946,high_clip_low_dino
00000708_ab334ffc5f5bb4404e9a350024160e2b,00000786_e9927cf44144557db6bd6499915ddaed,0.8716552257537842,0.27584099769592285,high_clip_low_dino
00000012_062a7ff31fcf34bb355f7215cac0307e,00000708_ab334ffc5f5bb4404e9a350024160e2b,0.8719960451126099,0.2785707116127014,high_clip_low_dino
00000708_ab334ffc5f5bb4404e9a350024160e2b,00000892_212ae3a44c38b9dc65cedb9728646067,0.8507538437843323,0.2568037509918213,high_clip_low_dino
00000644_3404afa4da90ee4adddf3d2370dafe49,00000708_ab334ffc5f5bb4404e9a350024160e2b,0.8533773422241211,0.21701359748840332,high_clip_low_dino
00000120_c45a0fb44a5db43a6216a1c0f31788bc,00000708_ab334ffc5f5bb4404e9a350024160e2b,0.8563179969787598,0.2909700870513916,high_clip_low_dino
00000708_ab334ffc5f5bb4404e9a350024160e2b,00001005_40113eb45e8877b5a6b6a4f925e0faaf,0.8780509829521179,0.2994736433029175,high_clip_low_dino
00000075_21a5f395809afee9c6c9e9960844da01,00000708_ab334ffc5f5bb4404e9a350024160e2b,0.8708233833312988,0.280444473028183,high_clip_low_dino
00000315_58fb23d260733b1b5e06624217f309b2,00001005_ea1af963ce92f40247db1cf2b00c0fa8,0.852890133857727,0.28832608461380005,high_clip_low_dino
00000546_b1563003118df6d0e1ac5422b609ab35,00000730_78de4a189b080452c5f06fe56adca661,0.851250410079956,0.2977081835269928,high_clip_low_dino
00000546_b1563003118df6d0e1ac5422b609ab35,00000794_7a0eb83adc44fdff18b73c7285dbab17,0.8565815091133118,0.28239357471466064,high_clip_low_dino
00000008_9a0da10f77d4778bc276b1d6d2668028,00000708_ab334ffc5f5bb4404e9a350024160e2b,0.864150881767273,0.2966306805610657,high_clip_low_dino
00000460_095e1403fec33de41048ec631d471df8,00000708_ab334ffc5f5bb4404e9a350024160e2b,0.8509766459465027,0.2929215133190155,high_clip_low_dino
00000474_71665903c6dcf92fdc3e13bf26056325,00000795_da9e04dee04a0e0d88e7c05e46f3b71c,0.851494550704956,0.2853529453277588,high_clip_low_dino
00000307_2bf38c9b0f2a000a7af158a14406243e,00000400_50fd996dc6820437cbc1f79b8de90639,0.8571399450302124,0.2814997136592865,high_clip_low_dino
00000068_ffee53abdd12964bc18daca3a3c29319,00000888_999a4a2c9d97172befd46f327b3d1fbc,0.8531001806259155,0.22821250557899475,high_clip_low_dino
00000326_c3348b44d828466b580c5d0c3eff0c0b,00000888_999a4a2c9d97172befd46f327b3d1fbc,0.8697903156280518,0.24447183310985565,high_clip_low_dino
00000295_60ecf7e76cbcc2d9b4f2552be23af254,00000846_74e6b44f4eb83da7f65ece2e2f5efa90,0.8686122298240662,0.29624027013778687,high_clip_low_dino
00000409_2e03756617c4ebf348bad0a6c9e358ea,00000766_e05025b359dbadcdec63a9f17af7ed5b,0.8507026433944702,0.25931134819984436,high_clip_low_dino
00000159_cd6337e06364def34f855cccb87d07eb,00000547_569155e7ac51249a46b1325c86d6126f,0.8507112264633179,0.22162239253520966,high_clip_low_dino
00000529_327eea39e731ddc706d4b23bbe3498b0,00000808_3e5ec50e2b4cdc481e00d8edc1028e72,0.8560248613357544,0.29490768909454346,high_clip_low_dino
00000316_d90b6b101fa6369a0b489cdf7ce99b7d,00000457_f6c7c4d0c92dea279d20cf8377de75f7,0.8570490479469299,0.2926558256149292,high_clip_low_dino
00000202_d5c43c05346d7e18b467568374a42c20,00000457_f6c7c4d0c92dea279d20cf8377de75f7,0.8764674067497253,0.2838325500488281,high_clip_low_dino
00000295_60ecf7e76cbcc2d9b4f2552be23af254,00000909_bfd51d3f402d8168e5fe94fe007cd14c,0.8577829003334045,0.28902027010917664,high_clip_low_dino
00000117_b71e8fb7c8186fa475d7e40bc584b6d6,00000426_484ffd345900cdf67e5e649b0af7e6d0,0.8538458943367004,0.28911444544792175,high_clip_low_dino
00000180_d963f6a54a4376c6f58d1c3bdb102dc0,00000844_0df30e719633117bf67795fe5e92c8d0,0.8580944538116455,0.2724875211715698,high_clip_low_dino
00000419_0018b448f601d8945572a23d3a66ad9e,00000525_f5e1114272c1d8849b013c0020ee2b9b,0.8756019473075867,0.22433225810527802,high_clip_low_dino
00000289_9018a4911945a0727463150c9b1fd1e9,00000606_6606d3b0c331cb40b4d85529aab53051,0.14677171409130096,0.9624314308166504,high_dino_low_clip
00000023_8d47011836c9b0fe03401b53d3be27e6,00000805_5b6320d553adfa429dccf7c6b9f913a8,0.8516793251037598,0.2996152341365814,high_clip_low_dino
00000028_8dc798672c0280c8e8cfe5d4f8b60d56,00000762_b0263f13ff87c8dbe826b6738964d7d1,0.8523469567298889,0.21819040179252625,high_clip_low_dino
00000149_e47bbdab9e7c7e99b7414fef1fe28420,00000763_d562835f2e81eccf311dd6f5868f60fa,0.8529216647148132,0.2998945415019989,high_clip_low_dino
00000783_23918dc8de4da5cbe13885b8fe062dde,00000960_3cefc1c5c78587207a23ca84e1dbeadd,0.8606349229812622,0.18983596563339233,high_clip_low_dino
00000382_4db3cfdd5d8a5ed7bb97e97ddad1bfd6,00000576_d3d5af6baf41424978667d332399a49c,0.1339207887649536,0.9534504413604736,high_dino_low_clip
00000455_190bd7baa09fbc66916d770109c278b3,00000617_d215d06798149bf437caa39d072848d4,0.852977991104126,0.24598905444145203,high_clip_low_dino
00000160_86301838ed0ea937f6a8fbdf186eac9b,00000342_de782f1be3fe7542569bf7fad4233bd6,0.8513612151145935,0.2790575921535492,high_clip_low_dino
00000282_d2823ff58733d886ee832ac36389567e,00001004_504190586ffd7661e44b00990fed5143,0.8519056439399719,0.18780197203159332,high_clip_low_dino
00000680_cbb0e03e1c32247a914c35dd079127f5,00000851_8cac18852e8cd2f281c6bfc468e73ce5,0.8599445819854736,0.21498805284500122,high_clip_low_dino
00000080_e11a8f087a16645661bfa02019f9f480,00000888_999a4a2c9d97172befd46f327b3d1fbc,0.8563107252120972,0.2677910625934601,high_clip_low_dino
00000628_6d3a75c88806bf6c5cf8186e057c229d,00000888_999a4a2c9d97172befd46f327b3d1fbc,0.8576962351799011,0.14485755562782288,high_clip_low_dino
00000576_d3d5af6baf41424978667d332399a49c,00000644_5c56b12654b18553e099bc10ebf405cc,0.12055201828479767,0.9512155055999756,high_dino_low_clip
00000254_f9402957d0f3ef76808ba70709f747c8,00000275_c47a4556362b5f04d2ad309df28f13b8,0.8823094964027405,0.28725093603134155,high_clip_low_dino
00000008_6c92174683c806973958c3861a8f44ff,00000038_03ea66574b65a0e74326ef93082dc847,0.8626882433891296,0.23882845044136047,high_clip_low_dino
00000011_a76aebbbb242ac7d1917391cba721ea8,00000304_7fda9646d5f4993347552e304e6a538c,0.860542356967926,0.2857782244682312,high_clip_low_dino
00000206_0de158e1e3e7039ddac88e5d5a3dde0f,00000795_da9e04dee04a0e0d88e7c05e46f3b71c,0.8611097931861877,0.2614509165287018,high_clip_low_dino
00000128_4bfb310b6892d94153726df080097946,00000957_a42827158ea9de5325ed98006b27067d,0.1304948776960373,0.9552927613258362,high_dino_low_clip
00000380_eb6b0052d1afc84b9185a91e2e903f72,00000982_f2b0fb5b42b6f827c8bdfd02574b6ab9,0.8601604700088501,0.2810123860836029,high_clip_low_dino
00000748_c9654fd69f27f53a70538459ea07560e,00000982_f2b0fb5b42b6f827c8bdfd02574b6ab9,0.8677695989608765,0.26368531584739685,high_clip_low_dino
00000295_5d3d506c3466e69b93f8471c65920a60,00001019_9cef1a2af6312a9750f02ec6994f9cfe,0.8505514860153198,0.2701185941696167,high_clip_low_dino
00000087_a0594727ca63004a021b5afd8c808ac9,00000568_1eeb34a6f1dcdbd74e83f06448d20510,0.8513890504837036,0.29704082012176514,high_clip_low_dino
00000270_47b1d0657034f93747c72ce428c66d93,00000593_21705066efa4ad82f6a549bc173e51bb,0.8542892932891846,0.28310513496398926,high_clip_low_dino
00000068_fedcd7d4cc13cc9618de25e117395eda,00000274_c820ff5756e3c25ce4e1da45df2f888a,0.8874277472496033,0.24202866852283478,high_clip_low_dino
00000006_7f6d1b5d7de6aa93672c5e685b8fa949,00000943_4111f5d5d428f7fd43c32598c1aeebf5,0.12437178939580917,0.951802670955658,high_dino_low_clip
00000001_3e3ed577b9f00c947d5ac14b84008187,00000956_efedc839b9f7812361dcaa0bf0e02467,0.8626214861869812,0.23187793791294098,high_clip_low_dino
00000162_f7edc8dde67e2ed90a67ef0037ca9f1b,00000746_48018d8747320521c90a59e0748ca3bd,0.8515125513076782,0.276395708322525,high_clip_low_dino
00000125_d6ab110131470ee722711116c0d2911a,00000645_3af07b29ce9c8b37107a3a3643fa35ac,0.8530560731887817,0.2676272392272949,high_clip_low_dino
00000359_2ed6e43877c855b30f2fc32cacd74ab2,00000692_99c8427da7c4682cfe12391afc0c1229,0.8622117042541504,0.28111329674720764,high_clip_low_dino
00000094_0e72f203e8bd107e6d5727764a01b7ed,00000992_cc7e5c4cf62c77500676bd4654880503,0.8528817892074585,0.16128015518188477,high_clip_low_dino
00000972_0f13c695de8c19cfccbbf6d43e9ac1d3,00000982_f2b0fb5b42b6f827c8bdfd02574b6ab9,0.868260383605957,0.23961332440376282,high_clip_low_dino
00000807_4c55944e25c2683c44e190462ddb2be5,00000975_ef54732d41277d820b3bd42891135b4c,0.8535741567611694,0.25165852904319763,high_clip_low_dino
00000831_9c50447123a58b2de3b28e9a2e0ab4c0,00000879_7ad7f50f6489ccbbfd33f6308f65c5dc,0.8552088141441345,0.27521175146102905,high_clip_low_dino
00000446_e33c8839b796da7195a4d286d760f847,00000793_5f221ace8c100f5ed754635e13d1b3ac,0.13706743717193604,0.9529523253440857,high_dino_low_clip
00000665_e92551af1e3e8c9c5b1e7cb3345d9dae,00000960_171b4c26db33428e1168e177e33d862f,0.8663743734359741,0.1699107140302658,high_clip_low_dino
00000628_6d3a75c88806bf6c5cf8186e057c229d,00000822_3ecada4ee20b45b3234fc8a586657885,0.8849936723709106,0.2949242889881134,high_clip_low_dino
00000822_3ecada4ee20b45b3234fc8a586657885,00000954_6f9750d35ce25dbf1f0c5e0928a6e152,0.8558489680290222,0.2704927623271942,high_clip_low_dino
00000314_22005f09e376e55821b0913f6447c6e1,00000768_a9c9b089a43eeae56ae5948808db32d4,0.8521089553833008,0.29961276054382324,high_clip_low_dino
00000768_a9c9b089a43eeae56ae5948808db32d4,00000894_3ba4261095cc2573211eb0479bb7d8af,0.8632347583770752,0.25466904044151306,high_clip_low_dino
00000797_682e9d4b9a6d9c709f9ae7db2986ffd4,00000819_78c27ac92b264f8fab36e7d5ac669b45,0.8515083193778992,0.26214221119880676,high_clip_low_dino
00000360_2805c8b0421fbe292cfdcc598a779ae5,00000736_5d57231959c5484fc43df14ec9db76d0,0.10688519477844238,0.9500303268432617,high_dino_low_clip
00000393_fe6023981ee14a4b4d658112f6ffc84b,00000997_120d024cd0808b2920548e9a0e281f99,0.8600116968154907,0.17312002182006836,high_clip_low_dino
00000249_8ae5c8b29a09e4ad5d952ae381940c2f,00000397_6b318eb7c2e37223536255a2b0b95512,0.8531973361968994,0.2854121923446655,high_clip_low_dino
00000449_95ae9238946b5a6d37a424d43502c9cc,00000570_3306f1cf546fbcbb6b5928d16d9ef773,0.8717449307441711,0.28248330950737,high_clip_low_dino
00000159_0a2832b8474e0e790a85c27f5a0e34b1,00000845_ba939d68be2f5542c0fe5caa123bfc3c,0.8578954339027405,0.2883536219596863,high_clip_low_dino
00000189_3cdb12b08a55b228a8bf935eafc40c6a,00000807_4c55944e25c2683c44e190462ddb2be5,0.8800737857818604,0.2625063359737396,high_clip_low_dino
00000108_9cc1b51873c66dd1ae5286470fe0a470,00000807_4c55944e25c2683c44e190462ddb2be5,0.8505579233169556,0.1428264081478119,high_clip_low_dino
00000028_8dc798672c0280c8e8cfe5d4f8b60d56,00000547_569155e7ac51249a46b1325c86d6126f,0.8701946139335632,0.24318797886371613,high_clip_low_dino
00000225_72cb2aa5ee1598e6c3fd6a06bea9199d,00000552_92bd0b7c0f391d1d0e223fef22b4ed6b,0.8519042134284973,0.29258474707603455,high_clip_low_dino
00000003_237600f8b975eaacb70969a9a70b34b8,00000072_6f773d3319ad1089fdaa37e2a4b46a91,0.8543888926506042,0.2441619485616684,high_clip_low_dino
00000422_36ef225475e0b921c9876cd1bb4849a1,00000428_9053c29aeccdcc036b1e395140bc12c0,0.8602100014686584,0.2701513171195984,high_clip_low_dino
00000493_f695a0f32d4c01d833ddfb989128af66,00000787_e03ebe4369cadece38f3ce5afdc8ae83,0.13145695626735687,0.9506175518035889,high_dino_low_clip
00000258_197f2574b1e0475a5489b43c00ca8b45,00000493_f695a0f32d4c01d833ddfb989128af66,0.13145695626735687,0.9506175518035889,high_dino_low_clip
00000032_7224b497fefff81fb6d4ec4af8fbf3b8,00000455_9abd7f5b3b20ce4089a2fb793f715391,0.8546519875526428,0.1678803563117981,high_clip_low_dino
00000357_79f258b97b6cd16eba0ff3370992dab5,00000409_2e03756617c4ebf348bad0a6c9e358ea,0.8643630146980286,0.2735949456691742,high_clip_low_dino
00000354_a9f8ab6297cd122228611d1dbec5e3df,00000793_5f221ace8c100f5ed754635e13d1b3ac,0.13706743717193604,0.9529523253440857,high_dino_low_clip
00000308_ded0290f211402c976af199fd0915e56,00000393_fe6023981ee14a4b4d658112f6ffc84b,0.8635561466217041,0.18178310990333557,high_clip_low_dino
00000308_ded0290f211402c976af199fd0915e56,00000984_05db71aae96e1e8c76fb23bd5c348384,0.8536292910575867,0.2652345597743988,high_clip_low_dino
00000079_a0a65de30e4405a1ad4756182fb0a777,00000393_fe6023981ee14a4b4d658112f6ffc84b,0.8584166169166565,0.2997807562351227,high_clip_low_dino
00000419_0018b448f601d8945572a23d3a66ad9e,00000759_2b67872de0597112dac1e0234166619b,0.8709717392921448,0.20096100866794586,high_clip_low_dino
00000011_ea50d30bf1e7c369b343fd9d5943116b,00000265_ec7119ac6bd9fa7c01264f56213f209c,0.8564689755439758,0.29410576820373535,high_clip_low_dino
00000531_407b4b10ab32c68aa75817b364dc1d86,00000900_a92dc4df33b319eba787092787cb7ff5,0.8633641600608826,0.23049558699131012,high_clip_low_dino
00000531_407b4b10ab32c68aa75817b364dc1d86,00000919_577a2316da52e404a4e6a91e8b4d9094,0.8685014247894287,0.2357529252767563,high_clip_low_dino
00000067_419008c51f4f86be29061c7a00f25984,00000937_7361160ef9970b06b72cdaaedec38a16,0.8558557629585266,0.16488417983055115,high_clip_low_dino
00000795_da9e04dee04a0e0d88e7c05e46f3b71c,00000891_5b1ba16d7a596cce7718ebf6bb98ddd5,0.8508504629135132,0.289142906665802,high_clip_low_dino
00000070_405843e8c79ebf00dc67ff7138e3559c,00000275_c47a4556362b5f04d2ad309df28f13b8,0.8581868410110474,0.2876606583595276,high_clip_low_dino
00000252_12a6045ece753a5121331a6de6c0f712,00000496_e34d9403a9e8580b91d777f5801dda6f,0.8515517711639404,0.29610249400138855,high_clip_low_dino
00000128_2fd9df5f514d376389b2694e11753ac8,00000782_af4048d2e4601d63666bdd760dcfb509,0.8583290576934814,0.22108417749404907,high_clip_low_dino
00000427_9b8f09d70fce2a2d6c79d71957c1f1e6,00000782_af4048d2e4601d63666bdd760dcfb509,0.8656272292137146,0.28422513604164124,high_clip_low_dino
00000428_9053c29aeccdcc036b1e395140bc12c0,00000651_8af2656be7ff3bca4e468d066d8470e2,0.8636106848716736,0.2898021936416626,high_clip_low_dino
00000427_dcec8ce0e37178cd7c12c5fd78c47a30,00000651_8af2656be7ff3bca4e468d066d8470e2,0.8578752875328064,0.2640889286994934,high_clip_low_dino
00000126_793802a3aa84a7fcd12f7a6ac7d31913,00000843_e1701204b686bc7bf1443d3c8f1b7cc9,0.12525957822799683,0.9535310864448547,high_dino_low_clip
00000160_275e648fb912dfdef1ec82b3f5089a21,00000167_1891c22a0df971ec2046347a36e34ddf,0.8581918478012085,0.27120599150657654,high_clip_low_dino
00000302_1970ce8fcd68a34e5605f7684ea38b93,00000762_b0263f13ff87c8dbe826b6738964d7d1,0.8601055145263672,0.23531675338745117,high_clip_low_dino
00000167_1891c22a0df971ec2046347a36e34ddf,00000762_b0263f13ff87c8dbe826b6738964d7d1,0.8560745716094971,0.2953786253929138,high_clip_low_dino
00000393_fe6023981ee14a4b4d658112f6ffc84b,00000961_9fb8db7219f99f8b3a097f43f203f054,0.8601490259170532,0.2768051326274872,high_clip_low_dino
00000829_2ceb16affe62113dbdb1825cc9dd35fb,00000956_58f739804d4a31f4a472b0acda7cfe27,0.874542772769928,0.23070071637630463,high_clip_low_dino
00000386_89b815ba5a80e469075ea2631d0701af,00000956_58f739804d4a31f4a472b0acda7cfe27,0.8692740797996521,0.2999681830406189,high_clip_low_dino
00000380_eb6b0052d1afc84b9185a91e2e903f72,00000956_58f739804d4a31f4a472b0acda7cfe27,0.8608205318450928,0.2817477583885193,high_clip_low_dino
00000380_eb6b0052d1afc84b9185a91e2e903f72,00000730_78de4a189b080452c5f06fe56adca661,0.865138053894043,0.2830333709716797,high_clip_low_dino
00000157_46005822a7c02a72eda89db22a41898f,00000956_58f739804d4a31f4a472b0acda7cfe27,0.8638371229171753,0.16177581250667572,high_clip_low_dino
00000070_fafa2516c3f454daa1b3a0679e50668c,00000956_58f739804d4a31f4a472b0acda7cfe27,0.8566691875457764,0.20732705295085907,high_clip_low_dino
00000730_8e2ca1f0a1b125284de939e9ae8b58f6,00000866_2eeb42604641df948744b66b670fdbc9,0.8637782335281372,0.23007063567638397,high_clip_low_dino
00000746_48018d8747320521c90a59e0748ca3bd,00000897_e83a7f822a4fea37f97d8efc5f2c21b4,0.8572626113891602,0.20126472413539886,high_clip_low_dino
00000531_407b4b10ab32c68aa75817b364dc1d86,00000573_f8330afe10922ebc485859323b24ce19,0.8521121740341187,0.21971072256565094,high_clip_low_dino
00000264_c90ba592f1311ab94a12146f4037e621,00000473_b335dde8376e18a00b9396be90f4401f,0.8521444797515869,0.2356014996767044,high_clip_low_dino
00000254_52105e5d1cf1817d70814ca5efd5953f,00000996_6bdd6452128de5a99ce4db42c0944cc6,0.8593704700469971,0.1804749071598053,high_clip_low_dino
00000474_71665903c6dcf92fdc3e13bf26056325,00000918_88bd2f029f9557bf2382abbbd56501e0,0.8520523905754089,0.2749207317829132,high_clip_low_dino
00000750_3ea51346706c6db40319c5273a3341f9,00000918_88bd2f029f9557bf2382abbbd56501e0,0.8931453227996826,0.27555131912231445,high_clip_low_dino
00000210_c9528dafcfa9aa4b6c0dc6e0d5b8baa3,00000918_88bd2f029f9557bf2382abbbd56501e0,0.8619502782821655,0.28351840376853943,high_clip_low_dino
00000267_7ff4b8046e6d3a5c5d71dcc1b512a148,00000630_589f8fa98fd972572bca135d4bd532a0,0.8538039922714233,0.2362743616104126,high_clip_low_dino
00000080_e11a8f087a16645661bfa02019f9f480,00000457_f6c7c4d0c92dea279d20cf8377de75f7,0.8500012755393982,0.2655298113822937,high_clip_low_dino
00000183_6b64ea3bfe82da3e3a1cd3cfa31493fd,00000457_f6c7c4d0c92dea279d20cf8377de75f7,0.8830054998397827,0.2511754631996155,high_clip_low_dino
00000682_0764a1ac140e1228928cf8e4eec310ff,00000692_99c8427da7c4682cfe12391afc0c1229,0.862563967704773,0.2705381214618683,high_clip_low_dino
00000692_99c8427da7c4682cfe12391afc0c1229,00000771_cbb4c915790bfcbb95e77eaa4656c3a6,0.8579896688461304,0.27514326572418213,high_clip_low_dino
00000398_35ddb69c3a4c7a8443fc8ed962ee23a1,00000613_a8e6307f85c51965aa5652108ffe6680,0.8549385666847229,0.24856048822402954,high_clip_low_dino
00000167_1891c22a0df971ec2046347a36e34ddf,00001021_d4dccb1f026651c46ec18bc66f0682ae,0.8553481698036194,0.16701307892799377,high_clip_low_dino
00000213_91543b35fa66e242a3ffeab06a9bf4c5,00000943_4111f5d5d428f7fd43c32598c1aeebf5,0.14320306479930878,0.955121636390686,high_dino_low_clip
00000529_8164106a0180e2a89efd56cb9035cbcb,00000960_171b4c26db33428e1168e177e33d862f,0.857128918170929,0.16143687069416046,high_clip_low_dino
00000204_61ebcc4e3fbdc838b234710e2e5a30c6,00000960_171b4c26db33428e1168e177e33d862f,0.8620544075965881,0.2667573392391205,high_clip_low_dino
00000001_3e3ed577b9f00c947d5ac14b84008187,00000647_9e509e6f5fb18176c3ca8d500f0c19dd,0.8579688668251038,0.1827031672000885,high_clip_low_dino
00000308_ded0290f211402c976af199fd0915e56,00001017_8d956690bf8d55eea0245a936c4d6ff4,0.8584051132202148,0.2203160971403122,high_clip_low_dino
00000230_3932a6b9bc0f4fdccb9ad4102fd1cffa,00000240_69725787314a13e2829efea7cd688a78,0.8675409555435181,0.28410306572914124,high_clip_low_dino
00000295_c5f280d746e7a9463ee23aea5f76e32e,00000647_9e509e6f5fb18176c3ca8d500f0c19dd,0.88713538646698,0.29112184047698975,high_clip_low_dino
00000553_884850b9f5650183c33b7af838695b9e,00000789_91f86ef349cf4b626abb40542349850d,0.8679521083831787,0.2936987578868866,high_clip_low_dino
00000791_5a0b778010b52853afa5d08f6d9157e2,00000904_573cee2d8ba12c86f71ca27049a1faa0,0.852855384349823,0.2993120551109314,high_clip_low_dino
00000806_e8d6c84aa2c743534c96a20928a272a9,00000904_573cee2d8ba12c86f71ca27049a1faa0,0.8582065105438232,0.2038637101650238,high_clip_low_dino
00000281_5bf1f764a3f0e03b4b095a114ed2d819,00000839_ef94f7bc43c58f320ae0e28afc0c0ce9,0.868813157081604,0.2700456380844116,high_clip_low_dino
00000202_d5c43c05346d7e18b467568374a42c20,00000708_ab334ffc5f5bb4404e9a350024160e2b,0.861461877822876,0.2695126533508301,high_clip_low_dino
00000045_402464bfb547dee720ae7d0dbb6be499,00000708_ab334ffc5f5bb4404e9a350024160e2b,0.8762726187705994,0.26835986971855164,high_clip_low_dino
00000088_ade997b318f60dd03981c692c0ac1221,00000181_f2997b6cc920e1c8d11ca907d6ca7c24,0.8556151390075684,0.25104203820228577,high_clip_low_dino
00000624_76ec610df535b4e9cb35afc84189cc42,00000634_3fa7abc6a45bb2d3d8a6c9469cddbac2,0.10946650803089142,0.9535989761352539,high_dino_low_clip
00000475_e14f7f3d4e4facb36cda0dec9a0c337e,00000535_1aa5e07509a0bacc16a5326bc1c75ab6,0.8505296111106873,0.23508641123771667,high_clip_low_dino
00000094_762217a2db4d77f883b3a3da9d9f44a5,00000528_89bb715189a172ffcbfa40ce43f5d389,0.8511196374893188,0.2971882224082947,high_clip_low_dino
00000012_3b1130099bc448db8730b81ef85bb476,00000883_24a2032b456d5589d593dd7d4be55e42,0.8763733506202698,0.2571216821670532,high_clip_low_dino
00000939_77eb12baec8f172b9bf35e267f51dc3a,00000997_120d024cd0808b2920548e9a0e281f99,0.8554660677909851,0.24003171920776367,high_clip_low_dino
00000322_a42503fc595013103a65961c71bd6867,00000393_fe6023981ee14a4b4d658112f6ffc84b,0.8503845930099487,0.1865941733121872,high_clip_low_dino
00000393_fe6023981ee14a4b4d658112f6ffc84b,00000588_e159002ab6a33f82ef4093305f74b3ff,0.85857754945755,0.2358454167842865,high_clip_low_dino
00000134_324b4cf0a99c63cffca51e0765321854,00000393_fe6023981ee14a4b4d658112f6ffc84b,0.8545025587081909,0.24098478257656097,high_clip_low_dino
00000692_99c8427da7c4682cfe12391afc0c1229,00000858_2d3484a4e7080e5acd2b31492737a8e5,0.8693431615829468,0.2522803843021393,high_clip_low_dino
00000422_36ef225475e0b921c9876cd1bb4849a1,00000979_64af91eb6cc213e7fef90c9edbed952c,0.8578123450279236,0.2328691929578781,high_clip_low_dino
00000342_e58665e5801c720d76b8bfee3cf7d646,00000757_622b409cd298e0706ad3d72b850f61c2,0.8672217726707458,0.2874201536178589,high_clip_low_dino
00000299_99c0ffcfa95e0488768767a4379862f9,00000692_99c8427da7c4682cfe12391afc0c1229,0.8729121088981628,0.2937764823436737,high_clip_low_dino
00000194_e06f537a9fd398cbd8b221401d62c91c,00000951_4e17c8bf74433b5ad345cc644a346721,0.8740130066871643,0.2603992819786072,high_clip_low_dino
00000094_0e72f203e8bd107e6d5727764a01b7ed,00000892_48c8de45f2bfa595b2f86378ea550ca9,0.8528229594230652,0.21181142330169678,high_clip_low_dino
00000322_2f1649fa23dac7e8950f01cd1982e416,00000533_407e6830405e611475ff1040f01e33b3,0.8539103269577026,0.2633943259716034,high_clip_low_dino
00000533_407e6830405e611475ff1040f01e33b3,00000710_9708c4a5ef07e0d0963b449785a1006c,0.8547480702400208,0.23898351192474365,high_clip_low_dino
00000553_884850b9f5650183c33b7af838695b9e,00000794_7a0eb83adc44fdff18b73c7285dbab17,0.8815285563468933,0.24493806064128876,high_clip_low_dino
00000794_7a0eb83adc44fdff18b73c7285dbab17,00000997_120d024cd0808b2920548e9a0e281f99,0.8636133670806885,0.2172788381576538,high_clip_low_dino
00000807_4c55944e25c2683c44e190462ddb2be5,00000945_728979b7d06456cad82cb420e7128c54,0.8654107451438904,0.25057241320610046,high_clip_low_dino
00000006_68635c62625f90c0e1295732c41230e9,00000074_fb8742096378efce6fec5603db4ccc6e,0.8539032936096191,0.287008136510849,high_clip_low_dino
00000223_3be14e690255d3a5c3034dd45d17fb78,00000493_34dfe104e33d3039ee419e7ca1fe95f2,0.8550708889961243,0.2549981474876404,high_clip_low_dino
00000373_f03cbfa51e1e4f200865de8005f4ea96,00000422_36ef225475e0b921c9876cd1bb4849a1,0.8706759214401245,0.2536868453025818,high_clip_low_dino
00000531_407b4b10ab32c68aa75817b364dc1d86,00000753_05f6aa4e34602e82191b36f20640a980,0.8507336378097534,0.2623450756072998,high_clip_low_dino
00000206_0de158e1e3e7039ddac88e5d5a3dde0f,00000400_50fd996dc6820437cbc1f79b8de90639,0.8575653433799744,0.2291746288537979,high_clip_low_dino
00000106_726c88568bf776d9fe1df72e9bb25aa2,00000531_407b4b10ab32c68aa75817b364dc1d86,0.8620958924293518,0.2206648290157318,high_clip_low_dino
00000070_fafa2516c3f454daa1b3a0679e50668c,00000407_b214c53df58d049de5f3c1c2ef3fa622,0.8761342167854309,0.2683914303779602,high_clip_low_dino
00000739_2f788484ba7b4c5a00d27083d924c803,00000985_bd6a8d348ffa5ad662f0ba22a9f77788,0.8523975014686584,0.11606509238481522,high_clip_low_dino
00000295_c5f280d746e7a9463ee23aea5f76e32e,00001004_cf2e64bf9df1298e896a3c70d550128a,0.8634966015815735,0.1459817886352539,high_clip_low_dino
00000252_990c6aa42a4c6f1ff3635aa48c7aff13,00000918_88bd2f029f9557bf2382abbbd56501e0,0.8508438467979431,0.2802402079105377,high_clip_low_dino
00000257_49625aa5226f53165397d2cafa461fd8,00001018_71634fa538ca80a10c65ffe637a9580a,0.8502547144889832,0.292596697807312,high_clip_low_dino
00000750_3ea51346706c6db40319c5273a3341f9,00000774_5158cee8547c89df53da1b9e72ecd4a9,0.8527183532714844,0.29228469729423523,high_clip_low_dino
00000710_804aaf5b967c43c42e870b06262f5c6d,00000754_8e1084de5fb19fab6bff9421ad30b1f7,0.8608406782150269,0.2784515917301178,high_clip_low_dino
00000326_c3348b44d828466b580c5d0c3eff0c0b,00000393_fe6023981ee14a4b4d658112f6ffc84b,0.8590498566627502,0.24800719320774078,high_clip_low_dino
00000091_d6fbbd7e0008b96ccd1e303504d7c5b5,00000418_5e39031f7232d6954db1a083e0c260e0,0.8552197813987732,0.2570457458496094,high_clip_low_dino
00000316_c0302959474e472f4f0e440600656b28,00000339_21c78caa5b394b19b77ea211ab3dfd71,0.8501001596450806,0.2951354682445526,high_clip_low_dino
00000790_c900370251d148cdfa08d959cd95f052,00000963_aa44b58960eecf59ed705c2ba3aa8c74,0.12279102206230164,0.9537290334701538,high_dino_low_clip
00000738_769e495276a2365eeae79e7ec3f64add,00000918_98002f34889a740fb93b3550b73db673,0.8590172529220581,0.29309096932411194,high_clip_low_dino
00000304_022eacd3c6e353ac763d11c3b9851765,00001006_671396ea006e4a725c729a599e0ba088,0.8624069094657898,0.21407948434352875,high_clip_low_dino
00000045_f036d61769c23cf6f033819ba66c589c,00000493_f695a0f32d4c01d833ddfb989128af66,0.14284783601760864,0.9500800371170044,high_dino_low_clip
00000360_583935654a4f4ae014b1890675b45053,00000552_92bd0b7c0f391d1d0e223fef22b4ed6b,0.8500620126724243,0.28279909491539,high_clip_low_dino
00000300_c3a5b87813bfec2220feb37cb3db4bc9,00000552_92bd0b7c0f391d1d0e223fef22b4ed6b,0.86146479845047,0.28071340918540955,high_clip_low_dino
00000329_a620f25c38f145f5fb2ba1dac5dc682b,00000552_92bd0b7c0f391d1d0e223fef22b4ed6b,0.8510844707489014,0.2801569700241089,high_clip_low_dino
00000160_275e648fb912dfdef1ec82b3f5089a21,00000904_573cee2d8ba12c86f71ca27049a1faa0,0.850498616695404,0.1913270801305771,high_clip_low_dino
00000008_6c92174683c806973958c3861a8f44ff,00000572_df32ad18e86de67283df5ca28791328d,0.8580808639526367,0.19908353686332703,high_clip_low_dino
00000498_d8a0567c5bd38dee01050a505486437b,00000727_1cf6fab50f46b11a4debfe80eaef261c,0.8577165603637695,0.2190689742565155,high_clip_low_dino
00000354_a9f8ab6297cd122228611d1dbec5e3df,00000957_a42827158ea9de5325ed98006b27067d,0.1304948776960373,0.9552927613258362,high_dino_low_clip
00000647_9e509e6f5fb18176c3ca8d500f0c19dd,00000844_0df30e719633117bf67795fe5e92c8d0,0.8692463636398315,0.2977044880390167,high_clip_low_dino
00000845_973643d20c842de3683f6467a6a0331e,00000876_0945ca68379a85f770cad37d22ad022f,0.850362241268158,0.2818569242954254,high_clip_low_dino
00000014_a960c3690b5b3cff197f5cc122d33ec9,00000158_85851d09035560cf43594ae9f61c6ca8,0.1347859650850296,0.9560346603393555,high_dino_low_clip
00000455_9abd7f5b3b20ce4089a2fb793f715391,00000458_4ef13ade88184885400c86a2444819b5,0.8674939274787903,0.2548668384552002,high_clip_low_dino
00000068_ffee53abdd12964bc18daca3a3c29319,00000956_58f739804d4a31f4a472b0acda7cfe27,0.8713736534118652,0.28066906332969666,high_clip_low_dino
00000457_f6c7c4d0c92dea279d20cf8377de75f7,00000588_e159002ab6a33f82ef4093305f74b3ff,0.858665943145752,0.22429251670837402,high_clip_low_dino
00000383_48901392c794aebcf19af77dab1a9307,00000457_f6c7c4d0c92dea279d20cf8377de75f7,0.8792147040367126,0.28685182332992554,high_clip_low_dino
00000528_1a546fe573a0a3becc51b8c39cd12949,00000768_a98e00fafa3f05956908f35a0ce9b36f,0.853468656539917,0.21436572074890137,high_clip_low_dino
00000169_e4fcecc30b37f87c68fd6a951d239a1c,00000758_b4bdf29ca8a24275e52b3c874ca67efb,0.8554983139038086,0.25347572565078735,high_clip_low_dino
00000071_e66096585df6d7423bf843defba27e82,00000281_5bf1f764a3f0e03b4b095a114ed2d819,0.8513053059577942,0.24594199657440186,high_clip_low_dino
00000708_ab334ffc5f5bb4404e9a350024160e2b,00000819_78c27ac92b264f8fab36e7d5ac669b45,0.8708060383796692,0.2033296376466751,high_clip_low_dino
00000688_ca8f43228e7a09fe87e7ebda082f04a6,00000807_4c55944e25c2683c44e190462ddb2be5,0.8601698279380798,0.254092812538147,high_clip_low_dino
00000599_6e0860c58a14304db8dacf4e76123c07,00000792_ac41aadfc8be2aaf96e03ad3bfa0fde1,0.8684461712837219,0.2606814503669739,high_clip_low_dino
00000295_c5f280d746e7a9463ee23aea5f76e32e,00000690_4d4889eef1f4682f0778f09a582f31a7,0.8588641285896301,0.22794321179389954,high_clip_low_dino
00000087_4d6beed721a789da714e0d3db602b9ac,00000584_24ed0aa687b6fd234dacfe226b8694ba,0.8706661462783813,0.25718218088150024,high_clip_low_dino
00000531_6235149eb6185b30788e8a8cc42354b6,00000794_7a0eb83adc44fdff18b73c7285dbab17,0.861483633518219,0.28838005661964417,high_clip_low_dino
00000425_6e9eb71c0d7bb08f772d001f2d574191,00000891_592eee2f19b73d3d3c66ec3fccdcd8ab,0.8543221950531006,0.26555559039115906,high_clip_low_dino
00000908_89687e9512a4d4517123bf0339bbf83e,00000945_bee401a7896b333181fb0067b5ca0639,0.8666194677352905,0.24485968053340912,high_clip_low_dino
00000168_7b9d5c8775c0c9759dc07c8862bcf39a,00000603_92b2fb57974676169682586abdf7724f,0.8663032650947571,0.19144576787948608,high_clip_low_dino
00000099_a63335c5ffa6415aa5cc9f52f675c3d3,00000960_171b4c26db33428e1168e177e33d862f,0.8541738390922546,0.21149452030658722,high_clip_low_dino
00000376_8b5483de09fe9d4d7cea516a0dc7552a,00000888_999a4a2c9d97172befd46f327b3d1fbc,0.8590654730796814,0.26209893822669983,high_clip_low_dino
00000888_999a4a2c9d97172befd46f327b3d1fbc,00000940_3d85eb0dfbd9c9d517ce339ee6a5776b,0.8685351014137268,0.24755717813968658,high_clip_low_dino
00000404_a6b9b7c9403f136cc15a9deb625b799f,00000493_f695a0f32d4c01d833ddfb989128af66,0.13145695626735687,0.9506175518035889,high_dino_low_clip
00000134_324b4cf0a99c63cffca51e0765321854,00000794_7a0eb83adc44fdff18b73c7285dbab17,0.8648817539215088,0.2858721613883972,high_clip_low_dino
00000100_424992b68f9abb471365910f34775d53,00000951_4e17c8bf74433b5ad345cc644a346721,0.8555004596710205,0.2629181742668152,high_clip_low_dino
00000553_a9bdfecc3df9fbf752f845c83213da19,00000807_4c55944e25c2683c44e190462ddb2be5,0.8725833296775818,0.13648591935634613,high_clip_low_dino
00000510_12832e75c292246d46e970ec9e6b5fd9,00000570_21c662365a08370dbb50414675630b87,0.8559404611587524,0.27474498748779297,high_clip_low_dino
00000295_c5f280d746e7a9463ee23aea5f76e32e,00000408_bed0860fd4fcc5003020dcb03a40d3d8,0.862792432308197,0.29422152042388916,high_clip_low_dino
00000408_bed0860fd4fcc5003020dcb03a40d3d8,00000957_09a54e319cdbc5ed6b01e56e03c2a9f4,0.8614424467086792,0.16573074460029602,high_clip_low_dino
00000018_5349544821745fcdcc0b2a0f7b448b31,00000204_61ebcc4e3fbdc838b234710e2e5a30c6,0.8512565493583679,0.150346040725708,high_clip_low_dino
00000175_466608641cace3c8d246718fdf1042b4,00000918_98002f34889a740fb93b3550b73db673,0.8622898459434509,0.29853811860084534,high_clip_low_dino
00000473_a14106740f60e7bd69318c601920cdeb,00001018_71634fa538ca80a10c65ffe637a9580a,0.8515247702598572,0.24429070949554443,high_clip_low_dino
00000030_3f8e8999fc3a97309707aa2915aad2ef,00000167_1891c22a0df971ec2046347a36e34ddf,0.8566378355026245,0.2636774778366089,high_clip_low_dino
00000576_b4e869ad9a48791919e59acba5272870,00000764_f2cb28f2f20cc2bd5ee795b6dacca324,0.13707710802555084,0.9504802823066711,high_dino_low_clip
00000068_fedcd7d4cc13cc9618de25e117395eda,00000280_b73455405dc5f1afb955ddbb12269cd9,0.879935085773468,0.18273518979549408,high_clip_low_dino
00000475_e14f7f3d4e4facb36cda0dec9a0c337e,00000766_b406b29a35ac3b36f9e0b862c66e4089,0.851736843585968,0.25657132267951965,high_clip_low_dino
00000167_1891c22a0df971ec2046347a36e34ddf,00000614_e4056ca18da9308693956762ce4c82a0,0.8557051420211792,0.1834912747144699,high_clip_low_dino
00000390_1b7d36c1f3b2bcdc01a1a21825c3228c,00000957_683becf0eb30000d8e76287844d6d6ef,0.8546907305717468,0.28995996713638306,high_clip_low_dino
00000888_999a4a2c9d97172befd46f327b3d1fbc,00001021_5e6e3e2951de4c88aa722ad70cd36c1c,0.856705904006958,0.26029202342033386,high_clip_low_dino
00000070_8223debe34d07fa9d920069b318f4e45,00000888_999a4a2c9d97172befd46f327b3d1fbc,0.8717032074928284,0.15274930000305176,high_clip_low_dino
00000149_43aa458815e011b078b807fba7fb7b4a,00000255_5a2d09ae04ebd3b703b980164f15613d,0.8555753827095032,0.27833741903305054,high_clip_low_dino
00000159_0a2832b8474e0e790a85c27f5a0e34b1,00000562_90fa80a203c04c821db107f8bbe48bcd,0.852796196937561,0.2073683887720108,high_clip_low_dino
00000307_2bf38c9b0f2a000a7af158a14406243e,00000918_88bd2f029f9557bf2382abbbd56501e0,0.8577284812927246,0.2741086184978485,high_clip_low_dino
00000444_06c4cb3dcebb79a9524a5796ef9bdf66,00001015_7c4e6bcfe76263976b03c4c5d22fce7e,0.8560733199119568,0.24425272643566132,high_clip_low_dino
00000794_7a0eb83adc44fdff18b73c7285dbab17,00000820_7cd21beafcd6fedea08b5060e739388b,0.8953019380569458,0.22554631531238556,high_clip_low_dino
00000794_7a0eb83adc44fdff18b73c7285dbab17,00000997_48c999e6cf8ffe0caf0f0817986f8469,0.8613399863243103,0.28477907180786133,high_clip_low_dino
00000067_2539cf9476b35846e87696af7952d71d,00000280_b73455405dc5f1afb955ddbb12269cd9,0.8523819446563721,0.1354995220899582,high_clip_low_dino
00000126_4ff95e00915be5fba2e45d6447c92c2b,00000170_fb85eaa720ada999371bc6f444a48190,0.8648490309715271,0.23293763399124146,high_clip_low_dino
00000029_b3b84ee80cf7d165c74d7b1f9e91c90b,00000426_f5867da5209bb2b2f4c13dc849657308,0.8615780472755432,0.2848269045352936,high_clip_low_dino
00000605_ef0ac63d419f9d7c5b3ca96ed6766e36,00000692_99c8427da7c4682cfe12391afc0c1229,0.8537225723266602,0.28138667345046997,high_clip_low_dino
00000425_6e9eb71c0d7bb08f772d001f2d574191,00000844_0df30e719633117bf67795fe5e92c8d0,0.8627207279205322,0.22482740879058838,high_clip_low_dino
00000378_b0e256f61915c2d811453d4cf36ae1f4,00000958_1e504aa8c7252f5ac81d467b590cbfbc,0.8523270487785339,0.27347642183303833,high_clip_low_dino
00000407_b214c53df58d049de5f3c1c2ef3fa622,00000688_d41ea68b9ecb4f48f312baff8fbed5b6,0.8657215237617493,0.2502967119216919,high_clip_low_dino
00000001_3e3ed577b9f00c947d5ac14b84008187,00000339_a2087225fed966d40752370ebd61f221,0.8629541397094727,0.2835535705089569,high_clip_low_dino
00000037_48ee52e2f313e737b8ac3e9016b95992,00000557_937a47bf24b41e9bb361431646054ee2,0.8509864211082458,0.26396551728248596,high_clip_low_dino
00000230_3932a6b9bc0f4fdccb9ad4102fd1cffa,00000904_573cee2d8ba12c86f71ca27049a1faa0,0.8634749054908752,0.17419779300689697,high_clip_low_dino
00000789_91f86ef349cf4b626abb40542349850d,00000842_b6779e44454dd3aa125e90528881391e,0.8574115037918091,0.2814193069934845,high_clip_low_dino
00000691_831068d6cc409a4f7961ad49a806fd04,00000906_b03c07d6f8df48c18278b66ef263f834,0.8502656817436218,0.288425087928772,high_clip_low_dino
00000307_c1debb275634b1669eb4bb298f3564b2,00000584_47e4e41e4ebb5d13214e9a8dfe431130,0.8632968068122864,0.2518593370914459,high_clip_low_dino
00000768_eda1e00caade68174b29eef63f003bc4,00000990_02cde88799890689f22eb7354b78b19e,0.8513814806938171,0.2505662441253662,high_clip_low_dino
00000883_24a2032b456d5589d593dd7d4be55e42,00000910_80b17305e2f5845108e0a022336c37ff,0.858797013759613,0.2698540985584259,high_clip_low_dino
00000547_569155e7ac51249a46b1325c86d6126f,00000985_bd6a8d348ffa5ad662f0ba22a9f77788,0.855279803276062,0.2860666513442993,high_clip_low_dino
00000457_f6c7c4d0c92dea279d20cf8377de75f7,00000934_ae1ccf2d834750f7451b146661e5df5a,0.8566228747367859,0.2680070400238037,high_clip_low_dino
00000343_28069f21010b25fb4e9985780e34df45,00000677_1b1c83c0cc5c5805e84502f1b1c47753,0.8559876680374146,0.23108483850955963,high_clip_low_dino
00000088_49e894ca04778d803d0c33f30e1a81de,00000797_7b42d1d44e6f03a4291de2f6f055cb3f,0.13613374531269073,0.9550765752792358,high_dino_low_clip
00000725_194d13247b4639066f88169b6a6378be,00000918_88bd2f029f9557bf2382abbbd56501e0,0.8879378437995911,0.2878711223602295,high_clip_low_dino
00000099_a63335c5ffa6415aa5cc9f52f675c3d3,00000762_b0263f13ff87c8dbe826b6738964d7d1,0.8507932424545288,0.29490476846694946,high_clip_low_dino
00000282_d2823ff58733d886ee832ac36389567e,00000762_b0263f13ff87c8dbe826b6738964d7d1,0.8510931134223938,0.08942292630672455,high_clip_low_dino
00000552_a1e8600ec346539708c011966163ab49,00000982_f2b0fb5b42b6f827c8bdfd02574b6ab9,0.8635210990905762,0.29065218567848206,high_clip_low_dino
00000551_3aa08b9f676bec4cca903862d09d046d,00000845_931c364447a0f90bb2c561baa0fe3bfc,0.8704268336296082,0.2940615713596344,high_clip_low_dino
00000108_9cc1b51873c66dd1ae5286470fe0a470,00000982_f2b0fb5b42b6f827c8bdfd02574b6ab9,0.8973758816719055,0.24247881770133972,high_clip_low_dino
00000159_564e76e006cde517065c3346f9d9e5f2,00000368_755873914507a7eea95363b41e49a6b1,0.8519424796104431,0.2928312420845032,high_clip_low_dino
00000001_3e3ed577b9f00c947d5ac14b84008187,00000805_5b6320d553adfa429dccf7c6b9f913a8,0.8619367480278015,0.2164025604724884,high_clip_low_dino
00000596_11531a5bb5cfaf5127ddf5ddd534b231,00000918_88bd2f029f9557bf2382abbbd56501e0,0.8615875840187073,0.2838659882545471,high_clip_low_dino
00000849_6cb25095d7118019ced7d205810328d7,00000918_88bd2f029f9557bf2382abbbd56501e0,0.8510472774505615,0.27573922276496887,high_clip_low_dino
00000001_3e3ed577b9f00c947d5ac14b84008187,00000909_9b1e034dc9d2f4debf99b76044cf3c96,0.8623591065406799,0.23602771759033203,high_clip_low_dino
00000145_eaa1d6372070d70f0d2f6979cd6a7b9a,00000845_ba939d68be2f5542c0fe5caa123bfc3c,0.8709712624549866,0.25673842430114746,high_clip_low_dino
00000245_335ee4d614bce376f08d575328309b2f,00000358_9815b85f26c40ac47cd1dbae9513e656,0.8580907583236694,0.25530746579170227,high_clip_low_dino
00000000_123b039ca68622c4c4641ea7ac66bbbc,00000822_3ecada4ee20b45b3234fc8a586657885,0.8591752052307129,0.28137218952178955,high_clip_low_dino
00000343_28069f21010b25fb4e9985780e34df45,00000664_f448105e175c84fd44e4ae56cceda5b5,0.8594207763671875,0.1763445883989334,high_clip_low_dino
00000192_e0d74172ae60311f919de1f61eb10a2a,00000493_f695a0f32d4c01d833ddfb989128af66,0.13145695626735687,0.9506175518035889,high_dino_low_clip
00000128_682cef3475807b7d695cbb960df912d1,00000904_573cee2d8ba12c86f71ca27049a1faa0,0.8576803803443909,0.12790237367153168,high_clip_low_dino
00000356_9c529727be7c57f123c7ae3e090242a4,00000540_7f83242ee5632ad4349a4896a79580a6,0.8534492254257202,0.2932928502559662,high_clip_low_dino
00000628_6d3a75c88806bf6c5cf8186e057c229d,00000956_58f739804d4a31f4a472b0acda7cfe27,0.8548780679702759,0.17601647973060608,high_clip_low_dino
00000572_df32ad18e86de67283df5ca28791328d,00000663_510b0c2486500fa6bbe867f9f6649a15,0.8545709848403931,0.2550046741962433,high_clip_low_dino
00000072_6f773d3319ad1089fdaa37e2a4b46a91,00000572_df32ad18e86de67283df5ca28791328d,0.8667909502983093,0.20045068860054016,high_clip_low_dino
00000001_3e3ed577b9f00c947d5ac14b84008187,00000044_f66f63ea26379a588d4740a6b1c1536b,0.8616105914115906,0.25388193130493164,high_clip_low_dino
00000540_7f83242ee5632ad4349a4896a79580a6,00000794_7a0eb83adc44fdff18b73c7285dbab17,0.8583751320838928,0.2562897801399231,high_clip_low_dino
00000553_a9bdfecc3df9fbf752f845c83213da19,00000794_7a0eb83adc44fdff18b73c7285dbab17,0.873782753944397,0.24241052567958832,high_clip_low_dino
00000888_999a4a2c9d97172befd46f327b3d1fbc,00000912_e6ce9477016a222927bb089118d2792e,0.8602757453918457,0.13662615418434143,high_clip_low_dino
00000349_47da94b2a74d7aabd7969329099bf176,00000391_cfbee8481d4ff1f07ccb63c79bcefdf9,0.8565837144851685,0.25588199496269226,high_clip_low_dino
00000667_6c5be3453f0791e2e16b38ad03f03bf8,00000888_999a4a2c9d97172befd46f327b3d1fbc,0.8586684465408325,0.22247444093227386,high_clip_low_dino
00000533_407e6830405e611475ff1040f01e33b3,00000653_6f49bc40ce8f3b73e305a7815a7c66a8,0.8532705307006836,0.2795921266078949,high_clip_low_dino
00000421_6708ef07784a859787b09e49eb5ac157,00000789_91f86ef349cf4b626abb40542349850d,0.8648439049720764,0.2693641781806946,high_clip_low_dino
00000089_d70ef859975e6f1a31c3896998156c80,00000547_569155e7ac51249a46b1325c86d6126f,0.8555641770362854,0.2390429526567459,high_clip_low_dino
00000099_c946a199c6876eb28bb18a413321511c,00000617_d215d06798149bf437caa39d072848d4,0.8532462120056152,0.2789417803287506,high_clip_low_dino
00000262_8ef5ba54cf540b32c0d3042de4ddeda6,00000799_b0fe86c513b84f65d24ef377053cb4be,0.8592602014541626,0.2555176913738251,high_clip_low_dino
00000828_042e4fb7430fa597b5a60022398e04be,00001007_b67dbbd90f1bd4a75ea62fca3e2290a5,0.8554836511611938,0.24424107372760773,high_clip_low_dino
00000091_d6fbbd7e0008b96ccd1e303504d7c5b5,00000230_3932a6b9bc0f4fdccb9ad4102fd1cffa,0.8525444865226746,0.20954053103923798,high_clip_low_dino
00000231_cfdad2a421500a97efd0e16160c49204,00000409_c4111bc546a821003423bf61851d7ee3,0.14330828189849854,0.9504640698432922,high_dino_low_clip
00000571_8f209e4cf18ba2fe139b6e59aa9cba7f,00000651_8af2656be7ff3bca4e468d066d8470e2,0.8529394268989563,0.27915745973587036,high_clip_low_dino
00000117_9eb4a73809bf1311fb713a6d1a3e2772,00000457_f6c7c4d0c92dea279d20cf8377de75f7,0.8536064028739929,0.2825932800769806,high_clip_low_dino
00000606_138dd8cfb2b6545bf4f229c67f4e12a7,00000840_3e6afb4c65ef08009a339376eaf156b5,0.14033755660057068,0.9536827802658081,high_dino_low_clip
00000900_c8feb37654a185d5055deb8d1cbf54d4,00000921_897226dc1be8e2681d785b1f6f95272f,0.8571191430091858,0.2590540051460266,high_clip_low_dino
00000418_8ee5065926344290fbe7409770bd96c7,00000888_999a4a2c9d97172befd46f327b3d1fbc,0.8576818704605103,0.2973124086856842,high_clip_low_dino
00000160_968cba947d1ac01e34b22fb0860cf5fa,00000231_aa669dd18d83e75231ff7ee3e629142b,0.8552378416061401,0.2733156383037567,high_clip_low_dino
00000046_c8262676759fb8721c711c3e6b3d36da,00000807_4c55944e25c2683c44e190462ddb2be5,0.8612686395645142,0.24848008155822754,high_clip_low_dino
00000807_4c55944e25c2683c44e190462ddb2be5,00000858_2d3484a4e7080e5acd2b31492737a8e5,0.8817482590675354,0.2178703248500824,high_clip_low_dino
00000493_f695a0f32d4c01d833ddfb989128af66,00000624_76ec610df535b4e9cb35afc84189cc42,0.14098267257213593,0.9589826464653015,high_dino_low_clip
00000252_3ae0c45abeea2ebaf69465eea8657915,00000661_ae307632b35f6f0234e3c793aad2da5c,0.8535500764846802,0.14384189248085022,high_clip_low_dino
00000159_0a2832b8474e0e790a85c27f5a0e34b1,00000449_95ae9238946b5a6d37a424d43502c9cc,0.853225827217102,0.29337581992149353,high_clip_low_dino
00000422_36ef225475e0b921c9876cd1bb4849a1,00000710_9708c4a5ef07e0d0963b449785a1006c,0.8622309565544128,0.22323448956012726,high_clip_low_dino
00000422_36ef225475e0b921c9876cd1bb4849a1,00000733_2918eac549d008f246826f65df21b62e,0.8548471331596375,0.25280317664146423,high_clip_low_dino
00000522_d08dfe69650bfae64385e947fa48c572,00000765_9f7428540a051ec7ba8402023ab55959,0.8543214797973633,0.2605789005756378,high_clip_low_dino
00000126_4ff95e00915be5fba2e45d6447c92c2b,00000754_3f32d7bc744646b07167312ba752adb6,0.8618062138557434,0.29495880007743835,high_clip_low_dino
00000319_6cfaf5f750632af66fc81f7039b523a9,00000795_da9e04dee04a0e0d88e7c05e46f3b71c,0.8508443236351013,0.299202024936676,high_clip_low_dino
00000135_0f1b8e61953e8faf4d61a59719d1a642,00000757_9e693c6acfa4e28d105bc840e60d3a82,0.8519459962844849,0.2959728538990021,high_clip_low_dino
00000459_ecb90a95bedf81cf4ad60859c7f99968,00000910_25e3f8452a2e3d8082fb518276e2d04e,0.8595384359359741,0.2717948853969574,high_clip_low_dino
00000263_137b596e39a6c40b312d50ad5fbe4301,00000901_3b9f766f8699ae60cc8d6791508266fe,0.8525754809379578,0.28106895089149475,high_clip_low_dino
00000350_f90a7287f9195e508eaf0b73bc3f9175,00000845_4d51f7d1d04342f4ca656c02e7702dbc,0.8586485981941223,0.28895455598831177,high_clip_low_dino
00000012_e35fd494ef9a07c58c3880a87740a779,00000606_6606d3b0c331cb40b4d85529aab53051,0.14740295708179474,0.9596830606460571,high_dino_low_clip
00000422_36ef225475e0b921c9876cd1bb4849a1,00000890_971c81bb54612944ccf422cb13e16f0a,0.8634459972381592,0.242623969912529,high_clip_low_dino
00000422_36ef225475e0b921c9876cd1bb4849a1,00000436_63d8ad5de16a4eb813566ec2876391cd,0.8559778332710266,0.25437721610069275,high_clip_low_dino
00000070_fafa2516c3f454daa1b3a0679e50668c,00000807_4c55944e25c2683c44e190462ddb2be5,0.861578106880188,0.13268014788627625,high_clip_low_dino
00000308_ded0290f211402c976af199fd0915e56,00000807_4c55944e25c2683c44e190462ddb2be5,0.8602020740509033,0.1326514184474945,high_clip_low_dino
00000030_3f8e8999fc3a97309707aa2915aad2ef,00000156_200244f3679b5535ac7c25e7ae63005d,0.8603790402412415,0.17595425248146057,high_clip_low_dino
00000172_95425313a48e3124f5bd6da7ffd5f85e,00000627_b426a6feaf657cdefdbae22dcfa73e0b,0.853014349937439,0.2673132121562958,high_clip_low_dino
00000172_95425313a48e3124f5bd6da7ffd5f85e,00000692_99c8427da7c4682cfe12391afc0c1229,0.8520896434783936,0.21369005739688873,high_clip_low_dino
00000543_5379829d5297ffb7444bf01356c3490c,00000895_0b9e94f34f5a4b92786f6891767a6d80,0.8593587875366211,0.23788058757781982,high_clip_low_dino
00000405_d121209da10b61a4eb73d59bfa110d51,00000459_ecb90a95bedf81cf4ad60859c7f99968,0.8522343635559082,0.28648826479911804,high_clip_low_dino
00000067_2539cf9476b35846e87696af7952d71d,00000909_9b1e034dc9d2f4debf99b76044cf3c96,0.8818714022636414,0.2912352383136749,high_clip_low_dino
00000168_4cdc32cd60983f5bafcec04628001bd8,00000782_77c8ad0aa3dbe2c98f6b88f4b85a67f3,0.8541326522827148,0.2842520475387573,high_clip_low_dino
00000432_ecc26448707dab249e0cc373f0be84c7,00000579_b0836e423f92379a95908acf6c901de1,0.8661591410636902,0.28102394938468933,high_clip_low_dino
00000793_07e7a61d77efa34dd7539da63d6b899a,00000807_4c55944e25c2683c44e190462ddb2be5,0.8520941138267517,0.20594780147075653,high_clip_low_dino
00000420_39e7637313bb5fcab019087e5ca7d60d,00000807_4c55944e25c2683c44e190462ddb2be5,0.8525697588920593,0.28467661142349243,high_clip_low_dino
00000409_c4111bc546a821003423bf61851d7ee3,00000416_cd2dca9ef681dddd78d2b9ce4bb1c318,0.14330828189849854,0.9504640698432922,high_dino_low_clip
00000434_f4354f451a394b72572980c22b7111f4,00000699_7ac203b4914fd548c2bb4d0ae2259201,0.8542672991752625,0.2942495048046112,high_clip_low_dino
00000486_5fa2cec5e5c64ff22301d468a50de499,00000845_47d67dfa5c0aee6f87d237f129ba66b8,0.8630949854850769,0.2934006452560425,high_clip_low_dino
00000193_ca9cdfb3c2fcae2c01fc78ca039ce5ec,00000989_2f40c0c6074ee74ef26fd65409619ce1,0.1491696536540985,0.9519307613372803,high_dino_low_clip
00000627_b426a6feaf657cdefdbae22dcfa73e0b,00000954_6f9750d35ce25dbf1f0c5e0928a6e152,0.8521365523338318,0.2239530235528946,high_clip_low_dino
00000615_ce1e2f815365231540abbfabbd0c0573,00000692_99c8427da7c4682cfe12391afc0c1229,0.8814358115196228,0.284559428691864,high_clip_low_dino
00000688_ca8f43228e7a09fe87e7ebda082f04a6,00000692_99c8427da7c4682cfe12391afc0c1229,0.8631566762924194,0.28265058994293213,high_clip_low_dino
00000146_cb3a5b97a620e5b2487ba0908b27b91a,00000730_8e2ca1f0a1b125284de939e9ae8b58f6,0.8586862683296204,0.26058733463287354,high_clip_low_dino
00000452_0ffb665e0a8c5ee6030b83eff2bd040e,00000956_58f739804d4a31f4a472b0acda7cfe27,0.8619430661201477,0.1986207365989685,high_clip_low_dino
00000540_7f83242ee5632ad4349a4896a79580a6,00000956_58f739804d4a31f4a472b0acda7cfe27,0.8717185258865356,0.22318477928638458,high_clip_low_dino
00000487_31711fbbd1d7d3eae68f49671b3307ef,00000750_3ea51346706c6db40319c5273a3341f9,0.8554984927177429,0.16550593078136444,high_clip_low_dino
00000056_59d0964b9faa3b3c941a2c0005b1a3b4,00000605_ebc669a1b52fe094b179c1182fee3fb4,0.8550422191619873,0.2807013690471649,high_clip_low_dino
00000081_5838ec423ae2b16f1df9f14d388e48e8,00000918_98002f34889a740fb93b3550b73db673,0.857437014579773,0.29262104630470276,high_clip_low_dino
00000117_b71e8fb7c8186fa475d7e40bc584b6d6,00000944_05eb7b97e84644061f89f1bb5c9c9d0f,0.8785044550895691,0.26532623171806335,high_clip_low_dino
00000159_cd6337e06364def34f855cccb87d07eb,00000170_fb85eaa720ada999371bc6f444a48190,0.8629076480865479,0.15542446076869965,high_clip_low_dino
00000176_121193e10ab2b67e5ebbba8bdcf7a603,00001021_d4dccb1f026651c46ec18bc66f0682ae,0.8595600724220276,0.21285288035869598,high_clip_low_dino
00000037_48ee52e2f313e737b8ac3e9016b95992,00000486_5fa2cec5e5c64ff22301d468a50de499,0.8519160151481628,0.2872685194015503,high_clip_low_dino
00000538_be1fedc08d7a5032877724e17527668e,00001018_71634fa538ca80a10c65ffe637a9580a,0.850986659526825,0.2396240234375,high_clip_low_dino
00000091_d6fbbd7e0008b96ccd1e303504d7c5b5,00000891_592eee2f19b73d3d3c66ec3fccdcd8ab,0.8666229844093323,0.23643703758716583,high_clip_low_dino
00000552_c3c698038ac9512fdef6fc76442131f1,00000707_77c032b5efd4f449d310a536fc4e5955,0.8574963808059692,0.2924923002719879,high_clip_low_dino
00000160_968cba947d1ac01e34b22fb0860cf5fa,00000457_f6c7c4d0c92dea279d20cf8377de75f7,0.8635566830635071,0.14811564981937408,high_clip_low_dino
00000012_e35fd494ef9a07c58c3880a87740a779,00000086_fae08a40aa514ce862a220022b630cfc,0.14642634987831116,0.9586061835289001,high_dino_low_clip
00000086_fae08a40aa514ce862a220022b630cfc,00000784_b3192b7430757b865fb7a23806b91613,0.14642634987831116,0.9586061835289001,high_dino_low_clip
00000070_8223debe34d07fa9d920069b318f4e45,00000797_682e9d4b9a6d9c709f9ae7db2986ffd4,0.8505476117134094,0.24310651421546936,high_clip_low_dino
00000376_8b5483de09fe9d4d7cea516a0dc7552a,00000393_fe6023981ee14a4b4d658112f6ffc84b,0.8551233410835266,0.25859639048576355,high_clip_low_dino
00000265_81d6b2d536d787ea6278447c50e4ddad,00000531_407b4b10ab32c68aa75817b364dc1d86,0.8672985434532166,0.26151594519615173,high_clip_low_dino
00000015_1b9d468a2cc5059e189dc0cd88e0aaa3,00000422_36ef225475e0b921c9876cd1bb4849a1,0.8657528162002563,0.22418344020843506,high_clip_low_dino
00000265_81d6b2d536d787ea6278447c50e4ddad,00000422_36ef225475e0b921c9876cd1bb4849a1,0.8656775951385498,0.28869161009788513,high_clip_low_dino
00000730_da58583d98e07dc4dee3b34a99587e14,00000982_f2b0fb5b42b6f827c8bdfd02574b6ab9,0.8626798987388611,0.22385257482528687,high_clip_low_dino
00000130_3abcca8093aa2ecc3bfe7b52b6ed5804,00000852_f6da24de63e0abf9da5e96a02e0dfb6a,0.8557077646255493,0.27428296208381653,high_clip_low_dino
00000095_d74808c8c302b1c57a4b4cc30a081fcf,00000434_f4354f451a394b72572980c22b7111f4,0.8643391132354736,0.297143816947937,high_clip_low_dino
00000531_407b4b10ab32c68aa75817b364dc1d86,00000838_72ee1d817d705ee5b11eed2e3b384d6c,0.863717794418335,0.29352331161499023,high_clip_low_dino
00000175_ae92068553de5d06fc80db544d462f62,00000204_61ebcc4e3fbdc838b234710e2e5a30c6,0.8578282594680786,0.25797587633132935,high_clip_low_dino
00000380_eb6b0052d1afc84b9185a91e2e903f72,00000794_7a0eb83adc44fdff18b73c7285dbab17,0.8514954447746277,0.2844996750354767,high_clip_low_dino
00000557_937a47bf24b41e9bb361431646054ee2,00000794_7a0eb83adc44fdff18b73c7285dbab17,0.8523823022842407,0.2012217491865158,high_clip_low_dino
00000371_7081c92322aa1dcdf5d242a318b2ea36,00000891_e2a7d10ee05a75b8d9fa50c07b66bc07,0.8568655252456665,0.29812178015708923,high_clip_low_dino
00000724_a8c4f94cfe2c36f07d5caf5e214fa28e,00000755_d6e706ad5c34e82ea2e115ad59497192,0.8521499633789062,0.1862209141254425,high_clip_low_dino
00000501_47fb585381154bbdbf9e5b7bd9691b65,00000730_78de4a189b080452c5f06fe56adca661,0.8522554039955139,0.2540889382362366,high_clip_low_dino
00000675_53f1a8260bb144440d7748f2a9bbc527,00000918_98002f34889a740fb93b3550b73db673,0.8735083341598511,0.2975976765155792,high_clip_low_dino
00000455_190bd7baa09fbc66916d770109c278b3,00000823_74faf419a76232e185a32d34c82faac3,0.8509587645530701,0.2905605435371399,high_clip_low_dino
00000030_3f8e8999fc3a97309707aa2915aad2ef,00000806_e8d6c84aa2c743534c96a20928a272a9,0.8544989228248596,0.08183914422988892,high_clip_low_dino
00000845_ba939d68be2f5542c0fe5caa123bfc3c,00000916_3e6fa9d06b65accd5f4e3f10d9fe23c8,0.8538409471511841,0.256898432970047,high_clip_low_dino
00000725_194d13247b4639066f88169b6a6378be,00000845_ba939d68be2f5542c0fe5caa123bfc3c,0.8518929481506348,0.2740688621997833,high_clip_low_dino
00000393_fe6023981ee14a4b4d658112f6ffc84b,00000557_937a47bf24b41e9bb361431646054ee2,0.8546156287193298,0.15393945574760437,high_clip_low_dino
00000274_c820ff5756e3c25ce4e1da45df2f888a,00000514_93d4c1cad8289a7f033b055590528f18,0.8654738664627075,0.2990235388278961,high_clip_low_dino
00000422_36ef225475e0b921c9876cd1bb4849a1,00000613_df50e3fa524b7df4812e9dfc2b17193b,0.8529602289199829,0.2869168519973755,high_clip_low_dino
00000422_36ef225475e0b921c9876cd1bb4849a1,00000928_adf83b94e5e50c45a4daa630334d16bc,0.9015089273452759,0.2958800196647644,high_clip_low_dino
00000163_f7cac0887f3c5a25414697a2f045da03,00000692_99c8427da7c4682cfe12391afc0c1229,0.8560970425605774,0.24195367097854614,high_clip_low_dino
00000057_f6d560d868dc702117689a1ca3b80d7a,00000692_99c8427da7c4682cfe12391afc0c1229,0.8504220247268677,0.1536065638065338,high_clip_low_dino
00000170_fb85eaa720ada999371bc6f444a48190,00000699_d98dd1d3db8af5373948513ff033ef06,0.8663656711578369,0.17917922139167786,high_clip_low_dino
00000355_4de883cf89b24084d2c04f1ef2656086,00000943_2f1c517e6bcdfc83f847f36e1a365585,0.8547443151473999,0.21894365549087524,high_clip_low_dino
00000286_ff323f5a88358f288d835fa36450fbf0,00000692_99c8427da7c4682cfe12391afc0c1229,0.8758311867713928,0.282934308052063,high_clip_low_dino
00000341_b917ca99890f47eac78ce2e487c6d5a9,00000352_4961c5c9f77fc8c97d5ff8f99ea32780,0.8881309032440186,0.29179587960243225,high_clip_low_dino
00000398_8b319fcd2c9bdee7d90ddef6c9fb14ef,00000448_4add044844a487cbfcbda1ae934ec58b,0.8572677969932556,0.2931651771068573,high_clip_low_dino
00000033_9d2603de0e0f23c990583d377a8b9021,00000610_eb4f85550ce28d9f745faff946fff178,0.14492642879486084,0.9539642930030823,high_dino_low_clip
00000088_ade997b318f60dd03981c692c0ac1221,00000750_3ea51346706c6db40319c5273a3341f9,0.8917899131774902,0.27339041233062744,high_clip_low_dino
00000688_d41ea68b9ecb4f48f312baff8fbed5b6,00000956_58f739804d4a31f4a472b0acda7cfe27,0.8537259101867676,0.1975228190422058,high_clip_low_dino
00000376_29ae4f63ea1883ce3c3e8f51563f04fe,00000737_f5277fd26022852bfb1dc11cbf88d411,0.8520798087120056,0.2972533702850342,high_clip_low_dino
00000357_79f258b97b6cd16eba0ff3370992dab5,00000894_3ba4261095cc2573211eb0479bb7d8af,0.851288378238678,0.21328936517238617,high_clip_low_dino
00000352_4961c5c9f77fc8c97d5ff8f99ea32780,00000671_a2017f19b312dabd71ff66959f8b612e,0.8522032499313354,0.2980769872665405,high_clip_low_dino
00000043_00ceff310705eb548d7c3d743452193c,00000562_90fa80a203c04c821db107f8bbe48bcd,0.8562543988227844,0.21959127485752106,high_clip_low_dino
00000265_ec7119ac6bd9fa7c01264f56213f209c,00000528_041f549ed4c6fd70fcbfd64d8127d0f1,0.8616122007369995,0.2942638099193573,high_clip_low_dino
00000115_8a85740509975fa724423acbe4cdc287,00000301_9d71a731e98ef88a3e2c53b202a466c5,0.8581876158714294,0.2846221625804901,high_clip_low_dino
00000794_7a0eb83adc44fdff18b73c7285dbab17,00000996_07d4558f1a7d7c77bf23f7b39670b231,0.8621307611465454,0.2914435863494873,high_clip_low_dino
00000009_876e93324774ce883e82496c5ef45235,00000288_9dd8c1f374411287304763dac03b8e35,0.8534700870513916,0.23615749180316925,high_clip_low_dino
00000298_0e917a308467f8d7b4b27cf2991e56ca,00000337_b7115933a772653fa0bdbfe0b01de2d2,0.8553490042686462,0.21065789461135864,high_clip_low_dino
00000393_fe6023981ee14a4b4d658112f6ffc84b,00000537_ad5bd8b54ecbfd4dd7fe49bd0a38d7f0,0.8649919033050537,0.2434822916984558,high_clip_low_dino
00000708_ab334ffc5f5bb4404e9a350024160e2b,00000909_bfd51d3f402d8168e5fe94fe007cd14c,0.8517922759056091,0.18543462455272675,high_clip_low_dino
00000537_ad5bd8b54ecbfd4dd7fe49bd0a38d7f0,00000708_ab334ffc5f5bb4404e9a350024160e2b,0.8697307705879211,0.26315370202064514,high_clip_low_dino
00000458_4ef13ade88184885400c86a2444819b5,00000475_e14f7f3d4e4facb36cda0dec9a0c337e,0.859539270401001,0.2403530478477478,high_clip_low_dino
00000393_fe6023981ee14a4b4d658112f6ffc84b,00000532_6102251e4d12771b4ce13154549def4b,0.8601428270339966,0.24008619785308838,high_clip_low_dino
00000393_fe6023981ee14a4b4d658112f6ffc84b,00000975_ef54732d41277d820b3bd42891135b4c,0.8533831834793091,0.2648880183696747,high_clip_low_dino
00000048_a854f0b6a0321eb3b64da12f33e7b094,00000793_5f221ace8c100f5ed754635e13d1b3ac,0.13706743717193604,0.9529523253440857,high_dino_low_clip
00000638_3ae4b49ed41fc1b94cfdb3ab3ac47db0,00000755_207b0fcc5f357e0ec30caef18f1d767d,0.8517242670059204,0.18782544136047363,high_clip_low_dino
00000020_89780a75541157eed20561157a69281c,00000179_4cfaddebe3d783a7a3135f8042b77b27,0.8536208271980286,0.29665061831474304,high_clip_low_dino
00000822_6874ea2fb33a833c94143adf78bd713e,00000910_c3eee0ed41f17c64be81762a26372e97,0.8558647632598877,0.12438078224658966,high_clip_low_dino
00000319_6cfaf5f750632af66fc81f7039b523a9,00000845_ba939d68be2f5542c0fe5caa123bfc3c,0.8589880466461182,0.2635095715522766,high_clip_low_dino
00000708_ab334ffc5f5bb4404e9a350024160e2b,00000748_c9654fd69f27f53a70538459ea07560e,0.8648341298103333,0.21856771409511566,high_clip_low_dino
00000409_c4111bc546a821003423bf61851d7ee3,00000751_1b7a7ff87ee47dd021f21016d86eeb73,0.14330828189849854,0.9504640698432922,high_dino_low_clip
00000061_e6f3607b15cd184e73ae34d18e041db2,00000409_c4111bc546a821003423bf61851d7ee3,0.1458004117012024,0.9506110548973083,high_dino_low_clip
00000490_fa5f936aae1baa5c47afc4b9094b3999,00000986_c496ea10bedec7d46e94c1b42c430c33,0.8641784191131592,0.2177068293094635,high_clip_low_dino
00000434_f4354f451a394b72572980c22b7111f4,00000518_9f05a687a1ebef2f05acd3f6adaf1e68,0.8524361252784729,0.2949129641056061,high_clip_low_dino
00000455_ca9331ec64548eaf672d89bc184e0b35,00000741_f9e7f58ede6426e77433fabf5e9d9710,0.8559539318084717,0.2954533100128174,high_clip_low_dino
00000184_864a2dfe600ac432e605245a87d35c06,00000781_f55108497535e34b00a62999a8287695,0.8501883149147034,0.2657719850540161,high_clip_low_dino
00000567_9f818011d748896444bc0056aa4c963c,00000957_a42827158ea9de5325ed98006b27067d,0.1304948776960373,0.9552927613258362,high_dino_low_clip
00000196_b250170184a74cff47647d0babc1c55a,00000957_a42827158ea9de5325ed98006b27067d,0.1304948776960373,0.9552927613258362,high_dino_low_clip
00000001_3e3ed577b9f00c947d5ac14b84008187,00000352_2d7e40beb3cfdbfa7aed560b72e3ef64,0.876079261302948,0.2494061142206192,high_clip_low_dino
00000242_1fdc009fce18bfabd420d9cd084b8827,00000422_36ef225475e0b921c9876cd1bb4849a1,0.8619163036346436,0.2556687891483307,high_clip_low_dino
00000006_68635c62625f90c0e1295732c41230e9,00000940_3d85eb0dfbd9c9d517ce339ee6a5776b,0.85710608959198,0.2489715814590454,high_clip_low_dino
00000348_74438df66ba074e0563f84d4652f2e89,00000888_999a4a2c9d97172befd46f327b3d1fbc,0.851861298084259,0.28014400601387024,high_clip_low_dino
00000606_6606d3b0c331cb40b4d85529aab53051,00000784_b3192b7430757b865fb7a23806b91613,0.14740295708179474,0.9596830606460571,high_dino_low_clip
00000145_eaa1d6372070d70f0d2f6979cd6a7b9a,00000795_da9e04dee04a0e0d88e7c05e46f3b71c,0.8648259043693542,0.2758687138557434,high_clip_low_dino
00000136_503af7f1be89b44ecd8f8ddfd716cf67,00000363_bd95a2ed550ac2dacbbf9ebf52608fd4,0.8548911213874817,0.28747037053108215,high_clip_low_dino
00000352_4961c5c9f77fc8c97d5ff8f99ea32780,00000363_bd95a2ed550ac2dacbbf9ebf52608fd4,0.8882660865783691,0.2753034234046936,high_clip_low_dino
00000064_37a573e32e9279fca73c34c8e99b3bc2,00000543_5dfbf0270c64f6dff85192257bc692a6,0.8518201112747192,0.29387950897216797,high_clip_low_dino
00000094_0e72f203e8bd107e6d5727764a01b7ed,00000988_e1e00aa21774c85111024ea3557a4b91,0.8524896502494812,0.15576663613319397,high_clip_low_dino
00000175_466608641cace3c8d246718fdf1042b4,00000622_1605910473a99508ff61d4871b509454,0.8730729818344116,0.28953757882118225,high_clip_low_dino
00000010_d5253137612f41cff36b6ed8dedca0e1,00000320_5c24104dc56d5186a08d1d1fa6786eea,0.8531302213668823,0.26633965969085693,high_clip_low_dino
00000321_4aa3f5672d67ff432629f7ed19176f42,00000797_682e9d4b9a6d9c709f9ae7db2986ffd4,0.85531085729599,0.2867722809314728,high_clip_low_dino
00000051_8c2f563753b2cc15bdba25b28260ef8d,00000650_5c066a545d565181dd1843b9177a8157,0.14355774223804474,0.9546753168106079,high_dino_low_clip
00000457_f6c7c4d0c92dea279d20cf8377de75f7,00000605_ef0ac63d419f9d7c5b3ca96ed6766e36,0.8663321733474731,0.28704556822776794,high_clip_low_dino
00000022_511e69dc96edfb9229f18398f1d4da0a,00000758_505ad993799dcf7303f5449577488532,0.8558084964752197,0.28556686639785767,high_clip_low_dino
00000077_51df3b0426bafd5054facdde4d867315,00000325_6427991a7ba238f812376ef253569472,0.149870365858078,0.9507743716239929,high_dino_low_clip
00000037_48ee52e2f313e737b8ac3e9016b95992,00000954_6f9750d35ce25dbf1f0c5e0928a6e152,0.8510270118713379,0.2883494198322296,high_clip_low_dino
00000407_b214c53df58d049de5f3c1c2ef3fa622,00000954_6f9750d35ce25dbf1f0c5e0928a6e152,0.8529035449028015,0.25647664070129395,high_clip_low_dino
00000823_74faf419a76232e185a32d34c82faac3,00001019_0c29b3264258bf27ffabd77e42eeb5e2,0.8507605195045471,0.2988279461860657,high_clip_low_dino
00000306_9dae2d79ee1f94190f6ae0093080c1e1,00000617_d215d06798149bf437caa39d072848d4,0.8506208658218384,0.28343674540519714,high_clip_low_dino
00000409_c4111bc546a821003423bf61851d7ee3,00000428_e5548fb6b5f14d6518a2d780bfe4faa4,0.14330828189849854,0.9504640698432922,high_dino_low_clip
00000089_6423daba3daa4a3424abd8469a9f03fe,00000097_4b6f894f45348067e8aca802ab40a14c,0.8529065251350403,0.2947119474411011,high_clip_low_dino
00000125_b18cdbee88cdc70035d94e23d8366b7b,00000651_8af2656be7ff3bca4e468d066d8470e2,0.8652881383895874,0.28055524826049805,high_clip_low_dino
00000117_b71e8fb7c8186fa475d7e40bc584b6d6,00000851_6341c28ae5216421dfb868420e025d96,0.8538839221000671,0.2902132570743561,high_clip_low_dino
00000184_1014930e87b07394b6e0f9760b75fa23,00000982_f2b0fb5b42b6f827c8bdfd02574b6ab9,0.8650367259979248,0.24153845012187958,high_clip_low_dino
00000748_c9654fd69f27f53a70538459ea07560e,00000794_7a0eb83adc44fdff18b73c7285dbab17,0.8583009839057922,0.27079418301582336,high_clip_low_dino
00000457_f6c7c4d0c92dea279d20cf8377de75f7,00000748_c9654fd69f27f53a70538459ea07560e,0.853774905204773,0.2165091335773468,high_clip_low_dino
00000222_3912050c512050b84b25a03fd7449bfc,00000531_407b4b10ab32c68aa75817b364dc1d86,0.8636234998703003,0.21216434240341187,high_clip_low_dino
00000281_5bf1f764a3f0e03b4b095a114ed2d819,00000742_153edfc8684a0e83ffb3044d056aaf59,0.8644638061523438,0.20656001567840576,high_clip_low_dino
00000104_fb234074fafc42444857deb301c13b26,00000611_ba0c0249918dd13e999eaf9457a32f7f,0.8593258857727051,0.2940988540649414,high_clip_low_dino
00000457_f6c7c4d0c92dea279d20cf8377de75f7,00000906_1a2f9b6d9fb9e8734e6fee6a64fa187e,0.8577868938446045,0.20789295434951782,high_clip_low_dino
00000245_528f0943a3bbc154ba073945c3990479,00000457_f6c7c4d0c92dea279d20cf8377de75f7,0.869342029094696,0.28878161311149597,high_clip_low_dino
00000769_af8074a5a2de9e00cc70dab175c14a5e,00000998_26b217bd8457800e3a20493bc7d97c13,0.8591477274894714,0.2853987216949463,high_clip_low_dino
00000494_7c1b46927190addf554d4bbc56bdd8e6,00000918_88bd2f029f9557bf2382abbbd56501e0,0.8690797686576843,0.281211256980896,high_clip_low_dino
00000956_58f739804d4a31f4a472b0acda7cfe27,00000997_120d024cd0808b2920548e9a0e281f99,0.862472414970398,0.20029297471046448,high_clip_low_dino
00000352_4961c5c9f77fc8c97d5ff8f99ea32780,00000990_5414abd97c5eaf2dfec1d7fed1abdf9d,0.864568293094635,0.29828137159347534,high_clip_low_dino
00000365_f0db7be0c9b29f809eec6241979a6f23,00000726_258974429e6458eeba18e0d126e24d04,0.8546801805496216,0.2750135362148285,high_clip_low_dino
00000368_755873914507a7eea95363b41e49a6b1,00000880_8ed907e3835677f8bb6d0858aa44b6c6,0.8530179858207703,0.2905693054199219,high_clip_low_dino
00000807_4c55944e25c2683c44e190462ddb2be5,00000971_9ead314a71b516cb65087b41ad144551,0.852711021900177,0.1360369324684143,high_clip_low_dino
00000487_31711fbbd1d7d3eae68f49671b3307ef,00000606_2e2103b79203c4519f64556696115110,0.8590914607048035,0.18402999639511108,high_clip_low_dino
00000110_9680f97e69f3c206691b40409f313ad6,00000807_4c55944e25c2683c44e190462ddb2be5,0.8520625829696655,0.11884326487779617,high_clip_low_dino
00000186_bf7c09c322ca9833b443d0120fd4af53,00000449_95ae9238946b5a6d37a424d43502c9cc,0.8606879115104675,0.29036638140678406,high_clip_low_dino
00000574_bf73517b0861a964d58e25a1594ec28a,00000864_4ee5dc383b876e9b52ebb3c22a9253d1,0.8589487671852112,0.29887518286705017,high_clip_low_dino
00000024_227e534c4723ed9fb987fc14853a3b0a,00000030_3f8e8999fc3a97309707aa2915aad2ef,0.852652907371521,0.1738579124212265,high_clip_low_dino
00000447_6312d7224800b3d7502131783125e675,00000548_050b956a585ac6afd1e2a4915fbdf341,0.8574760556221008,0.23189982771873474,high_clip_low_dino
00000232_0771ff1a12bb407a778bbbd15588e116,00000990_02cde88799890689f22eb7354b78b19e,0.8685617446899414,0.2980269491672516,high_clip_low_dino
00000508_7e9db0541c5d95aace551bc12f6fe2d3,00000708_ab334ffc5f5bb4404e9a350024160e2b,0.860195517539978,0.2814427316188812,high_clip_low_dino
00000704_70a06acaf93641c289ed214df3cdc460,00000840_8ee15649371a44f4a0e47e1de74380f0,0.8531215786933899,0.22340501844882965,high_clip_low_dino
00000482_296f6134bbfac7c6e16b8d955f4717de,00000997_120d024cd0808b2920548e9a0e281f99,0.857185423374176,0.24164609611034393,high_clip_low_dino
00000341_83022077b2ffec3ec2164397f7e1c8d6,00000371_7081c92322aa1dcdf5d242a318b2ea36,0.8500704765319824,0.2027074247598648,high_clip_low_dino
00000115_8a85740509975fa724423acbe4cdc287,00000295_c5f280d746e7a9463ee23aea5f76e32e,0.8659332990646362,0.19732002913951874,high_clip_low_dino
00000268_187ff9f0dacb8e6e73d3da276a5d90dc,00000424_813e62fbb4a099e026d0adc62642e6eb,0.8748252987861633,0.2277459353208542,high_clip_low_dino
00000347_5bca735a5b56e540bb4b78e219eae336,00000457_f6c7c4d0c92dea279d20cf8377de75f7,0.8622087836265564,0.2655826508998871,high_clip_low_dino
00000240_fdaec727d9c48cc77ec205ca52942e69,00000315_1195e5b69bfc8ad78840a39c4c724854,0.8538196086883545,0.28761595487594604,high_clip_low_dino
00000357_a95d5eb3289c256d9d72d012a8f3244e,00000482_296f6134bbfac7c6e16b8d955f4717de,0.8558140993118286,0.28458917140960693,high_clip_low_dino
00000357_a95d5eb3289c256d9d72d012a8f3244e,00000799_b0fe86c513b84f65d24ef377053cb4be,0.8805004358291626,0.29328247904777527,high_clip_low_dino
00000888_999a4a2c9d97172befd46f327b3d1fbc,00000997_120d024cd0808b2920548e9a0e281f99,0.864372193813324,0.16513796150684357,high_clip_low_dino
00000888_999a4a2c9d97172befd46f327b3d1fbc,00000934_ae1ccf2d834750f7451b146661e5df5a,0.8546770811080933,0.28357139229774475,high_clip_low_dino
00000486_44985a63d5d9f388a7a82d1b3da6132e,00000957_a42827158ea9de5325ed98006b27067d,0.1304948776960373,0.9552927613258362,high_dino_low_clip
00000606_6606d3b0c331cb40b4d85529aab53051,00000797_7b42d1d44e6f03a4291de2f6f055cb3f,0.14740295708179474,0.9596830606460571,high_dino_low_clip
00000377_afce1006bd499d9b0947a135011b7d93,00000708_ab334ffc5f5bb4404e9a350024160e2b,0.8776223659515381,0.27431926131248474,high_clip_low_dino
00000308_ded0290f211402c976af199fd0915e56,00000708_ab334ffc5f5bb4404e9a350024160e2b,0.8620706796646118,0.17855186760425568,high_clip_low_dino
00000091_d6fbbd7e0008b96ccd1e303504d7c5b5,00000643_7ebb9f43bb6825535e6e33063414ed4c,0.8620603084564209,0.2651017904281616,high_clip_low_dino
00000165_c070d4b939e46a3b98b62d84c2e87fbc,00000295_60ecf7e76cbcc2d9b4f2552be23af254,0.8523189425468445,0.2806350290775299,high_clip_low_dino
00000030_3f8e8999fc3a97309707aa2915aad2ef,00000175_ae92068553de5d06fc80db544d462f62,0.8602611422538757,0.2305973619222641,high_clip_low_dino
00000557_937a47bf24b41e9bb361431646054ee2,00000956_58f739804d4a31f4a472b0acda7cfe27,0.8616262674331665,0.18172352015972137,high_clip_low_dino
00000223_3be14e690255d3a5c3034dd45d17fb78,00000895_0b9e94f34f5a4b92786f6891767a6d80,0.8600717782974243,0.259698748588562,high_clip_low_dino
00000091_d6fbbd7e0008b96ccd1e303504d7c5b5,00000739_2f788484ba7b4c5a00d27083d924c803,0.8534792065620422,0.26073524355888367,high_clip_low_dino
00000315_bdf465bbe5701f1f7a04d085d9c9197f,00000873_359f1d6a218d17c58fb024f5f2888843,0.8652777671813965,0.29234549403190613,high_clip_low_dino
00000794_7a0eb83adc44fdff18b73c7285dbab17,00000911_5509d3706a7b6e0dde3880cbe22e9339,0.8609519004821777,0.2857588827610016,high_clip_low_dino
00000543_dab934c01c3fda40ae2458aeda25dd77,00000774_179591943dc84036a1cad14b110fec1e,0.8528683185577393,0.298890620470047,high_clip_low_dino
00000496_bb32358784df4f7eb3b3b66363910c1a,00000782_af4048d2e4601d63666bdd760dcfb509,0.8526924252510071,0.2786649763584137,high_clip_low_dino
00000529_66a880c1caa059dd3e04e046983717ac,00000957_a42827158ea9de5325ed98006b27067d,0.1304948776960373,0.9552927613258362,high_dino_low_clip
00000457_f6c7c4d0c92dea279d20cf8377de75f7,00000587_de015b182bef20283b513399f35822f8,0.8653650283813477,0.2675396800041199,high_clip_low_dino
00000457_f6c7c4d0c92dea279d20cf8377de75f7,00000942_afd67eb9f702b7610f7dbf4804de768b,0.8823713660240173,0.2891758680343628,high_clip_low_dino
00000174_33b6546a0ecf946b7572df3f6ef293b1,00000782_af4048d2e4601d63666bdd760dcfb509,0.8509109616279602,0.22460533678531647,high_clip_low_dino
00000750_3ea51346706c6db40319c5273a3341f9,00000945_bee401a7896b333181fb0067b5ca0639,0.8714576363563538,0.2249697893857956,high_clip_low_dino
00000091_b350d031b88d0ebb9343c1cc2564a027,00000917_bbc2ca9104a3a1ac4a1977fd4e643061,0.8607227802276611,0.28884753584861755,high_clip_low_dino
00000386_aa7b62feb4b097febbde8c09e44cbf16,00000706_37a4c471f2fb7a1620c00fde6af2d7e8,0.8547407984733582,0.2660973072052002,high_clip_low_dino
00000393_fe6023981ee14a4b4d658112f6ffc84b,00000605_ef0ac63d419f9d7c5b3ca96ed6766e36,0.8504871726036072,0.2706848084926605,high_clip_low_dino
00000829_2ceb16affe62113dbdb1825cc9dd35fb,00000939_77eb12baec8f172b9bf35e267f51dc3a,0.8504568338394165,0.27030766010284424,high_clip_low_dino
00000386_aa7b62feb4b097febbde8c09e44cbf16,00000939_77eb12baec8f172b9bf35e267f51dc3a,0.8530886769294739,0.21954108774662018,high_clip_low_dino
00000000_123b039ca68622c4c4641ea7ac66bbbc,00000939_77eb12baec8f172b9bf35e267f51dc3a,0.8627164363861084,0.25137948989868164,high_clip_low_dino
00000082_5ee006c5369e82ac50ea3cf65d1b8af1,00000409_c4111bc546a821003423bf61851d7ee3,0.14330828189849854,0.9504640698432922,high_dino_low_clip
00000013_40c0119b52a861ec946664dcdafc1481,00000457_f6c7c4d0c92dea279d20cf8377de75f7,0.8576436042785645,0.28880026936531067,high_clip_low_dino
00000214_6f6e4be6467d7ce0640174127e5de7f1,00000434_f4354f451a394b72572980c22b7111f4,0.854564368724823,0.29148322343826294,high_clip_low_dino
00000422_36ef225475e0b921c9876cd1bb4849a1,00000900_a92dc4df33b319eba787092787cb7ff5,0.8704370260238647,0.259024053812027,high_clip_low_dino
00000012_6bd20c440c6ce9a1ce16f9b06272962a,00000221_8f27625e65186f76dd22a752134d9a2d,0.8601906895637512,0.20245037972927094,high_clip_low_dino
00000012_6bd20c440c6ce9a1ce16f9b06272962a,00000442_63d366e74c3ec9ded9a10dcf4569ee2c,0.8525924682617188,0.23228560388088226,high_clip_low_dino
00000221_8f27625e65186f76dd22a752134d9a2d,00000888_999a4a2c9d97172befd46f327b3d1fbc,0.8561204075813293,0.14107362926006317,high_clip_low_dino
00000055_fedad60f87d3bd3bd050917f4cec2cee,00000945_bee401a7896b333181fb0067b5ca0639,0.8610396981239319,0.25413236021995544,high_clip_low_dino
00000310_a951b9262da686acdcc2e74934c7d715,00000960_171b4c26db33428e1168e177e33d862f,0.8555663824081421,0.28476542234420776,high_clip_low_dino
00000894_3ba4261095cc2573211eb0479bb7d8af,00000908_89687e9512a4d4517123bf0339bbf83e,0.8518583178520203,0.23271280527114868,high_clip_low_dino
00000457_f6c7c4d0c92dea279d20cf8377de75f7,00000812_ef3b1ac69dfc234a8ae270f431a099a5,0.8513644933700562,0.21404075622558594,high_clip_low_dino
00000020_89780a75541157eed20561157a69281c,00000546_22d2a9229adb58a4b6ca2d3f56daa148,0.8732613325119019,0.27975594997406006,high_clip_low_dino
00000115_8a85740509975fa724423acbe4cdc287,00000159_cd6337e06364def34f855cccb87d07eb,0.8891476988792419,0.27641573548316956,high_clip_low_dino
00000077_51df3b0426bafd5054facdde4d867315,00000932_3bde28485d57e16b3b43137bf3d9cec1,0.149870365858078,0.9507743716239929,high_dino_low_clip
00000178_be7b1ee441ca2988c34fc2719395ac2c,00000236_da62b4f65d7df657c5bd357924a306b6,0.8678982853889465,0.26338276267051697,high_clip_low_dino
00000386_aa7b62feb4b097febbde8c09e44cbf16,00000799_b0fe86c513b84f65d24ef377053cb4be,0.8580794930458069,0.25798356533050537,high_clip_low_dino
00000425_163f166821b7897f51c3be4b9866f6f3,00000918_98002f34889a740fb93b3550b73db673,0.8770662546157837,0.29246649146080017,high_clip_low_dino
00000918_98002f34889a740fb93b3550b73db673,00001011_2b43bab0120896ae54e3a0d7fb3860bd,0.8513540029525757,0.29536956548690796,high_clip_low_dino
00000684_c8ead6095a5dbf77899edb3979f6b4d2,00000937_784c4ffcc30030a467287e589a82c29d,0.8583676815032959,0.2935387194156647,high_clip_low_dino
00000110_fe6a1f6e7b9902793c8b25400601bc6e,00000386_080b24d5352be4b0d2f05a300c2fa141,0.14556002616882324,0.950105607509613,high_dino_low_clip
00000845_ba939d68be2f5542c0fe5caa123bfc3c,00000946_6c6664ef1afcacc764a4f9bfdc856bda,0.8517783284187317,0.27330151200294495,high_clip_low_dino
00000421_6708ef07784a859787b09e49eb5ac157,00000873_359f1d6a218d17c58fb024f5f2888843,0.8688050508499146,0.2733837068080902,high_clip_low_dino
00000393_908d3da241ec579dd62a8df6d12539e5,00000422_36ef225475e0b921c9876cd1bb4849a1,0.8593079447746277,0.2554611563682556,high_clip_low_dino
00000793_118c5759578e7f07002c4d77bf3f3cc8,00000958_d2e4edd2a67d3deccde060c5c2a00315,0.13573451340198517,0.9595096707344055,high_dino_low_clip
00000157_46005822a7c02a72eda89db22a41898f,00000888_999a4a2c9d97172befd46f327b3d1fbc,0.8500285148620605,0.11603941768407822,high_clip_low_dino
00000888_999a4a2c9d97172befd46f327b3d1fbc,00000975_ef54732d41277d820b3bd42891135b4c,0.8702284693717957,0.2889999747276306,high_clip_low_dino
00000008_9a0da10f77d4778bc276b1d6d2668028,00000888_999a4a2c9d97172befd46f327b3d1fbc,0.8714978098869324,0.2787831723690033,high_clip_low_dino
00000475_e14f7f3d4e4facb36cda0dec9a0c337e,00000957_09a54e319cdbc5ed6b01e56e03c2a9f4,0.8582949638366699,0.26111534237861633,high_clip_low_dino
00000359_781e05fb2b9e21e775bd127d17c6bfb9,00000422_36ef225475e0b921c9876cd1bb4849a1,0.8627122044563293,0.2612013816833496,high_clip_low_dino
00000204_61ebcc4e3fbdc838b234710e2e5a30c6,00000647_9e509e6f5fb18176c3ca8d500f0c19dd,0.8707341551780701,0.16732646524906158,high_clip_low_dino
00000108_9cc1b51873c66dd1ae5286470fe0a470,00000984_05db71aae96e1e8c76fb23bd5c348384,0.8534054756164551,0.2805582880973816,high_clip_low_dino
00000692_99c8427da7c4682cfe12391afc0c1229,00000793_07e7a61d77efa34dd7539da63d6b899a,0.8640996217727661,0.24960148334503174,high_clip_low_dino
00000516_69c68a288e98badfed52e4931138e46a,00000680_7aedb77943759ba251a33cbde03825c9,0.852949857711792,0.2577454745769501,high_clip_low_dino
00000281_5bf1f764a3f0e03b4b095a114ed2d819,00000890_c2080fe2efad6cc428677a888975d112,0.855108380317688,0.2767444849014282,high_clip_low_dino
00000426_f5867da5209bb2b2f4c13dc849657308,00000797_682e9d4b9a6d9c709f9ae7db2986ffd4,0.8689196109771729,0.2281336784362793,high_clip_low_dino
00000569_64a78493dc51e8a8916991dd3df8f313,00000918_98002f34889a740fb93b3550b73db673,0.8546527028083801,0.297622948884964,high_clip_low_dino
00000210_c9528dafcfa9aa4b6c0dc6e0d5b8baa3,00000400_50fd996dc6820437cbc1f79b8de90639,0.8660672307014465,0.2871754467487335,high_clip_low_dino
00000465_05f85f788ee818f89c398aa474a2817a,00000529_327eea39e731ddc706d4b23bbe3498b0,0.8542364835739136,0.22607484459877014,high_clip_low_dino
00000465_05f85f788ee818f89c398aa474a2817a,00000910_3516a29829de39bb76752abd1b08aa32,0.8690223693847656,0.2501518130302429,high_clip_low_dino
00000012_6bd20c440c6ce9a1ce16f9b06272962a,00000501_47fb585381154bbdbf9e5b7bd9691b65,0.851993203163147,0.25262942910194397,high_clip_low_dino
00000531_407b4b10ab32c68aa75817b364dc1d86,00000689_4f014f00b0b6017e27fcaebf48869567,0.8513044118881226,0.20284919440746307,high_clip_low_dino
00000160_275e648fb912dfdef1ec82b3f5089a21,00000274_c820ff5756e3c25ce4e1da45df2f888a,0.8656771183013916,0.24708658456802368,high_clip_low_dino
00000777_76de308e25d56f4f411c5153cd97e11c,00000888_999a4a2c9d97172befd46f327b3d1fbc,0.8507798910140991,0.2784838080406189,high_clip_low_dino
00000793_118c5759578e7f07002c4d77bf3f3cc8,00000852_ee4bcdb4304175149524006c5e9c1771,0.13573451340198517,0.9595096707344055,high_dino_low_clip
00000522_d08dfe69650bfae64385e947fa48c572,00000998_26b217bd8457800e3a20493bc7d97c13,0.8583052754402161,0.23328538239002228,high_clip_low_dino
00000236_da62b4f65d7df657c5bd357924a306b6,00000592_63aec7085af69b402ebe0cefedf8732f,0.8579278588294983,0.2925203740596771,high_clip_low_dino
00000886_6434e4ad7b4da7d053af9166291e831b,00000888_999a4a2c9d97172befd46f327b3d1fbc,0.8679397702217102,0.29185888171195984,high_clip_low_dino
00000812_ef3b1ac69dfc234a8ae270f431a099a5,00000888_999a4a2c9d97172befd46f327b3d1fbc,0.8629582524299622,0.2228095531463623,high_clip_low_dino
00000393_cec9ff9d3ca1cb8b9a3de666597b579c,00000888_999a4a2c9d97172befd46f327b3d1fbc,0.8769399523735046,0.22136425971984863,high_clip_low_dino
00000842_b6779e44454dd3aa125e90528881391e,00000845_47d67dfa5c0aee6f87d237f129ba66b8,0.8646814823150635,0.2944905757904053,high_clip_low_dino
00000012_062a7ff31fcf34bb355f7215cac0307e,00000629_33e2dbb6dc2226c59c6261d8820d65ad,0.8526537418365479,0.25519025325775146,high_clip_low_dino
00000030_3f8e8999fc3a97309707aa2915aad2ef,00000128_682cef3475807b7d695cbb960df912d1,0.851389467716217,0.15306831896305084,high_clip_low_dino
00000073_9c3688ba3eac0326207bd88cb9dec87b,00000159_cd6337e06364def34f855cccb87d07eb,0.8553256392478943,0.2942200005054474,high_clip_low_dino
00000307_2bf38c9b0f2a000a7af158a14406243e,00000449_95ae9238946b5a6d37a424d43502c9cc,0.8515234589576721,0.28222379088401794,high_clip_low_dino
00000001_3e3ed577b9f00c947d5ac14b84008187,00000295_c5f280d746e7a9463ee23aea5f76e32e,0.8821091651916504,0.23682564496994019,high_clip_low_dino
00000282_d2823ff58733d886ee832ac36389567e,00000950_2dbbd63f9a4a3649a86a1cd537449063,0.8545179963111877,0.21209681034088135,high_clip_low_dino
00000110_e150c6379b73bd5d2e8241e58fe7b2e1,00000918_69d850564f96a06433ed2e7bee6ffeeb,0.8575704097747803,0.21144072711467743,high_clip_low_dino
00000282_d2823ff58733d886ee832ac36389567e,00000647_9e509e6f5fb18176c3ca8d500f0c19dd,0.864590585231781,0.22075413167476654,high_clip_low_dino
00000014_39066dc8329dcee0f6bdc4006cd9fac0,00000318_1abfd1fb27ea1dd7de4dfea46a1394b8,0.8505948185920715,0.20894137024879456,high_clip_low_dino
00000842_b6779e44454dd3aa125e90528881391e,00000873_359f1d6a218d17c58fb024f5f2888843,0.8696095943450928,0.2953043282032013,high_clip_low_dino
00000205_ac4e47036edc3d21edec4d07c671f441,00000873_359f1d6a218d17c58fb024f5f2888843,0.8631593585014343,0.2666116952896118,high_clip_low_dino
00000417_04b1fbb3175ecb8aa4bf91fb1d147c68,00000850_62796e12643f80588a2d0fccac110832,0.8519040942192078,0.25414741039276123,high_clip_low_dino
00000514_93d4c1cad8289a7f033b055590528f18,00001021_d4dccb1f026651c46ec18bc66f0682ae,0.861125648021698,0.24590082466602325,high_clip_low_dino
00000204_61ebcc4e3fbdc838b234710e2e5a30c6,00000514_93d4c1cad8289a7f033b055590528f18,0.8580359816551208,0.17946863174438477,high_clip_low_dino
00000553_884850b9f5650183c33b7af838695b9e,00000692_99c8427da7c4682cfe12391afc0c1229,0.8510103225708008,0.17094501852989197,high_clip_low_dino
00000553_884850b9f5650183c33b7af838695b9e,00000807_4c55944e25c2683c44e190462ddb2be5,0.8539851903915405,0.14200720191001892,high_clip_low_dino
00000593_21705066efa4ad82f6a549bc173e51bb,00000940_67d1f08c8ad09340641b2475c197ac06,0.8565145134925842,0.29868438839912415,high_clip_low_dino
00000799_b0fe86c513b84f65d24ef377053cb4be,00000943_5257836d178909e234fa7bbcd3945f6c,0.8572340607643127,0.2918928265571594,high_clip_low_dino
00000501_47fb585381154bbdbf9e5b7bd9691b65,00000692_99c8427da7c4682cfe12391afc0c1229,0.8944156765937805,0.23968975245952606,high_clip_low_dino
00000651_8af2656be7ff3bca4e468d066d8470e2,00000818_0f166e3992e8e3f9779fe4dd2ab0f669,0.8503122329711914,0.2515302300453186,high_clip_low_dino
00000295_c5f280d746e7a9463ee23aea5f76e32e,00000643_7ebb9f43bb6825535e6e33063414ed4c,0.852717936038971,0.1920379251241684,high_clip_low_dino
00000165_c070d4b939e46a3b98b62d84c2e87fbc,00000888_999a4a2c9d97172befd46f327b3d1fbc,0.8615560531616211,0.18321771919727325,high_clip_low_dino
00000397_6b318eb7c2e37223536255a2b0b95512,00000537_ad5bd8b54ecbfd4dd7fe49bd0a38d7f0,0.8512107729911804,0.2523372173309326,high_clip_low_dino
00000593_21705066efa4ad82f6a549bc173e51bb,00000646_e0b2365a6db859d48a606fae66de761d,0.8565232753753662,0.299135684967041,high_clip_low_dino
00000526_e4cc8c737734dc597e108af438965ea3,00000982_f2b0fb5b42b6f827c8bdfd02574b6ab9,0.8648895025253296,0.22365061938762665,high_clip_low_dino
00000380_3b7fdda6d4b0d3c666355bf2f1b2e6f8,00000982_f2b0fb5b42b6f827c8bdfd02574b6ab9,0.8512070775032043,0.2886371612548828,high_clip_low_dino
00000380_3b7fdda6d4b0d3c666355bf2f1b2e6f8,00000393_fe6023981ee14a4b4d658112f6ffc84b,0.8681761026382446,0.2550106644630432,high_clip_low_dino
00000906_1a2f9b6d9fb9e8734e6fee6a64fa187e,00000982_f2b0fb5b42b6f827c8bdfd02574b6ab9,0.8542823195457458,0.22044168412685394,high_clip_low_dino
00000457_f6c7c4d0c92dea279d20cf8377de75f7,00000671_e6e5893b589176030f406393742a8b6e,0.8603082895278931,0.27230679988861084,high_clip_low_dino
00000238_d0ec72f137ec5dbae6aa103e5149797a,00000593_21705066efa4ad82f6a549bc173e51bb,0.8536771535873413,0.2931695580482483,high_clip_low_dino
00000426_484ffd345900cdf67e5e649b0af7e6d0,00000531_407b4b10ab32c68aa75817b364dc1d86,0.8512143492698669,0.22042234241962433,high_clip_low_dino
00000041_887d51c9ced4739442eae0a8ce7a2fa9,00000055_fedad60f87d3bd3bd050917f4cec2cee,0.85529625415802,0.2657354176044464,high_clip_low_dino
00000295_c5f280d746e7a9463ee23aea5f76e32e,00000418_5e39031f7232d6954db1a083e0c260e0,0.8508239984512329,0.20694664120674133,high_clip_low_dino
00000597_3d01f09a7b66ec410dda8a791edb691d,00000629_33e2dbb6dc2226c59c6261d8820d65ad,0.8521971702575684,0.25478774309158325,high_clip_low_dino
00000004_3736d7c3b8ef4f9e3227e0a367a1a7d8,00000280_b73455405dc5f1afb955ddbb12269cd9,0.8546597957611084,0.1270204484462738,high_clip_low_dino
00000006_68635c62625f90c0e1295732c41230e9,00000011_bb56e9c0409e17ecc67524eb805ce572,0.8577073812484741,0.2983025014400482,high_clip_low_dino
00000204_61ebcc4e3fbdc838b234710e2e5a30c6,00001017_324417e7afcff059da0b44e23f8f8fa5,0.8540434241294861,0.1751980036497116,high_clip_low_dino
00000224_1d101ffcf7a37a4e587f5e42b4665f25,00000695_206b08679b31b493ab4e110c920a9d03,0.8557547926902771,0.2755698263645172,high_clip_low_dino
00000299_d9773575fb6a80afb798eda67e5ac937,00000867_67cb5fed5f301e7785be1a194c0016d4,0.86246258020401,0.23773877322673798,high_clip_low_dino
00000762_0c812ed5993e8c329ce0e94667f255c8,00001018_71634fa538ca80a10c65ffe637a9580a,0.850986659526825,0.2396240234375,high_clip_low_dino
00000393_fe6023981ee14a4b4d658112f6ffc84b,00000553_884850b9f5650183c33b7af838695b9e,0.8799696564674377,0.18991658091545105,high_clip_low_dino
00000407_b214c53df58d049de5f3c1c2ef3fa622,00000912_e6ce9477016a222927bb089118d2792e,0.8532649874687195,0.2435736209154129,high_clip_low_dino
00000845_47d67dfa5c0aee6f87d237f129ba66b8,00000912_e6ce9477016a222927bb089118d2792e,0.8785056471824646,0.27806901931762695,high_clip_low_dino
00000298_0e917a308467f8d7b4b27cf2991e56ca,00000990_9868d4a8d1c467d7d560258ccbe962d5,0.8603835701942444,0.2635136544704437,high_clip_low_dino
00000298_0e917a308467f8d7b4b27cf2991e56ca,00000562_c56fa679159ce344c9d217b5e548b84b,0.856303870677948,0.2273559868335724,high_clip_low_dino
00000067_419008c51f4f86be29061c7a00f25984,00000292_33253bfa312987eae85c0c9b5bef1228,0.853416919708252,0.23621220886707306,high_clip_low_dino
00000688_d41ea68b9ecb4f48f312baff8fbed5b6,00000789_91f86ef349cf4b626abb40542349850d,0.8587049841880798,0.2654944360256195,high_clip_low_dino
00000108_9cc1b51873c66dd1ae5286470fe0a470,00001014_1153a2beff83764c9e482504756a46ad,0.8562767505645752,0.23294149339199066,high_clip_low_dino
00000265_ec7119ac6bd9fa7c01264f56213f209c,00000400_50fd996dc6820437cbc1f79b8de90639,0.8541099429130554,0.2370353788137436,high_clip_low_dino
00000793_5f221ace8c100f5ed754635e13d1b3ac,00000953_19c817d4efb497c4ac6f48474edaa58e,0.13706743717193604,0.9529523253440857,high_dino_low_clip
00000445_323c52413a0c6f04bb35d989f3ca2e3c,00000982_f2b0fb5b42b6f827c8bdfd02574b6ab9,0.8572214245796204,0.23911459743976593,high_clip_low_dino
00000237_b67ea29307d59f66d6d3c4828404d8cd,00000445_323c52413a0c6f04bb35d989f3ca2e3c,0.86159747838974,0.27960318326950073,high_clip_low_dino
00000667_6c5be3453f0791e2e16b38ad03f03bf8,00000982_f2b0fb5b42b6f827c8bdfd02574b6ab9,0.8814243674278259,0.2821730673313141,high_clip_low_dino
00000982_f2b0fb5b42b6f827c8bdfd02574b6ab9,00001020_556ad00a58579241eeb5e16d33b0dfb7,0.855659544467926,0.2893543839454651,high_clip_low_dino
00000858_2d3484a4e7080e5acd2b31492737a8e5,00000982_f2b0fb5b42b6f827c8bdfd02574b6ab9,0.8683459162712097,0.28269457817077637,high_clip_low_dino
00000034_d696aaa121fe974df0b16e9abb01b8e5,00000807_4c55944e25c2683c44e190462ddb2be5,0.855201005935669,0.26848211884498596,high_clip_low_dino
00000348_74438df66ba074e0563f84d4652f2e89,00000807_4c55944e25c2683c44e190462ddb2be5,0.8538129925727844,0.2558934986591339,high_clip_low_dino
00000015_d8f036852960d9534c9a0454b3e8853c,00000976_6998000586e06f21566cd45ab7141172,0.14886097609996796,0.9550272226333618,high_dino_low_clip
00000324_80abd1a49bf8d6a42247d1f3acee345b,00000873_3f5e81d74e25635c73742355b3ba124c,0.8543274998664856,0.2813609540462494,high_clip_low_dino
00000070_4dc687a330cedbc4b7402a9edb095213,00000690_2341b99d2f35d603336beeeb9f8d722f,0.8547756671905518,0.2705761790275574,high_clip_low_dino
00000683_fc277c90c8753b1f718fa58439b1ec66,00000960_3cefc1c5c78587207a23ca84e1dbeadd,0.8524277210235596,0.26314371824264526,high_clip_low_dino
00000080_e11a8f087a16645661bfa02019f9f480,00000708_ab334ffc5f5bb4404e9a350024160e2b,0.8619902729988098,0.25296029448509216,high_clip_low_dino
00000708_ab334ffc5f5bb4404e9a350024160e2b,00000945_728979b7d06456cad82cb420e7128c54,0.857732355594635,0.2793160080909729,high_clip_low_dino
00000588_e159002ab6a33f82ef4093305f74b3ff,00000794_7a0eb83adc44fdff18b73c7285dbab17,0.8726163506507874,0.2863267660140991,high_clip_low_dino
00000000_c48501f605255e9f467253d9b5b96b2d,00000794_7a0eb83adc44fdff18b73c7285dbab17,0.86220383644104,0.29202473163604736,high_clip_low_dino
00000449_18f8fe1ea9d547ab87cee3792f161b7a,00000794_7a0eb83adc44fdff18b73c7285dbab17,0.8824061155319214,0.2397434264421463,high_clip_low_dino
00000794_7a0eb83adc44fdff18b73c7285dbab17,00000912_e6ce9477016a222927bb089118d2792e,0.8530958890914917,0.20311224460601807,high_clip_low_dino
00000793_07e7a61d77efa34dd7539da63d6b899a,00000888_999a4a2c9d97172befd46f327b3d1fbc,0.8660072684288025,0.224253311753273,high_clip_low_dino
00000271_df70996bb614859bbb83973916b44993,00000708_ab334ffc5f5bb4404e9a350024160e2b,0.8834296464920044,0.2934145927429199,high_clip_low_dino
00000394_4528c058fd90135945db447bce0576d3,00000930_2ef276d3ee5277f394e48016f40855b4,0.8543460965156555,0.29079142212867737,high_clip_low_dino
00000022_511e69dc96edfb9229f18398f1d4da0a,00000581_16306fb1d5b7cec9fe8a295405060147,0.8505726456642151,0.27335190773010254,high_clip_low_dino
00000088_49e894ca04778d803d0c33f30e1a81de,00000315_9669cd84f2cea0e08cb2ed5cbc293b14,0.1371433138847351,0.9559160470962524,high_dino_low_clip
00000494_7c1b46927190addf554d4bbc56bdd8e6,00000845_ba939d68be2f5542c0fe5caa123bfc3c,0.8533754944801331,0.26674410700798035,high_clip_low_dino
00000376_56fd674400af1961c7c5457a043d77a8,00000482_296f6134bbfac7c6e16b8d955f4717de,0.8625728487968445,0.25777724385261536,high_clip_low_dino
00000757_622b409cd298e0706ad3d72b850f61c2,00000762_b0263f13ff87c8dbe826b6738964d7d1,0.8635786175727844,0.19938872754573822,high_clip_low_dino
00000160_968cba947d1ac01e34b22fb0860cf5fa,00000295_60ecf7e76cbcc2d9b4f2552be23af254,0.8510352373123169,0.2334112673997879,high_clip_low_dino
00000839_524b2da371720077b8d58b28bec1ad67,00000945_bee401a7896b333181fb0067b5ca0639,0.8520776629447937,0.22876250743865967,high_clip_low_dino
00000954_6f9750d35ce25dbf1f0c5e0928a6e152,00000956_58f739804d4a31f4a472b0acda7cfe27,0.8710571527481079,0.18897366523742676,high_clip_low_dino
00000700_3d93b44ee2ae4bfe4f03320a660a77c8,00000701_9c43a6c0178ce8d23f9eebb284f2daf9,0.852974534034729,0.29604315757751465,high_clip_low_dino
00000573_f8330afe10922ebc485859323b24ce19,00000651_8af2656be7ff3bca4e468d066d8470e2,0.857180655002594,0.26247870922088623,high_clip_low_dino
00000407_b214c53df58d049de5f3c1c2ef3fa622,00000442_63d366e74c3ec9ded9a10dcf4569ee2c,0.8687984347343445,0.28457391262054443,high_clip_low_dino
00000070_fafa2516c3f454daa1b3a0679e50668c,00000789_91f86ef349cf4b626abb40542349850d,0.8872823119163513,0.28324094414711,high_clip_low_dino
00000576_d3d5af6baf41424978667d332399a49c,00000970_664a2cb2264fc5a8c5c4a5acf179b611,0.1339207887649536,0.9534504413604736,high_dino_low_clip
00000252_990c6aa42a4c6f1ff3635aa48c7aff13,00000400_50fd996dc6820437cbc1f79b8de90639,0.8557494878768921,0.2961863577365875,high_clip_low_dino
00000416_0f4ba470a58108753b4a1772f7db353a,00000581_16306fb1d5b7cec9fe8a295405060147,0.8505726456642151,0.27335190773010254,high_clip_low_dino
00000766_e05025b359dbadcdec63a9f17af7ed5b,00000894_3ba4261095cc2573211eb0479bb7d8af,0.8602086901664734,0.20040954649448395,high_clip_low_dino
00000149_0c7824381f5f2e4b0944ae6a2a22cce6,00000888_999a4a2c9d97172befd46f327b3d1fbc,0.8658475279808044,0.26159238815307617,high_clip_low_dino
00000134_324b4cf0a99c63cffca51e0765321854,00000888_999a4a2c9d97172befd46f327b3d1fbc,0.8675416111946106,0.23276624083518982,high_clip_low_dino
00000055_fedad60f87d3bd3bd050917f4cec2cee,00000512_b0bbded97f2dbae6e326a80608084bb5,0.8550086617469788,0.2780781686306,high_clip_low_dino
00000125_d6ab110131470ee722711116c0d2911a,00000949_322dc603b668707d44cc4d75786e4606,0.8557235598564148,0.19206184148788452,high_clip_low_dino
00000228_44de3a7130cd06386a705c307eb1a80b,00000281_5bf1f764a3f0e03b4b095a114ed2d819,0.8585004210472107,0.2558867931365967,high_clip_low_dino
00000605_ef0ac63d419f9d7c5b3ca96ed6766e36,00000888_999a4a2c9d97172befd46f327b3d1fbc,0.8650336265563965,0.2923729717731476,high_clip_low_dino
00000644_3404afa4da90ee4adddf3d2370dafe49,00000888_999a4a2c9d97172befd46f327b3d1fbc,0.8528730273246765,0.20056359469890594,high_clip_low_dino
00000104_fb234074fafc42444857deb301c13b26,00000985_bd6a8d348ffa5ad662f0ba22a9f77788,0.8696989417076111,0.27418050169944763,high_clip_low_dino
00000493_f695a0f32d4c01d833ddfb989128af66,00000899_310eeaec808ecc549007f71835f01dd4,0.13145695626735687,0.9506175518035889,high_dino_low_clip
00000048_a854f0b6a0321eb3b64da12f33e7b094,00000957_a42827158ea9de5325ed98006b27067d,0.1304948776960373,0.9552927613258362,high_dino_low_clip
00000307_c1debb275634b1669eb4bb298f3564b2,00000921_897226dc1be8e2681d785b1f6f95272f,0.8680939674377441,0.2951250672340393,high_clip_low_dino
00000001_3e3ed577b9f00c947d5ac14b84008187,00000458_4ef13ade88184885400c86a2444819b5,0.8519941568374634,0.19949446618556976,high_clip_low_dino
00000357_a95d5eb3289c256d9d72d012a8f3244e,00000956_58f739804d4a31f4a472b0acda7cfe27,0.85564786195755,0.2184469848871231,high_clip_low_dino
00000945_4a27fc7bafee4d39985bdbb98975efa0,00000976_6998000586e06f21566cd45ab7141172,0.14650166034698486,0.9538326263427734,high_dino_low_clip
00000452_0ffb665e0a8c5ee6030b83eff2bd040e,00000692_99c8427da7c4682cfe12391afc0c1229,0.8650442957878113,0.16581478714942932,high_clip_low_dino
00000512_b0bbded97f2dbae6e326a80608084bb5,00000768_a9c9b089a43eeae56ae5948808db32d4,0.8516474366188049,0.27979210019111633,high_clip_low_dino
00000753_05f6aa4e34602e82191b36f20640a980,00000823_74faf419a76232e185a32d34c82faac3,0.8507157564163208,0.29637715220451355,high_clip_low_dino
00000708_ab334ffc5f5bb4404e9a350024160e2b,00000874_619452031e8965ec653a05cf2553774f,0.855609118938446,0.27351829409599304,high_clip_low_dino
00000430_c2eed699f9ad2492c552a3c5f6e16d6d,00000467_24d426e9ec237c83e46edfa6dc3f71ce,0.14509940147399902,0.9512233138084412,high_dino_low_clip
00000218_649110b069496f1a63a391eb333f8715,00000343_28069f21010b25fb4e9985780e34df45,0.8557425737380981,0.17378786206245422,high_clip_low_dino
00000176_121193e10ab2b67e5ebbba8bdcf7a603,00000762_b0263f13ff87c8dbe826b6738964d7d1,0.8526241779327393,0.22335994243621826,high_clip_low_dino
00000371_7081c92322aa1dcdf5d242a318b2ea36,00000452_ef0e18f94d734fbf3335701d05b50c07,0.8505773544311523,0.2242661863565445,high_clip_low_dino
00000088_4430b8242ab487abc66033cdf4ba6119,00000371_7081c92322aa1dcdf5d242a318b2ea36,0.8553299903869629,0.1952826976776123,high_clip_low_dino
00000393_fe6023981ee14a4b4d658112f6ffc84b,00000858_2d3484a4e7080e5acd2b31492737a8e5,0.8686679005622864,0.2402203530073166,high_clip_low_dino
00000262_54db977a2148a01bdad4fd65b965d442,00000858_2d3484a4e7080e5acd2b31492737a8e5,0.8568856120109558,0.2719155251979828,high_clip_low_dino
00000742_153edfc8684a0e83ffb3044d056aaf59,00000831_9c50447123a58b2de3b28e9a2e0ab4c0,0.853042721748352,0.24354508519172668,high_clip_low_dino
00000708_ab334ffc5f5bb4404e9a350024160e2b,00000850_3a0af9b25518247258ccd03825f23c46,0.8572436571121216,0.2674228847026825,high_clip_low_dino
00000540_7f83242ee5632ad4349a4896a79580a6,00000797_682e9d4b9a6d9c709f9ae7db2986ffd4,0.8571881055831909,0.2710907757282257,high_clip_low_dino
00000177_f9263a2e9e08490f135623187bc9621a,00000365_f0db7be0c9b29f809eec6241979a6f23,0.8663899302482605,0.2903745770454407,high_clip_low_dino
00000420_39e7637313bb5fcab019087e5ca7d60d,00000629_33e2dbb6dc2226c59c6261d8820d65ad,0.8511177897453308,0.285335898399353,high_clip_low_dino
00000459_47d056c96d2fbb9318d846b85187c559,00000849_b63a962ef045351940b2619aee17b764,0.8609195351600647,0.29264533519744873,high_clip_low_dino
00000449_1c949846e4ee68192a3149d0153de9c0,00000918_98002f34889a740fb93b3550b73db673,0.8727695345878601,0.29645073413848877,high_clip_low_dino
00000331_94ffaea72593be1e0de554eff03d8201,00000560_ae788cc8eb4cc3d33a472f0e8c6539b8,0.11822480708360672,0.9516841769218445,high_dino_low_clip
00000557_14de296a55de4501fbee79979df16981,00000793_5f221ace8c100f5ed754635e13d1b3ac,0.13706743717193604,0.9529523253440857,high_dino_low_clip
00000422_36ef225475e0b921c9876cd1bb4849a1,00000863_bec71210ec6b7cdee5bcd989a15ca37f,0.8619366884231567,0.22984056174755096,high_clip_low_dino
00000835_c8e8c725f44b2cc3feb7cb787871c2d7,00001017_c002c0b58b69181d36ab197aaceeb2a4,0.14852946996688843,0.9575742483139038,high_dino_low_clip
00000315_bdf465bbe5701f1f7a04d085d9c9197f,00000423_0ff2e5488415df1be7b68b167248c666,0.850583016872406,0.2943141460418701,high_clip_low_dino
00000088_49e894ca04778d803d0c33f30e1a81de,00000784_b3192b7430757b865fb7a23806b91613,0.13613374531269073,0.9550765752792358,high_dino_low_clip
00000145_eaa1d6372070d70f0d2f6979cd6a7b9a,00000400_50fd996dc6820437cbc1f79b8de90639,0.8550325632095337,0.28022921085357666,high_clip_low_dino
00000108_9cc1b51873c66dd1ae5286470fe0a470,00000799_b0fe86c513b84f65d24ef377053cb4be,0.8846105933189392,0.2971000671386719,high_clip_low_dino
00000586_e55b298a172f2f806da0eba579207793,00000807_4c55944e25c2683c44e190462ddb2be5,0.8546827435493469,0.25168687105178833,high_clip_low_dino
00000080_e11a8f087a16645661bfa02019f9f480,00000807_4c55944e25c2683c44e190462ddb2be5,0.8532080054283142,0.2341664433479309,high_clip_low_dino
00000439_d0cd69f578cc2fe3d9e9dd57149b5a2a,00000807_4c55944e25c2683c44e190462ddb2be5,0.8519660234451294,0.23361247777938843,high_clip_low_dino
00000277_eb045374a5e1ef455b20a1cb64a96044,00000459_ecb90a95bedf81cf4ad60859c7f99968,0.8597553968429565,0.29573822021484375,high_clip_low_dino
00000537_ad5bd8b54ecbfd4dd7fe49bd0a38d7f0,00000629_33e2dbb6dc2226c59c6261d8820d65ad,0.8532246947288513,0.2802136242389679,high_clip_low_dino
00000091_d6fbbd7e0008b96ccd1e303504d7c5b5,00000355_4de883cf89b24084d2c04f1ef2656086,0.8666576147079468,0.2961224317550659,high_clip_low_dino
00000427_9b8f09d70fce2a2d6c79d71957c1f1e6,00000533_407e6830405e611475ff1040f01e33b3,0.8714797496795654,0.2906056344509125,high_clip_low_dino
00000001_3e3ed577b9f00c947d5ac14b84008187,00000755_207b0fcc5f357e0ec30caef18f1d767d,0.8700133562088013,0.2371455729007721,high_clip_low_dino
00000001_3e3ed577b9f00c947d5ac14b84008187,00000665_e92551af1e3e8c9c5b1e7cb3345d9dae,0.8540400266647339,0.24361750483512878,high_clip_low_dino
00000204_61ebcc4e3fbdc838b234710e2e5a30c6,00000230_3932a6b9bc0f4fdccb9ad4102fd1cffa,0.8566528558731079,0.22207583487033844,high_clip_low_dino
00000380_eb6b0052d1afc84b9185a91e2e903f72,00000692_99c8427da7c4682cfe12391afc0c1229,0.859512448310852,0.2522364556789398,high_clip_low_dino
00000295_c5f280d746e7a9463ee23aea5f76e32e,00000458_4ef13ade88184885400c86a2444819b5,0.8545187711715698,0.26734691858291626,high_clip_low_dino
00000428_9053c29aeccdcc036b1e395140bc12c0,00000531_407b4b10ab32c68aa75817b364dc1d86,0.8570978045463562,0.24401453137397766,high_clip_low_dino
00000422_36ef225475e0b921c9876cd1bb4849a1,00000495_0c505b01ff405d59a2263052e6a82a72,0.8624549508094788,0.27781736850738525,high_clip_low_dino
00000045_64347ca13ba3fcbcec2670ec8061e058,00000069_d5f9436118d229ab252dc14fc12c29fc,0.14201544225215912,0.9537185430526733,high_dino_low_clip
00000226_9c4c3aacbe3fe08123109a34364624d2,00000925_162995459560c88c98ad0ca81aa8e8bf,0.85001140832901,0.29456913471221924,high_clip_low_dino
00000282_d2823ff58733d886ee832ac36389567e,00001017_324417e7afcff059da0b44e23f8f8fa5,0.8524454832077026,0.20651912689208984,high_clip_low_dino
00000376_eaaf5eb1a8cf19159b2e7a9d92c6be97,00000613_a8e6307f85c51965aa5652108ffe6680,0.8506966829299927,0.2704744040966034,high_clip_low_dino
00000741_e3d67c57aa551a904d728a93f5ebe33f,00000918_98002f34889a740fb93b3550b73db673,0.8696535229682922,0.27881357073783875,high_clip_low_dino
00000000_c48501f605255e9f467253d9b5b96b2d,00000393_fe6023981ee14a4b4d658112f6ffc84b,0.8530136346817017,0.23902378976345062,high_clip_low_dino
00000000_c48501f605255e9f467253d9b5b96b2d,00000956_58f739804d4a31f4a472b0acda7cfe27,0.8769519925117493,0.29496079683303833,high_clip_low_dino
00000126_4ff95e00915be5fba2e45d6447c92c2b,00000882_b6a2d05e2711966fc9c8df08cc37570b,0.8534261584281921,0.2847439646720886,high_clip_low_dino
00000236_da62b4f65d7df657c5bd357924a306b6,00000922_dd2da59e15be551fcb2409fed9f50fe5,0.8707767724990845,0.2746155560016632,high_clip_low_dino
00000308_ded0290f211402c976af199fd0915e56,00000482_296f6134bbfac7c6e16b8d955f4717de,0.853277862071991,0.27602800726890564,high_clip_low_dino
00000588_e159002ab6a33f82ef4093305f74b3ff,00000888_999a4a2c9d97172befd46f327b3d1fbc,0.8690621256828308,0.22952452301979065,high_clip_low_dino
00000018_5349544821745fcdcc0b2a0f7b448b31,00000295_c5f280d746e7a9463ee23aea5f76e32e,0.8573086857795715,0.299093633890152,high_clip_low_dino
00000295_c5f280d746e7a9463ee23aea5f76e32e,00000909_9b1e034dc9d2f4debf99b76044cf3c96,0.8620694279670715,0.2720869779586792,high_clip_low_dino
00000850_62796e12643f80588a2d0fccac110832,00000928_adf83b94e5e50c45a4daa630334d16bc,0.8560678958892822,0.2680107057094574,high_clip_low_dino
00000798_3014b5b6e8bfe3d573c85367548939b2,00000850_62796e12643f80588a2d0fccac110832,0.8733728528022766,0.2706284821033478,high_clip_low_dino
00000261_5dbf821b63f7fc27ddc62bc373a6a944,00000879_515a44a33bed5a223cec217744a4848f,0.8512409925460815,0.27559027075767517,high_clip_low_dino
00000295_c5f280d746e7a9463ee23aea5f76e32e,00000904_573cee2d8ba12c86f71ca27049a1faa0,0.8765804767608643,0.12929578125476837,high_clip_low_dino
00000265_81d6b2d536d787ea6278447c50e4ddad,00000533_407e6830405e611475ff1040f01e33b3,0.8510178923606873,0.27477720379829407,high_clip_low_dino
00000449_18f8fe1ea9d547ab87cee3792f161b7a,00000982_f2b0fb5b42b6f827c8bdfd02574b6ab9,0.8615142703056335,0.21331143379211426,high_clip_low_dino
00000819_78c27ac92b264f8fab36e7d5ac669b45,00000982_f2b0fb5b42b6f827c8bdfd02574b6ab9,0.8595860004425049,0.21950389444828033,high_clip_low_dino
00000393_fe6023981ee14a4b4d658112f6ffc84b,00000586_e55b298a172f2f806da0eba579207793,0.8716678619384766,0.2896943986415863,high_clip_low_dino
00000001_3e3ed577b9f00c947d5ac14b84008187,00000302_1970ce8fcd68a34e5605f7684ea38b93,0.8591265082359314,0.2921241819858551,high_clip_low_dino
00000422_36ef225475e0b921c9876cd1bb4849a1,00000470_e3a3e264dcf13224f52dfc53a0b3fef1,0.8689179420471191,0.24954470992088318,high_clip_low_dino
00000417_04b1fbb3175ecb8aa4bf91fb1d147c68,00000422_36ef225475e0b921c9876cd1bb4849a1,0.8675468564033508,0.28273695707321167,high_clip_low_dino
00000068_ffee53abdd12964bc18daca3a3c29319,00000794_7a0eb83adc44fdff18b73c7285dbab17,0.8726782202720642,0.2825115919113159,high_clip_low_dino
00000003_db7907b41f27d03d322b0737986521ed,00000651_8af2656be7ff3bca4e468d066d8470e2,0.8573469519615173,0.2727564871311188,high_clip_low_dino
00000460_01ba22d03873e84aede566963d1c43a7,00000867_67cb5fed5f301e7785be1a194c0016d4,0.861968457698822,0.23375669121742249,high_clip_low_dino
00000850_62796e12643f80588a2d0fccac110832,00000895_0b9e94f34f5a4b92786f6891767a6d80,0.8651229739189148,0.29389142990112305,high_clip_low_dino
00000006_68635c62625f90c0e1295732c41230e9,00000605_ef0ac63d419f9d7c5b3ca96ed6766e36,0.857137143611908,0.2775404155254364,high_clip_low_dino
00000262_54db977a2148a01bdad4fd65b965d442,00000842_b6779e44454dd3aa125e90528881391e,0.8509396910667419,0.23787528276443481,high_clip_low_dino
00000553_bb4cf67964c00e5cda8348b13f6203c1,00000791_5a0b778010b52853afa5d08f6d9157e2,0.8558267951011658,0.2515275776386261,high_clip_low_dino
00000494_7c1b46927190addf554d4bbc56bdd8e6,00000795_da9e04dee04a0e0d88e7c05e46f3b71c,0.8553674817085266,0.2882247865200043,high_clip_low_dino
00000799_b0fe86c513b84f65d24ef377053cb4be,00000954_6f9750d35ce25dbf1f0c5e0928a6e152,0.8568825721740723,0.25090116262435913,high_clip_low_dino
00000344_746f3b05bb6de4fe42765e92a958f52a,00000409_c4111bc546a821003423bf61851d7ee3,0.14330828189849854,0.9504640698432922,high_dino_low_clip
00000546_b1563003118df6d0e1ac5422b609ab35,00001014_1153a2beff83764c9e482504756a46ad,0.8536515235900879,0.29916995763778687,high_clip_low_dino
00000785_0ba29b415bcc3bd6ebd8b7894a4f2003,00000956_58f739804d4a31f4a472b0acda7cfe27,0.859803318977356,0.21313472092151642,high_clip_low_dino
00000255_5a2d09ae04ebd3b703b980164f15613d,00000463_1e2e25ca9797f0244932077f604ad779,0.8559501767158508,0.28772732615470886,high_clip_low_dino
00000006_68635c62625f90c0e1295732c41230e9,00000299_99c0ffcfa95e0488768767a4379862f9,0.8625344634056091,0.2866554856300354,high_clip_low_dino
00000262_8ef5ba54cf540b32c0d3042de4ddeda6,00000692_99c8427da7c4682cfe12391afc0c1229,0.8531309962272644,0.1424301564693451,high_clip_low_dino
00000230_97f4b7588a9755e34adff55a53fbb26a,00000613_a8e6307f85c51965aa5652108ffe6680,0.8600097298622131,0.2751563787460327,high_clip_low_dino
00000245_63f2b5589f03fed1d70eef8d225ffce3,00000400_50fd996dc6820437cbc1f79b8de90639,0.8723114132881165,0.2746274769306183,high_clip_low_dino
00000400_50fd996dc6820437cbc1f79b8de90639,00000891_5b1ba16d7a596cce7718ebf6bb98ddd5,0.8692660331726074,0.28971201181411743,high_clip_low_dino
00000449_95ae9238946b5a6d37a424d43502c9cc,00000891_5b1ba16d7a596cce7718ebf6bb98ddd5,0.8506888747215271,0.25857242941856384,high_clip_low_dino
00000068_ffee53abdd12964bc18daca3a3c29319,00000457_f6c7c4d0c92dea279d20cf8377de75f7,0.8589686155319214,0.22805100679397583,high_clip_low_dino
00000183_6b64ea3bfe82da3e3a1cd3cfa31493fd,00000708_ab334ffc5f5bb4404e9a350024160e2b,0.8583837747573853,0.2154262512922287,high_clip_low_dino
00000245_059d73e8e537dba9a8882d4304772b13,00000493_da8647827a8a038e005b5f2ea8d7a529,0.8530967831611633,0.22983798384666443,high_clip_low_dino
00000689_c5ea5e2270e7ed53e33c0825660bf537,00000852_f6da24de63e0abf9da5e96a02e0dfb6a,0.8557077646255493,0.27428296208381653,high_clip_low_dino
00000445_323c52413a0c6f04bb35d989f3ca2e3c,00000939_77eb12baec8f172b9bf35e267f51dc3a,0.8511671423912048,0.289063423871994,high_clip_low_dino
00000351_e58a8d10f7f9263f725b3f060b5da02c,00000906_b03c07d6f8df48c18278b66ef263f834,0.8554584383964539,0.2912294268608093,high_clip_low_dino
00000600_efbe9f3985939d5a4bb276eb21985ac1,00000918_88bd2f029f9557bf2382abbbd56501e0,0.8536914587020874,0.2887243330478668,high_clip_low_dino
00000025_9f4e983db49e2ebdc46fce09f2a4c547,00000625_a2850beda9efede070d921577d4c3f29,0.1006658524274826,0.9538735747337341,high_dino_low_clip
00000006_68635c62625f90c0e1295732c41230e9,00000189_3cdb12b08a55b228a8bf935eafc40c6a,0.8641881346702576,0.28631919622421265,high_clip_low_dino
00000006_68635c62625f90c0e1295732c41230e9,00000277_eb045374a5e1ef455b20a1cb64a96044,0.8703620433807373,0.2999136745929718,high_clip_low_dino
00000493_f695a0f32d4c01d833ddfb989128af66,00000674_2da3ef7c2443f7f735249d0de749e443,0.13145695626735687,0.9506175518035889,high_dino_low_clip
00000557_14de296a55de4501fbee79979df16981,00000957_a42827158ea9de5325ed98006b27067d,0.1304948776960373,0.9552927613258362,high_dino_low_clip
00000420_c2de07d21edd919903b5d15fb74512e8,00000619_a2e29d3844073c52f1b57a41cd9ec011,0.1448919028043747,0.9506635069847107,high_dino_low_clip
00000383_f113f3f03dfdf96f2c718d7fec006d3d,00000606_6606d3b0c331cb40b4d85529aab53051,0.14740295708179474,0.9596830606460571,high_dino_low_clip
00000175_657c819ac693994dedc3e703985fc70a,00000606_6606d3b0c331cb40b4d85529aab53051,0.14082518219947815,0.9518146514892578,high_dino_low_clip
00000628_aa1eafcb2932fbd6ff85d00ac51fb6ee,00000951_21aaa093add397f2658ee9617912ad1e,0.14487840235233307,0.9535800218582153,high_dino_low_clip
00000270_5dc38a7531e24b70feed82b57a4a23f4,00000470_ce8a82c38fc33dc0bed5b62f4df4dda1,0.14430557191371918,0.9536540508270264,high_dino_low_clip
00000585_5083679bdec11077c71ef0f1087ad254,00000606_6606d3b0c331cb40b4d85529aab53051,0.14524318277835846,0.9624929428100586,high_dino_low_clip
00000278_411a9ad26bc56efbdbb71b80e7344f9f,00000561_887a1858e7969341c1b5bc664bb6609b,0.1288105994462967,0.9500142931938171,high_dino_low_clip
00000002_c4489f62b08fbd6501a0798bae1f6b83,00000292_08360850d2eb0399e856b90f65f4dc8b,0.10203300416469574,0.9552261829376221,high_dino_low_clip
00000088_49e894ca04778d803d0c33f30e1a81de,00000685_805faaaefbd9cf88a4cc31e58ccd7ab8,0.13613374531269073,0.9550765752792358,high_dino_low_clip
00000108_7a6d0e48c8b89e5029697425fd99e5a0,00000493_f695a0f32d4c01d833ddfb989128af66,0.13145695626735687,0.9506175518035889,high_dino_low_clip
00000527_568dc80271204df7fbdd72f0cf95342d,00001010_d2f2a3a6ebbda4413179f0ddb36552bd,0.1439279168844223,0.9523378610610962,high_dino_low_clip
00000606_6606d3b0c331cb40b4d85529aab53051,00000670_5057c6281d27daf3a7d0f4d8fe5bff4d,0.14433978497982025,0.9569494724273682,high_dino_low_clip
00000493_f695a0f32d4c01d833ddfb989128af66,00000645_31411958e688777ac880f262fc1364cc,0.13145695626735687,0.9506175518035889,high_dino_low_clip
00000097_f64cbb4201cbca58d1d5969cbe579588,00000409_c4111bc546a821003423bf61851d7ee3,0.14330828189849854,0.9504640698432922,high_dino_low_clip
00000576_d3d5af6baf41424978667d332399a49c,00000871_400fb9cb8a14c27aec55ba894ba7611c,0.14200249314308167,0.9550027251243591,high_dino_low_clip
00000006_7f6d1b5d7de6aa93672c5e685b8fa949,00000192_39d81e82965538faff861652cbd6034c,0.12035425007343292,0.9512332081794739,high_dino_low_clip
00000083_e818d526ebce35cfabcc86a43277e0f6,00000493_f695a0f32d4c01d833ddfb989128af66,0.13145695626735687,0.9506175518035889,high_dino_low_clip
00000679_880d26d016eacf68e9132776e3f528d7,00000764_f2cb28f2f20cc2bd5ee795b6dacca324,0.1401083767414093,0.9563036561012268,high_dino_low_clip
00000552_d9248c974cca2a1ed9f873aaa9992ea1,00000793_5f221ace8c100f5ed754635e13d1b3ac,0.13706743717193604,0.9529523253440857,high_dino_low_clip
00000060_ee2a121719d6d996fe45d11a86ec6b7e,00000774_59b8cec17bb6bf1836ce0118ad4cad21,0.1326817125082016,0.9517654180526733,high_dino_low_clip
00000764_f2cb28f2f20cc2bd5ee795b6dacca324,00000875_ac3d26cb77b841cfdc7e6bd6c414ec83,0.13707710802555084,0.9504802823066711,high_dino_low_clip
00000001_7e8f978c3af17e88655e78ea43cd730b,00000953_81fcb7ff5a1b5670e6f5985657ecb76f,0.11551225185394287,0.9532870650291443,high_dino_low_clip
00000014_a960c3690b5b3cff197f5cc122d33ec9,00000916_4931f532c30c01a0c7526a85cd4e72e4,0.1347859650850296,0.9560346603393555,high_dino_low_clip
00000673_d4d00888627abdf7448d32b8b6318727,00000789_014bfc859857250ee52d54c0a3c176cc,0.14199946820735931,0.9506602883338928,high_dino_low_clip
00000086_fae08a40aa514ce862a220022b630cfc,00000634_3fa7abc6a45bb2d3d8a6c9469cddbac2,0.12178370356559753,0.9544563293457031,high_dino_low_clip
00000399_b8df556bcaf909ccb411cf2b3551e7af,00000843_e1701204b686bc7bf1443d3c8f1b7cc9,0.10528054088354111,0.954033613204956,high_dino_low_clip
00000035_cbd045964aaa1931bb1b1e152db4f6dd,00000865_144ce3c302ad49705353e64e8b6ff973,0.14582586288452148,0.9515799283981323,high_dino_low_clip
00000493_f695a0f32d4c01d833ddfb989128af66,00000709_a1d7b4c74bece0de67143ba741bb6a60,0.13145695626735687,0.9506175518035889,high_dino_low_clip
00000409_c4111bc546a821003423bf61851d7ee3,00000603_5221420701781bd2dad25a3c37e7d8e6,0.14330828189849854,0.9504640698432922,high_dino_low_clip
00000086_fae08a40aa514ce862a220022b630cfc,00000797_7b42d1d44e6f03a4291de2f6f055cb3f,0.14642634987831116,0.9586061835289001,high_dino_low_clip
00000529_66a880c1caa059dd3e04e046983717ac,00000793_5f221ace8c100f5ed754635e13d1b3ac,0.13706743717193604,0.9529523253440857,high_dino_low_clip
00000387_e21829feac732b5e0f5525435d757a8f,00000493_f695a0f32d4c01d833ddfb989128af66,0.13145695626735687,0.9506175518035889,high_dino_low_clip
00000141_4a53e8e7a21aa01caca31438d5134d0a,00000736_5d57231959c5484fc43df14ec9db76d0,0.13692498207092285,0.9504738450050354,high_dino_low_clip
00000262_1542d97158315cd73b6164cd3b9713c9,00000974_6f2fde05a3f6f1f83fe891fa84163e4d,0.14370550215244293,0.9521448016166687,high_dino_low_clip
00000493_f695a0f32d4c01d833ddfb989128af66,00000537_78b7915672d82d6aa72c9cf2df7910c8,0.13145695626735687,0.9506175518035889,high_dino_low_clip
00000194_85a85b63c3cb4ada28f8994c3f115380,00000334_552962f20b2e8a9f76c9411192d42249,0.05324811860918999,0.950332522392273,high_dino_low_clip
00000552_d239831d21939c8035e10d4ea37ba6f7,00000712_378129bc4d1c3eb008146473c3594469,0.13295778632164001,0.9502422213554382,high_dino_low_clip
00000414_f694ea036288a05e2fd298aab662120e,00000576_d3d5af6baf41424978667d332399a49c,0.14925630390644073,0.9550196528434753,high_dino_low_clip
00000088_49e894ca04778d803d0c33f30e1a81de,00000291_eefff9ce74afe162132c294e0b86dfd3,0.13613374531269073,0.9550765752792358,high_dino_low_clip
00000369_2974eba180283d359033855fb574844c,00000793_5f221ace8c100f5ed754635e13d1b3ac,0.13706743717193604,0.9529523253440857,high_dino_low_clip
00000493_f695a0f32d4c01d833ddfb989128af66,00000565_c16ddab30c4c1e5cea15657ec2c9d1ae,0.13145695626735687,0.9506175518035889,high_dino_low_clip
00000009_18a02be4cf7f0cc5715092d2153778ca,00000493_f695a0f32d4c01d833ddfb989128af66,0.12628690898418427,0.9521690607070923,high_dino_low_clip
00000409_c4111bc546a821003423bf61851d7ee3,00000928_b0cf777595f024471feb2270517fe44d,0.14330828189849854,0.9504640698432922,high_dino_low_clip
00000640_416de37f4430a1fb9852aa6ee30d99a5,00000793_118c5759578e7f07002c4d77bf3f3cc8,0.13573451340198517,0.9595096707344055,high_dino_low_clip
00000409_c4111bc546a821003423bf61851d7ee3,00000725_232f97f8109e7b63ef62d38a1faee046,0.14330828189849854,0.9504640698432922,high_dino_low_clip
00000819_b5bd1a696767c7c31cdc2846fb11ebad,00000957_a42827158ea9de5325ed98006b27067d,0.1304948776960373,0.9552927613258362,high_dino_low_clip
00000061_1d47ababda10827a056d9416a261cb41,00000935_ab958d7bae22af97ebb8a40afd01b8cf,0.14495855569839478,0.9526262283325195,high_dino_low_clip
00000086_fae08a40aa514ce862a220022b630cfc,00000685_805faaaefbd9cf88a4cc31e58ccd7ab8,0.14642634987831116,0.9586061835289001,high_dino_low_clip
00000077_51df3b0426bafd5054facdde4d867315,00000844_a6e6f3b0904d11fa42747856644cec00,0.149870365858078,0.9507743716239929,high_dino_low_clip
00000420_65fe38f2cb1e877529159de8ad4a492a,00000824_ced3cc9b3d3cca52e2990b756f930242,0.11227036267518997,0.957421064376831,high_dino_low_clip
00000098_9dc9e6f005d23612b7f15b98f41e08fd,00000422_7218c12695cfbc87d6b442ee5439f2ec,0.06703584641218185,0.9524457454681396,high_dino_low_clip
00000069_d5f9436118d229ab252dc14fc12c29fc,00000409_a996ce607b0a160f73ace03149049659,0.13960964977741241,0.953593373298645,high_dino_low_clip
00000093_d92ee24450489e286aecb735fe023479,00000736_5d57231959c5484fc43df14ec9db76d0,0.13787025213241577,0.9543914198875427,high_dino_low_clip
00000793_5f221ace8c100f5ed754635e13d1b3ac,00000893_cdde5c5a8371e7c15883a157016736a6,0.13706743717193604,0.9529523253440857,high_dino_low_clip
00000893_cdde5c5a8371e7c15883a157016736a6,00000957_a42827158ea9de5325ed98006b27067d,0.1304948776960373,0.9552927613258362,high_dino_low_clip
00000409_c4111bc546a821003423bf61851d7ee3,00000678_472f3c8a17f2632c407d71f374878706,0.14330828189849854,0.9504640698432922,high_dino_low_clip
00000493_f695a0f32d4c01d833ddfb989128af66,00000501_d4c69656dac8289f8e87ad2a27ef9203,0.13145695626735687,0.9506175518035889,high_dino_low_clip
00000739_7dd157dd91caa9f509f2e7d67508f638,00000793_118c5759578e7f07002c4d77bf3f3cc8,0.13573451340198517,0.9595096707344055,high_dino_low_clip
00000409_c4111bc546a821003423bf61851d7ee3,00000799_5fcdf71e38120ead814d6661ca60b713,0.14330828189849854,0.9504640698432922,high_dino_low_clip
00000478_bfc2d52176a50b967682be5657e0bff3,00001023_212dc60631929bb734277b599cbda2bd,0.14661183953285217,0.9512096047401428,high_dino_low_clip
00000735_3e873d6fc79759b04f4933a5f6587320,00000843_e1701204b686bc7bf1443d3c8f1b7cc9,0.14077141880989075,0.9513537287712097,high_dino_low_clip
00000297_6668c5cf135272b3d85aec0ff385de02,00000793_118c5759578e7f07002c4d77bf3f3cc8,0.13573451340198517,0.9595096707344055,high_dino_low_clip
00000409_c4111bc546a821003423bf61851d7ee3,00001011_1f083024465ad7ea481100b75aa0810d,0.14330828189849854,0.9504640698432922,high_dino_low_clip
00000131_4c85270a6dcd60ba47bbe68a897a31c5,00000843_333a718805de1e18b2dbea2f0247766d,0.14852946996688843,0.9575742483139038,high_dino_low_clip
00000631_f15f558cb69794f94ff98dbb13acca78,00001023_212dc60631929bb734277b599cbda2bd,0.1438559889793396,0.9517460465431213,high_dino_low_clip
00000493_f695a0f32d4c01d833ddfb989128af66,00000653_3c7067bbc24386357a9418ea636e2dce,0.13145695626735687,0.9506175518035889,high_dino_low_clip
00000493_f695a0f32d4c01d833ddfb989128af66,00000545_6466689a0cba406eec31f5dfa2758356,0.13145695626735687,0.9506175518035889,high_dino_low_clip
00000409_a996ce607b0a160f73ace03149049659,00000657_0253e75c594ec212950f7ba569af7704,0.12629269063472748,0.9522304534912109,high_dino_low_clip
00000245_4bdfa63386598aa48ed2c1c44917da81,00000315_3068a8f285503e4a6f4f4a278a7bf3b0,0.10864748060703278,0.9553698897361755,high_dino_low_clip
00000628_aa1eafcb2932fbd6ff85d00ac51fb6ee,00000911_db16820da4ed32287a82bac7a001fce3,0.1330784410238266,0.9522001147270203,high_dino_low_clip
00000511_bb0067efc796d18093d1b9b314d27f36,00000736_5d57231959c5484fc43df14ec9db76d0,0.14113430678844452,0.9520843029022217,high_dino_low_clip
00000270_5dc38a7531e24b70feed82b57a4a23f4,00000741_0b935144a9d8bf9bcd3993c2466e80c0,0.13826331496238708,0.9620400667190552,high_dino_low_clip
00000449_c1e27f446563eefa962e26f17f4c2f18,00000957_a42827158ea9de5325ed98006b27067d,0.1304948776960373,0.9552927613258362,high_dino_low_clip
00000281_77e2adced8f039225276aa0d3c975910,00000953_81fcb7ff5a1b5670e6f5985657ecb76f,0.12203153967857361,0.9525260925292969,high_dino_low_clip
00000953_19c817d4efb497c4ac6f48474edaa58e,00000957_a42827158ea9de5325ed98006b27067d,0.1304948776960373,0.9552927613258362,high_dino_low_clip
00000409_a996ce607b0a160f73ace03149049659,00000878_c2bed1e9a5afe77a1e6dff5024f16ce0,0.14057712256908417,0.9532461762428284,high_dino_low_clip
00000409_c4111bc546a821003423bf61851d7ee3,00000789_4b17ee7221d1339a2adcdf0aa50c4d6b,0.14330828189849854,0.9504640698432922,high_dino_low_clip
00000493_f695a0f32d4c01d833ddfb989128af66,00000552_8859948af9e488177d01a7347836a6f2,0.13145695626735687,0.9506175518035889,high_dino_low_clip
00000034_aabf3804d2b78d17d1dbdd3a6a95a933,00000793_5f221ace8c100f5ed754635e13d1b3ac,0.13706743717193604,0.9529523253440857,high_dino_low_clip
00000584_248c30217733d28c06f9e61eb423f46e,00000989_2f40c0c6074ee74ef26fd65409619ce1,0.14625635743141174,0.9500495791435242,high_dino_low_clip
00000175_657c819ac693994dedc3e703985fc70a,00000976_6998000586e06f21566cd45ab7141172,0.1336890310049057,0.9530960321426392,high_dino_low_clip
00000552_d9248c974cca2a1ed9f873aaa9992ea1,00000957_a42827158ea9de5325ed98006b27067d,0.1304948776960373,0.9552927613258362,high_dino_low_clip
00000046_9f6ad13aee2a8d39ab868b7e99fb8ea9,00000578_16d5dc5ea80268238c91d6d9e38aae00,0.1268821507692337,0.9563114643096924,high_dino_low_clip
00000493_f695a0f32d4c01d833ddfb989128af66,00000623_a390a50c075a5f75d2819bfcd7c163d2,0.13145695626735687,0.9506175518035889,high_dino_low_clip
00000291_eefff9ce74afe162132c294e0b86dfd3,00000606_6606d3b0c331cb40b4d85529aab53051,0.14740295708179474,0.9596830606460571,high_dino_low_clip
00000035_a3c8dd14cb0f58b9714ac462d6588bc3,00000576_d3d5af6baf41424978667d332399a49c,0.09499576687812805,0.9541431069374084,high_dino_low_clip
00000064_1fa4525b9047073fb304c87335658860,00000139_1b8b6314e108dbc8b0bb8e7694f7d59b,0.14449958503246307,0.9502711892127991,high_dino_low_clip
00000843_333a718805de1e18b2dbea2f0247766d,00001017_c002c0b58b69181d36ab197aaceeb2a4,0.14852946996688843,0.9575742483139038,high_dino_low_clip
00000142_2770e44b4696bd889f444b6aceb6d60d,00000606_6606d3b0c331cb40b4d85529aab53051,0.1484382003545761,0.9609671831130981,high_dino_low_clip
00000086_31ef938247898a6333ce2f26da7c50ea,00000493_f695a0f32d4c01d833ddfb989128af66,0.13145695626735687,0.9506175518035889,high_dino_low_clip
00000764_f2cb28f2f20cc2bd5ee795b6dacca324,00000843_333a718805de1e18b2dbea2f0247766d,0.13707710802555084,0.9504802823066711,high_dino_low_clip
00000096_6a1f3bcac799152490399a140a935460,00000409_c4111bc546a821003423bf61851d7ee3,0.14330828189849854,0.9504640698432922,high_dino_low_clip
00000112_2d5746d3081396078c9ebc78c3e01ab7,00000576_d3d5af6baf41424978667d332399a49c,0.14038784801959991,0.9509505033493042,high_dino_low_clip
00000014_a960c3690b5b3cff197f5cc122d33ec9,00000737_bc8107be167ea27f3bed643002da8c5c,0.1347859650850296,0.9560346603393555,high_dino_low_clip
00000233_0fe8b91651248da8280b6f54472b0bcb,00000430_c2eed699f9ad2492c552a3c5f6e16d6d,0.13619479537010193,0.9527817964553833,high_dino_low_clip
00000566_99fbe3a76283f2250e5fd4c3fa5aa13f,00000793_5f221ace8c100f5ed754635e13d1b3ac,0.13706743717193604,0.9529523253440857,high_dino_low_clip
00000347_0fc3f34b974c683af64a126bd2f20c4f,00000812_892e5c96356d47e4f6bf2e060aebafad,0.14597800374031067,0.9516994953155518,high_dino_low_clip
00000319_44fe64a89a3e0c6a9f53c28cfb095e20,00000957_a42827158ea9de5325ed98006b27067d,0.1304948776960373,0.9552927613258362,high_dino_low_clip
00000077_51df3b0426bafd5054facdde4d867315,00000715_64025134591510a491a3f6911ffd31eb,0.149870365858078,0.9507743716239929,high_dino_low_clip
00000147_d86742013be8256431197fc8d2757116,00000409_c4111bc546a821003423bf61851d7ee3,0.14330828189849854,0.9504640698432922,high_dino_low_clip
00000426_96e192811155f3c972b862949e475644,00000493_f695a0f32d4c01d833ddfb989128af66,0.13145695626735687,0.9506175518035889,high_dino_low_clip
00000585_5083679bdec11077c71ef0f1087ad254,00000740_1ce2f696c6a574ca5a3a1cb502d8028b,0.14425452053546906,0.9542074799537659,high_dino_low_clip
00000369_ff41bb9d9c0f2e60260a7c8de6184f3c,00000793_118c5759578e7f07002c4d77bf3f3cc8,0.13573451340198517,0.9595096707344055,high_dino_low_clip
00000289_9018a4911945a0727463150c9b1fd1e9,00000522_0422c19615d1e57fcd1ea30b376316c3,0.14489266276359558,0.9561365246772766,high_dino_low_clip
00000005_e9b8d1906921dad27a18bb690e1d7c5b,00000746_2d3b3a1485708018cac9bf84dffb3455,0.1128307580947876,0.9542618989944458,high_dino_low_clip
00000990_a2b052c7d2ebaf237e5bd7d4494850f9,00001023_212dc60631929bb734277b599cbda2bd,0.13941454887390137,0.9513883590698242,high_dino_low_clip
00000065_46655381426c19fbdc6d219fbf7fe8a8,00000295_c7154399217d6f716cfdc63a69589399,0.1212165504693985,0.9513460397720337,high_dino_low_clip
00000145_8d00d9813447639b94893ed00305d7db,00000606_6606d3b0c331cb40b4d85529aab53051,0.14611244201660156,0.9590470790863037,high_dino_low_clip
00000272_318c1a27e3713ddc82507748176936a4,00000409_a996ce607b0a160f73ace03149049659,0.12823863327503204,0.9511328339576721,high_dino_low_clip
00000128_4bfb310b6892d94153726df080097946,00000793_5f221ace8c100f5ed754635e13d1b3ac,0.13706743717193604,0.9529523253440857,high_dino_low_clip
00000835_72a9e6ce3dde5c469bcadcab56c676aa,00000891_f1fdfe4f117678beeeb05b58a8d6995f,0.13486410677433014,0.9521121382713318,high_dino_low_clip
00000409_c4111bc546a821003423bf61851d7ee3,00000758_c8e177bb11770bc23b4b4c090da5d0a4,0.14330828189849854,0.9504640698432922,high_dino_low_clip
00000132_618a7a99acd756c7be1e3e0d8b40537f,00000547_653b2c0d9cef0335f2ef251f2bdb230c,0.11198927462100983,0.9501776695251465,high_dino_low_clip
00000930_4bbfb3829d044e0b143b970081ef10f7,00000970_d9816ff3fedd06a11a8e4a443ebcb80f,0.146426722407341,0.952494204044342,high_dino_low_clip
00000430_c2eed699f9ad2492c552a3c5f6e16d6d,00000938_5f64121e34d50d68345680e31414d5eb,0.14558762311935425,0.9511825442314148,high_dino_low_clip
00000354_1f877dfc2359614531f9332f1eef37c1,00000413_dece01cf5f6945d424dbdc8365346aef,0.12235935777425766,0.9539997577667236,high_dino_low_clip
00000022_8f1af6c135180c5e84d3092cd73e5fbc,00000576_d3d5af6baf41424978667d332399a49c,0.12937860190868378,0.9527806639671326,high_dino_low_clip
00000088_49e894ca04778d803d0c33f30e1a81de,00001018_84af356519f75b7b1d9b8a2a81b60092,0.1371433138847351,0.9559160470962524,high_dino_low_clip
00000127_121c409f46a597ccee1102879ed00c84,00000989_2f40c0c6074ee74ef26fd65409619ce1,0.03801349923014641,0.9500116109848022,high_dino_low_clip
00000493_f695a0f32d4c01d833ddfb989128af66,00000974_be5c8b4b97f15fd19d5e31d86010c19d,0.13145695626735687,0.9506175518035889,high_dino_low_clip
00000195_bab42eb067ae51ba6e1f6988ea7188b6,00000420_c2de07d21edd919903b5d15fb74512e8,0.10194620490074158,0.955584704875946,high_dino_low_clip
00000053_6d5ad159ea80c64bf4212d236cb7494d,00000606_c2081f2094c96f9fd3be1ca3213bac10,0.1380380392074585,0.9529922604560852,high_dino_low_clip
00000629_574dbd24c866ed280ad9aed351b3e38e,00000957_a42827158ea9de5325ed98006b27067d,0.1304948776960373,0.9552927613258362,high_dino_low_clip
00000875_ac3d26cb77b841cfdc7e6bd6c414ec83,00001017_c002c0b58b69181d36ab197aaceeb2a4,0.14852946996688843,0.9575742483139038,high_dino_low_clip
00000088_49e894ca04778d803d0c33f30e1a81de,00000383_f113f3f03dfdf96f2c718d7fec006d3d,0.13613374531269073,0.9550765752792358,high_dino_low_clip
00000375_5fb54613cdccd64be84ffd915dd2c084,00000493_f695a0f32d4c01d833ddfb989128af66,0.13145695626735687,0.9506175518035889,high_dino_low_clip
00000576_b4e869ad9a48791919e59acba5272870,00001017_c002c0b58b69181d36ab197aaceeb2a4,0.14852946996688843,0.9575742483139038,high_dino_low_clip
00000012_e35fd494ef9a07c58c3880a87740a779,00000088_49e894ca04778d803d0c33f30e1a81de,0.13613374531269073,0.9550765752792358,high_dino_low_clip
00000465_6d1960cff589c4ed55bb6e508b838d12,00000793_5f221ace8c100f5ed754635e13d1b3ac,0.13706743717193604,0.9529523253440857,high_dino_low_clip
00000638_9a40a3b8d8c7a6d9febf601f3185348a,00000930_4bbfb3829d044e0b143b970081ef10f7,0.12682731449604034,0.9529524445533752,high_dino_low_clip
00000606_6606d3b0c331cb40b4d85529aab53051,00000685_805faaaefbd9cf88a4cc31e58ccd7ab8,0.14740295708179474,0.9596830606460571,high_dino_low_clip
00000002_c4489f62b08fbd6501a0798bae1f6b83,00000365_3e1061754bc3978ff4d92ef24e87a7d8,0.1325567215681076,0.9541059732437134,high_dino_low_clip
00000357_f0e33e97bf892c9de8dd9717efa42eab,00000793_5f221ace8c100f5ed754635e13d1b3ac,0.13706743717193604,0.9529523253440857,high_dino_low_clip
00000125_fa5e70a7b060176983a27bfeb82aa216,00000576_d3d5af6baf41424978667d332399a49c,0.1462523341178894,0.9574889540672302,high_dino_low_clip
00000368_463e4faaa2c5e514619a0f2c8291e3e8,00000409_c4111bc546a821003423bf61851d7ee3,0.14330828189849854,0.9504640698432922,high_dino_low_clip
00000069_bf1ac3c2dbe04facbaee64c87a4a5a56,00001023_212dc60631929bb734277b599cbda2bd,0.1499738097190857,0.9538419842720032,high_dino_low_clip
00000227_d4595b0c2dfaf438fdc5263441c8482f,00000338_c87f0a7aa59d45b1d7a9f217e002a8a4,0.13120314478874207,0.9503406286239624,high_dino_low_clip
00000409_c4111bc546a821003423bf61851d7ee3,00000978_851ee8624ec6d817c0ad44b973690fa7,0.14330828189849854,0.9504640698432922,high_dino_low_clip
00000319_44fe64a89a3e0c6a9f53c28cfb095e20,00000793_5f221ace8c100f5ed754635e13d1b3ac,0.13706743717193604,0.9529523253440857,high_dino_low_clip
00000417_20355071d43ca97fba67c21f8802c468,00000957_a42827158ea9de5325ed98006b27067d,0.1304948776960373,0.9552927613258362,high_dino_low_clip
00000377_4ebe1578d2f3f06037bf0e77813287c6,00000493_f695a0f32d4c01d833ddfb989128af66,0.13145695626735687,0.9506175518035889,high_dino_low_clip
00000017_4baedc8951fdf0096fec951bc0d428ca,00000089_38f7e10c33cc9ae8d582bd73cb5cd084,0.14918756484985352,0.9504076242446899,high_dino_low_clip
00000451_bf06b3227fe2847a96616dfd4876c6c8,00001010_d2f2a3a6ebbda4413179f0ddb36552bd,0.1439279168844223,0.9523378610610962,high_dino_low_clip
00000172_1d782e937f6ca3f65e8e099f0ecf4d32,00000793_5f221ace8c100f5ed754635e13d1b3ac,0.13706743717193604,0.9529523253440857,high_dino_low_clip
00000409_a996ce607b0a160f73ace03149049659,00000859_c7998fa9d56ad726b2a7190c2a9a953b,0.14900831878185272,0.9560111165046692,high_dino_low_clip
00000021_0f879114b9ae27725bd6375d09cac6b1,00000491_ad69e08d9cc3b9b106c9cb0de5287ba6,0.13757959008216858,0.9503255486488342,high_dino_low_clip
00000310_fb9d3456774c6abe8b87e16dd14ee189,00000793_118c5759578e7f07002c4d77bf3f3cc8,0.13573451340198517,0.9595096707344055,high_dino_low_clip
00000629_574dbd24c866ed280ad9aed351b3e38e,00000793_5f221ace8c100f5ed754635e13d1b3ac,0.13706743717193604,0.9529523253440857,high_dino_low_clip
00000493_f695a0f32d4c01d833ddfb989128af66,00000839_6f133321a7f0d6b9fdb781e386f46ece,0.13145695626735687,0.9506175518035889,high_dino_low_clip
00000409_c4111bc546a821003423bf61851d7ee3,00000618_92bc1c3ffeb4fc8ed641b890adfdbabe,0.14330828189849854,0.9504640698432922,high_dino_low_clip
00000137_c1abc3c62f86b9a0c91e69b8aeab2ba8,00000733_6db7a96e70f05abb9ae482422cb91582,0.1475210189819336,0.9541147351264954,high_dino_low_clip
00000644_f97c03d3a16206d4495275775749ca70,00000733_6db7a96e70f05abb9ae482422cb91582,0.08306245505809784,0.9549360871315002,high_dino_low_clip
00000764_f2cb28f2f20cc2bd5ee795b6dacca324,00000835_c8e8c725f44b2cc3feb7cb787871c2d7,0.13707710802555084,0.9504802823066711,high_dino_low_clip
00000493_f695a0f32d4c01d833ddfb989128af66,00000634_6d6bf38a6d9ad4379afbfe264395eae9,0.13145695626735687,0.9506175518035889,high_dino_low_clip
00000357_f0e33e97bf892c9de8dd9717efa42eab,00000957_a42827158ea9de5325ed98006b27067d,0.1304948776960373,0.9552927613258362,high_dino_low_clip
00000356_5ce0b1982cee9eb60f869eb4c0ad8424,00000802_d53ba7a5286d50e06e577dd588ea5dac,0.14258524775505066,0.950072169303894,high_dino_low_clip
00000493_f695a0f32d4c01d833ddfb989128af66,00000680_53e57594499374b4f4f90800b1d9a2db,0.1416262984275818,0.9501986503601074,high_dino_low_clip
00000289_9018a4911945a0727463150c9b1fd1e9,00000357_cc686145d311ca8f224bbca04e4dd0f7,0.12057503312826157,0.9537858366966248,high_dino_low_clip
00000409_a996ce607b0a160f73ace03149049659,00000610_0b7bfc1d4f27f105cc7a31d04154a1c1,0.08850155025720596,0.9536741375923157,high_dino_low_clip
00000274_804d57a9ab930766d89203427c2f82b3,00001023_212dc60631929bb734277b599cbda2bd,0.14728908240795135,0.952966570854187,high_dino_low_clip
00000174_6972c473a7365faebd0b1711b156efd3,00000736_5d57231959c5484fc43df14ec9db76d0,0.14183682203292847,0.9524688720703125,high_dino_low_clip
00000172_1d782e937f6ca3f65e8e099f0ecf4d32,00000957_a42827158ea9de5325ed98006b27067d,0.1304948776960373,0.9552927613258362,high_dino_low_clip
00000805_cb627e73c79b157545d663837b906071,00000907_196aedb8cc702ee4e313ce0f6af84719,0.1430921107530594,0.9550940990447998,high_dino_low_clip
00000131_4c85270a6dcd60ba47bbe68a897a31c5,00000835_c8e8c725f44b2cc3feb7cb787871c2d7,0.14852946996688843,0.9575742483139038,high_dino_low_clip
00000131_4c85270a6dcd60ba47bbe68a897a31c5,00000875_ac3d26cb77b841cfdc7e6bd6c414ec83,0.14852946996688843,0.9575742483139038,high_dino_low_clip
00000110_fe6a1f6e7b9902793c8b25400601bc6e,00000698_1a8beb5611f5f423670ba9d3add1da1f,0.14985063672065735,0.956203281879425,high_dino_low_clip
00000110_fe6a1f6e7b9902793c8b25400601bc6e,00000217_26a050425befed6f14824860952f7f8e,0.14985063672065735,0.956203281879425,high_dino_low_clip
00000493_f695a0f32d4c01d833ddfb989128af66,00000522_0422c19615d1e57fcd1ea30b376316c3,0.12511003017425537,0.9543324112892151,high_dino_low_clip
00000134_931b1ac2d115d29e60bba0bb08cdd195,00000788_a3d52d17de31184374b9b01c70751757,0.14451444149017334,0.9505623579025269,high_dino_low_clip
00000369_2974eba180283d359033855fb574844c,00000957_a42827158ea9de5325ed98006b27067d,0.1304948776960373,0.9552927613258362,high_dino_low_clip
00000449_c1e27f446563eefa962e26f17f4c2f18,00000793_5f221ace8c100f5ed754635e13d1b3ac,0.13706743717193604,0.9529523253440857,high_dino_low_clip
00000486_44985a63d5d9f388a7a82d1b3da6132e,00000793_5f221ace8c100f5ed754635e13d1b3ac,0.13706743717193604,0.9529523253440857,high_dino_low_clip
00000278_411a9ad26bc56efbdbb71b80e7344f9f,00000449_f36b23c8ce6abcc5a4f91672101fe4cf,0.14244969189167023,0.9502250552177429,high_dino_low_clip
00000088_49e894ca04778d803d0c33f30e1a81de,00000308_466c07820af2f8c51d3c8c74356cf2e2,0.14760726690292358,0.9568122625350952,high_dino_low_clip
00000053_6d5ad159ea80c64bf4212d236cb7494d,00000805_cb627e73c79b157545d663837b906071,0.1326802670955658,0.9544289708137512,high_dino_low_clip
00000001_7e8f978c3af17e88655e78ea43cd730b,00000278_411a9ad26bc56efbdbb71b80e7344f9f,0.11680193990468979,0.9500150084495544,high_dino_low_clip
00000576_d3d5af6baf41424978667d332399a49c,00000767_e0cf82252d5e00ace56a84ed7bd8bcfb,0.13806171715259552,0.95625239610672,high_dino_low_clip
00000196_b250170184a74cff47647d0babc1c55a,00000793_5f221ace8c100f5ed754635e13d1b3ac,0.13706743717193604,0.9529523253440857,high_dino_low_clip
00000131_4c85270a6dcd60ba47bbe68a897a31c5,00000576_b4e869ad9a48791919e59acba5272870,0.14852946996688843,0.9575742483139038,high_dino_low_clip
00000678_f9bcf949f6a076b448681f7b5e831b14,00000802_7039aa5fcdc2d1ef27550e62a0b152a6,0.14090946316719055,0.9511688351631165,high_dino_low_clip
00000086_fae08a40aa514ce862a220022b630cfc,00000383_f113f3f03dfdf96f2c718d7fec006d3d,0.14642634987831116,0.9586061835289001,high_dino_low_clip
