image1_path,image2_path,clip_similarity,dino_similarity,pair_type
00000100_15804c468f48d221f0bb48f56f22a2b6,00000586_643a4ef51f17074eb1e6e75e1b6caeb0,0.13787943124771118,0.9049979448318481,high_dino_low_clip
00000668_2150953437b7a71987bbaa38759f185d,00000858_b0e146eff067d2e914853606556c8884,0.11086270958185196,0.9083673357963562,high_dino_low_clip
00000668_2150953437b7a71987bbaa38759f185d,00000954_2762a6761dcdb4568df9afeda29a5883,0.11086270958185196,0.9083673357963562,high_dino_low_clip
00000797_047fee74522680b06ab0ec051470ec18,00000985_2472274e59f429df92d7462f1541eb3e,0.07463391870260239,0.9019514322280884,high_dino_low_clip
00000840_d06f894807198609244e7af6f5a8844a,00000855_ab2365527594d5afbc22b717d4db49b6,0.14981834590435028,0.9006327390670776,high_dino_low_clip
00000462_ff0a0d615deb842bd4de8e5ac8a96f65,00000565_c51c808a4d6b14030b7d3f2226539ed4,0.13439103960990906,0.9121032357215881,high_dino_low_clip
00000167_35cf8e9e7ba148189fd9e3d51bb4d6c9,00000565_c51c808a4d6b14030b7d3f2226539ed4,0.1283949762582779,0.9145837426185608,high_dino_low_clip
00000608_e0c88f83a7e87ff9f4ab5a7e0e92a1f8,00000633_ef02c4b3ac0231bccb022922c6092baa,0.11038556694984436,0.9129528403282166,high_dino_low_clip
00000655_3d5d2ae57a0bdbdf67d1799c768a87b8,00000668_2150953437b7a71987bbaa38759f185d,0.11086270958185196,0.9083673357963562,high_dino_low_clip
00000025_5906d2b23ae328480899e2f9613bfda8,00000687_054420bdfd223dfe0ca2bab850ccd171,0.1136111244559288,0.9203640818595886,high_dino_low_clip
00000307_3eefbff5d76f0f6fc67a41efc8efc52a,00000788_b97b53d678e114666a89db4f84a76000,0.09867964684963226,0.900732696056366,high_dino_low_clip
00000156_eb370553fa96318fa9718f0fdc2909d2,00000668_2150953437b7a71987bbaa38759f185d,0.11086270958185196,0.9083673357963562,high_dino_low_clip
00000209_73be371e7b36cf83378df1581cc059a4,00000687_054420bdfd223dfe0ca2bab850ccd171,0.1136111244559288,0.9203640818595886,high_dino_low_clip
00000039_ad4c9371a9514edfcd6b5b325fd4a47f,00000606_63bb2dcc4db77b9317c25eb4ec5e5fa1,0.09709340333938599,0.903628408908844,high_dino_low_clip
00000131_40cff1c81bb825f960d37b4418233b19,00000687_fa23875ca926cb7bd4d5a57785ab4280,0.06889476627111435,0.9014519453048706,high_dino_low_clip
00000067_2539cf9476b35846e87696af7952d71d,00000182_018e2427c6332afaf6a3b64517843681,0.8124701380729675,0.14367012679576874,high_clip_low_dino
00000067_2539cf9476b35846e87696af7952d71d,00000588_4aeaaf74b9f980ddfd75a35d444e8c03,0.8074458837509155,0.15801095962524414,high_clip_low_dino
00000537_2fd5f4ec17b8a7c00e16a21eb5ee181d,00000735_19d8bbc297b9069061c2d0b55e458811,0.08975300937891006,0.9008424878120422,high_dino_low_clip
00000794_5522031ab70445f963dad8b9a33ea899,00000907_30059ffe69da872ed1d65cdba5cc0768,0.10248634219169617,0.9071387648582458,high_dino_low_clip
00000424_3632ee44752109a62042ae6f837445bd,00000680_c78d1d384e415ddf748d8044372a47ee,0.14883215725421906,0.9058145880699158,high_dino_low_clip
00000131_40cff1c81bb825f960d37b4418233b19,00000350_3c2e3acf678ca8ea8ccec8fd0a4d7870,0.14558926224708557,0.9122013449668884,high_dino_low_clip
00000154_0e0bdd3491bf222cb1c3597890fd68de,00000920_3069bb7c462bafc1ce487dd02e0de53a,0.10455348342657089,0.9272864460945129,high_dino_low_clip
00000071_5afd2ee244f49508f27e042494e2ce72,00000508_32b39170c471dc3f5862b9ef0edd4213,0.13656792044639587,0.9076567888259888,high_dino_low_clip
00000652_25d6218a388d698d573a395b8b3e5dd2,00000668_2150953437b7a71987bbaa38759f185d,0.11086270958185196,0.9083673357963562,high_dino_low_clip
00000213_571a7dcd122b2d0b90f564431bb06894,00000304_4621f4e8d93d2504d2a7f621b70d473d,0.13006050884723663,0.9055560827255249,high_dino_low_clip
00000272_7be95da56e924fad8f884753aac29d43,00000473_671f9b245a576a658ff9085a7e9b51cb,0.08415498584508896,0.9021314382553101,high_dino_low_clip
00000383_1595aa965b995e3f7d9a78e21f6f5d67,00000855_434aa2e0ad29794a26ee0d3f2ce31dfa,0.1493019014596939,0.901650607585907,high_dino_low_clip
00000200_45131eaa6569358cf753ce4b6553eedd,00000618_a35f084290ba3491877df0063b2f3f55,0.1340361386537552,0.9065327048301697,high_dino_low_clip
00000435_37c3ace906d7e5139aed85e584ef7619,00000869_2782fcc16ee0f28cddacbaafd98fe7ca,0.12915422022342682,0.90621018409729,high_dino_low_clip
00000855_434aa2e0ad29794a26ee0d3f2ce31dfa,00000866_b5ed559882c355e8eed3991a9149303c,0.1493019014596939,0.901650607585907,high_dino_low_clip
00000553_ec64a1ded82789417f9c3bf1d201713f,00000855_434aa2e0ad29794a26ee0d3f2ce31dfa,0.1493019014596939,0.901650607585907,high_dino_low_clip
00000263_01046aa328f620d9d217ffad5a5290af,00000855_ab2365527594d5afbc22b717d4db49b6,0.14981834590435028,0.9006327390670776,high_dino_low_clip
00000272_7be95da56e924fad8f884753aac29d43,00000362_a193700d12d5dd2ebf5384257661b60e,0.10305972397327423,0.9041774868965149,high_dino_low_clip
00000582_7e87265a2eef152dcfd488d08cb2f23b,00001019_32f5207a3de9f512530ed67d3717e23d,0.14782825112342834,0.9150010347366333,high_dino_low_clip
00000245_1ca7f903b77f34014a4dabcd9304ca4b,00000462_ff0a0d615deb842bd4de8e5ac8a96f65,0.14678406715393066,0.9027021527290344,high_dino_low_clip
00000428_c9a4acb4bbf156114fe188ea39356577,00000855_434aa2e0ad29794a26ee0d3f2ce31dfa,0.1493019014596939,0.901650607585907,high_dino_low_clip
00000445_f2c9e1ecf9616b50ae4787f052fa7e95,00000855_434aa2e0ad29794a26ee0d3f2ce31dfa,0.1493019014596939,0.901650607585907,high_dino_low_clip
00000002_5a588f62929ecc666fbee6edb446eba6,00000855_434aa2e0ad29794a26ee0d3f2ce31dfa,0.1493019014596939,0.901650607585907,high_dino_low_clip
00000533_3723d43cbe3896aa9aefd8ba9458dc12,00000955_84f3830e749c29a46cf9886daf2cf180,0.13595415651798248,0.9108299612998962,high_dino_low_clip
00000855_434aa2e0ad29794a26ee0d3f2ce31dfa,00001000_de86711cb780cbdf58a33c4621630159,0.1493019014596939,0.901650607585907,high_dino_low_clip
00000855_434aa2e0ad29794a26ee0d3f2ce31dfa,00000957_44a929bb496822df564a2bf788ce36e3,0.1493019014596939,0.901650607585907,high_dino_low_clip
00000497_ddd7421e91fa2041626f7963c8d6e4d4,00000516_45f8500866dfd5df1ab7041f51365137,0.13510897755622864,0.9058957099914551,high_dino_low_clip
00000307_3eefbff5d76f0f6fc67a41efc8efc52a,00000633_02e68f7a7aa2509998ed0287146e4d39,0.12099484354257584,0.9135153889656067,high_dino_low_clip
00000227_d4595b0c2dfaf438fdc5263441c8482f,00000252_0cd9665dfda103663690ce31bfe2114a,0.13384802639484406,0.9038340449333191,high_dino_low_clip
00000557_28b34c6f7e261f888a9b929b64d2666a,00000855_434aa2e0ad29794a26ee0d3f2ce31dfa,0.1493019014596939,0.901650607585907,high_dino_low_clip
00000543_ac9165889705db6c1a6af26ce425bc3b,00000855_434aa2e0ad29794a26ee0d3f2ce31dfa,0.1493019014596939,0.901650607585907,high_dino_low_clip
00000581_98f85a3e1de596fd793aa050e44131b7,00000612_41b6ba4d869879cd325e6107063a9d9a,0.14581410586833954,0.9018044471740723,high_dino_low_clip
00000287_a681f1a8f9380689da4896b7df3d2764,00000855_434aa2e0ad29794a26ee0d3f2ce31dfa,0.1493019014596939,0.901650607585907,high_dino_low_clip
00000855_434aa2e0ad29794a26ee0d3f2ce31dfa,00000914_11d446b5f77a9681d7fe1534fb4dd0a3,0.1493019014596939,0.901650607585907,high_dino_low_clip
00000386_2428051dc6c594b80a4adecc11827180,00000855_434aa2e0ad29794a26ee0d3f2ce31dfa,0.1493019014596939,0.901650607585907,high_dino_low_clip
00000072_3cb87c5ee5b35c931be63aee73fbf187,00000546_7c678957e7994de95a2d9fff3ceea94f,0.1099720373749733,0.9223749041557312,high_dino_low_clip
00000146_ab441d912521b0dace52feaee6f4572b,00000412_49ff8e5f625c11564bf77733d105aba8,0.1366901397705078,0.9040631651878357,high_dino_low_clip
00000138_d8f136146b737de3379f55ca494105a5,00000151_255f8756c176cef57a88b4d554d3db29,0.14454343914985657,0.9071610569953918,high_dino_low_clip
00000412_49ff8e5f625c11564bf77733d105aba8,00000517_373b14c462ac94c7807672f46db2a407,0.1366901397705078,0.9040631651878357,high_dino_low_clip
00000672_67d788c991676270377e5baa66f00061,00000942_5f2ff7b92d204c05ef9a56e1a0c69eae,0.11750670522451401,0.9050188064575195,high_dino_low_clip
00000233_26711471ed3c41b8476bacd558d74a9e,00000938_31dac3481498ee8e4fee3bd259343d1e,0.13963475823402405,0.9097046852111816,high_dino_low_clip
00000070_6006fe0be36afd5b93544d58edfd40cd,00000559_09666c0da2ce81826dd6ccf388c12ae7,0.12381187081336975,0.9044878482818604,high_dino_low_clip
00000237_5dba46ee6ad6dedd1295249b881a8c20,00000687_054420bdfd223dfe0ca2bab850ccd171,0.1136111244559288,0.9203640818595886,high_dino_low_clip
00000259_57a69360b22f04de0c189332d2a55e09,00000687_054420bdfd223dfe0ca2bab850ccd171,0.1136111244559288,0.9203640818595886,high_dino_low_clip
00000412_49ff8e5f625c11564bf77733d105aba8,00000542_72f36de162d1fc927aa08931fe047760,0.13824039697647095,0.9016318917274475,high_dino_low_clip
00000562_ba7261465a9cfdb91a26a2b74a406f01,00000668_cfca8cb98257c117faddcdf05c5c32b7,0.1365390121936798,0.9035873413085938,high_dino_low_clip
00000177_b24aef9ce888bc55b92e50328a250b2b,00000334_5e9aafc7359e06fa3f2ee3e5322cbf5e,0.1276807337999344,0.9030919671058655,high_dino_low_clip
00000859_8045703301879f7b3b1f1ec26a4e8976,00000926_77f243bbe55a68609ee2e9f9804caaeb,0.13207562267780304,0.9001684188842773,high_dino_low_clip
00000332_42fe324a850967c59212da59f6c044de,00000810_9c0f61e625b4353111bae27d7a7c367c,0.14906395971775055,0.9205545783042908,high_dino_low_clip
00000144_e3617d4857fb67146d86a9b23dc9ba66,00000448_6efb9d8e88bf0071cb2e47ee38c5fd40,0.10748671740293503,0.904813289642334,high_dino_low_clip
00000530_6d451eaacdb0bb0ed1a4a872dfd0a67a,00000607_8fe7ae536502ff582d66ed18f3139195,0.8062046766281128,0.1271713525056839,high_clip_low_dino
00000696_de0c5296d2e0ad51cf5824dcfd055b2e,00000802_012a92d1c17119eee46a9eb073ae0511,0.12781579792499542,0.9022007584571838,high_dino_low_clip
00000802_012a92d1c17119eee46a9eb073ae0511,00000827_d1809eb6da89a7f1f778a78d7222b324,0.12781579792499542,0.9022007584571838,high_dino_low_clip
00000677_78059318bae2b504ac85a7c151b2a159,00000866_29f73693b3330175968228a80afb0e74,0.14868298172950745,0.9047048091888428,high_dino_low_clip
00000123_d863c0a086d7c5390ea48ef53115bec7,00000677_78059318bae2b504ac85a7c151b2a159,0.12352283298969269,0.9068540930747986,high_dino_low_clip
00000677_78059318bae2b504ac85a7c151b2a159,00000759_b89475966814440f7d02483f9e0c4163,0.12352283298969269,0.9068540930747986,high_dino_low_clip
00000049_78c73d6c4583ce963f5cb96899fd94b2,00000677_78059318bae2b504ac85a7c151b2a159,0.12352283298969269,0.9068540930747986,high_dino_low_clip
00000605_80d666fbfbe6871246c144e3d7d6707d,00000677_78059318bae2b504ac85a7c151b2a159,0.12352283298969269,0.9068540930747986,high_dino_low_clip
00000106_eb5e9683458c4fd0618e4b2e3a917b6e,00000677_78059318bae2b504ac85a7c151b2a159,0.14868298172950745,0.9047048091888428,high_dino_low_clip
00000677_78059318bae2b504ac85a7c151b2a159,00000953_c6d795e6bc0046f7e5e4c3c8845ccb40,0.12352283298969269,0.9068540930747986,high_dino_low_clip
00000465_4654e7e9f409de6742dea24b1aabddd7,00000802_012a92d1c17119eee46a9eb073ae0511,0.12781579792499542,0.9022007584571838,high_dino_low_clip
00000512_c770752e3d5a2843675adcd0c3ac3121,00000802_012a92d1c17119eee46a9eb073ae0511,0.12781579792499542,0.9022007584571838,high_dino_low_clip
00000413_bb1f116f7a1254e153df1245455da5ac,00000677_78059318bae2b504ac85a7c151b2a159,0.12352283298969269,0.9068540930747986,high_dino_low_clip
00000198_19e2a4406c6f9e29bd98e0606c9a6231,00000677_78059318bae2b504ac85a7c151b2a159,0.12352283298969269,0.9068540930747986,high_dino_low_clip
00000592_2e5d9035ec26b14ff98bcfbd7271dd27,00000677_78059318bae2b504ac85a7c151b2a159,0.14868298172950745,0.9047048091888428,high_dino_low_clip
00000802_012a92d1c17119eee46a9eb073ae0511,00000870_326ba1c7d5824d67d389dcc75dd5afff,0.12342365086078644,0.9024220705032349,high_dino_low_clip
00000879_82782f873df6ac93605b5514f91674e6,00000992_cbd49fe0435df5ff1c508105fbb9a6c8,0.12360040098428726,0.9089025259017944,high_dino_low_clip
00000748_09212f2bbd0e05a79c041ca0847ee042,00000855_ab2365527594d5afbc22b717d4db49b6,0.14981834590435028,0.9006327390670776,high_dino_low_clip
00000677_78059318bae2b504ac85a7c151b2a159,00000914_2d5e23045a6e428d918ff635f48f3e5f,0.14868298172950745,0.9047048091888428,high_dino_low_clip
00000329_2f57ebe1f9ee88c7bcc95fa6791b6220,00000677_78059318bae2b504ac85a7c151b2a159,0.1439029425382614,0.9059802889823914,high_dino_low_clip
00000507_56507ad2081c9c8b696d19208d896361,00000677_78059318bae2b504ac85a7c151b2a159,0.14868298172950745,0.9047048091888428,high_dino_low_clip
00000646_ae1e1cd66449ef014a5634ef147c3b41,00000855_ab2365527594d5afbc22b717d4db49b6,0.14981834590435028,0.9006327390670776,high_dino_low_clip
00000668_7ac3e60f0c85c1c440e4a17f45aed4e8,00000966_1890a629427dfb1e5fc7e23da45afb93,0.1329815685749054,0.9114936590194702,high_dino_low_clip
00000233_5422e0fcf8665d81c5845550528bceb7,00000517_a43abefdb5f9845d6d12f9f32938873b,0.12686534225940704,0.900171160697937,high_dino_low_clip
00000677_78059318bae2b504ac85a7c151b2a159,00000784_b91f52b02896b5f1e482f66c5183eeda,0.12352283298969269,0.9068540930747986,high_dino_low_clip
00000677_78059318bae2b504ac85a7c151b2a159,00000686_63dc187b303a2bec77aac2331df717a9,0.12352283298969269,0.9068540930747986,high_dino_low_clip
00000332_2e04bb705322237859e5f9b44dee7a82,00000677_78059318bae2b504ac85a7c151b2a159,0.12352283298969269,0.9068540930747986,high_dino_low_clip
00000092_e74cfa84c1c9212fcce6eced81a55c6d,00000186_64d7a7532db0b310d57e2ced7677ac5e,0.8118181228637695,0.1849842369556427,high_clip_low_dino
00000272_25c4c5c1b05397a5e2d5cea8ac1298fa,00000677_78059318bae2b504ac85a7c151b2a159,0.14868298172950745,0.9047048091888428,high_dino_low_clip
00000053_acdcc230a97d9fa7c3def75004e230ae,00000677_78059318bae2b504ac85a7c151b2a159,0.12352283298969269,0.9068540930747986,high_dino_low_clip
00000581_6681f2245e2771cf67720bcc0631e113,00000997_42424b609eeb8f419a293e17e3dd9dcc,0.10333268344402313,0.9098449349403381,high_dino_low_clip
00000581_6681f2245e2771cf67720bcc0631e113,00000992_cbd49fe0435df5ff1c508105fbb9a6c8,0.13772089779376984,0.9127213954925537,high_dino_low_clip
00000475_58bfe7a8096b28da84bc99e0c1647a5a,00000677_78059318bae2b504ac85a7c151b2a159,0.12352283298969269,0.9068540930747986,high_dino_low_clip
00000677_78059318bae2b504ac85a7c151b2a159,00000688_ab08c572b9b92187b2f0c94d3eeb3f87,0.12352283298969269,0.9068540930747986,high_dino_low_clip
00000316_4737062205c0510c7241303c8eac8b9c,00000802_012a92d1c17119eee46a9eb073ae0511,0.12781579792499542,0.9022007584571838,high_dino_low_clip
00000581_98f85a3e1de596fd793aa050e44131b7,00000613_e1f09efe4497beebd58189be47e0d568,0.14581410586833954,0.9018044471740723,high_dino_low_clip
00000415_e951d998221a9c73d71e425dc316c8bc,00000677_78059318bae2b504ac85a7c151b2a159,0.1439029425382614,0.9059802889823914,high_dino_low_clip
00000677_78059318bae2b504ac85a7c151b2a159,00000773_cf869ea30b4352114bf7c56e033dae39,0.14868298172950745,0.9047048091888428,high_dino_low_clip
00000677_78059318bae2b504ac85a7c151b2a159,00000986_dad4d108557a7e96ae45444accba1a3a,0.14868298172950745,0.9047048091888428,high_dino_low_clip
00000827_6600d9fc4e591cc05d63fc0446d7a8a0,00000997_42424b609eeb8f419a293e17e3dd9dcc,0.1232481375336647,0.9118797183036804,high_dino_low_clip
00000565_916705b916742275d8df52a051effaba,00000677_78059318bae2b504ac85a7c151b2a159,0.14868298172950745,0.9047048091888428,high_dino_low_clip
00000350_3c2e3acf678ca8ea8ccec8fd0a4d7870,00000400_37884bc2d64b9508279920fedecb380f,0.09154292196035385,0.9164484143257141,high_dino_low_clip
00000617_21655b60a4bc70ad0af3ba48420e014c,00000960_e8d9e6ae41f37a44c4cf36e448368012,0.049203816801309586,0.9178704619407654,high_dino_low_clip
00000092_96246224fde51b57ec697e9af8b0fcd3,00000677_78059318bae2b504ac85a7c151b2a159,0.14868298172950745,0.9047048091888428,high_dino_low_clip
00000567_8382ecc3cee7118165b0034ed88985e0,00000677_78059318bae2b504ac85a7c151b2a159,0.14868298172950745,0.9047048091888428,high_dino_low_clip
00000677_78059318bae2b504ac85a7c151b2a159,00000823_446c1f2c1d8c0023116a0dce6445c383,0.14868298172950745,0.9047048091888428,high_dino_low_clip
00000271_93ecceb64d6d83fb6d891e1a02e35f02,00000588_0dc88c655df0019015877c912a982a3d,0.13789603114128113,0.9084520936012268,high_dino_low_clip
00000014_42d2734428d40e01b2f285206f1e9ba3,00000588_0dc88c655df0019015877c912a982a3d,0.13789603114128113,0.9084520936012268,high_dino_low_clip
00000216_e4b1ae58526c980dae8548079e24e9ac,00000470_becadbb4b79672f1b72bdcf42de3933b,0.14732781052589417,0.9176221489906311,high_dino_low_clip
00000121_898353c00efacf9327c9755ce42df6c2,00000970_22a8f54b0bd3d3e0cbc1da6d553a42ec,0.08817347139120102,0.9132498502731323,high_dino_low_clip
00000159_08a8c3f1e2cb45c0b18d7ddff4a5249e,00000989_66e79f1a1a41887ffcac1bf79a983511,0.1399977207183838,0.9157795906066895,high_dino_low_clip
00000138_d8f136146b737de3379f55ca494105a5,00000182_619cd284656edd4af6abed917e088343,0.12325801700353622,0.9115594625473022,high_dino_low_clip
00000227_96a2ede774beb61408dcc6b14be1e608,00000907_3bec052136ce808b3956695019153689,0.10682603716850281,0.9215587973594666,high_dino_low_clip
00000144_22073653420d94e2b12245039b1e5730,00000588_0dc88c655df0019015877c912a982a3d,0.13789603114128113,0.9084520936012268,high_dino_low_clip
00000368_acaa7f95cc1efec8b0b37fe8f7d9a3e2,00000407_fbff994cb03696ecf327df601a569ff0,0.1168639212846756,0.903522789478302,high_dino_low_clip
00000588_0dc88c655df0019015877c912a982a3d,00000796_145438c7057ad7292c540a7a16e0347d,0.13789603114128113,0.9084520936012268,high_dino_low_clip
00000641_a4f40c0994d69f9efe526288d257ea15,00000751_368e9520d141b6e1ba115d9cf366e6ec,0.1468506157398224,0.9003590941429138,high_dino_low_clip
00000462_b1c22a64d4c59bcb7b3fa42f77dff70b,00000722_8d5952a3906ea834412ed993d330399e,0.14788515865802765,0.910193920135498,high_dino_low_clip
00000540_f0617ec553ca82c8a0423024870cc46b,00000588_0dc88c655df0019015877c912a982a3d,0.13789603114128113,0.9084520936012268,high_dino_low_clip
00000603_b29eab66a17f1f6085c50ff25d2d1910,00000717_a19b1ca1c789809bcc8a69b11044a4a2,0.13813789188861847,0.9244322180747986,high_dino_low_clip
00000260_88bacb0722cb496ef8a88b7fc291cae3,00000717_a19b1ca1c789809bcc8a69b11044a4a2,0.135878786444664,0.9219574928283691,high_dino_low_clip
00000574_c4ee0389c6f488faff663abebef16826,00000907_3bec052136ce808b3956695019153689,0.07867461442947388,0.9080641269683838,high_dino_low_clip
00000912_764dac91737ce235dc062be07ffd3edf,00000970_e3053503209ed56fd1055505b5630810,0.128581240773201,0.9000769257545471,high_dino_low_clip
00000151_821e70e695f1c8e7c678b7abeab015ae,00000307_3eefbff5d76f0f6fc67a41efc8efc52a,0.1374531239271164,0.9123606085777283,high_dino_low_clip
00000436_dc214184bdf79f29e3554669ea99c8bb,00000970_e3053503209ed56fd1055505b5630810,0.1404256522655487,0.9018409848213196,high_dino_low_clip
00000470_879aabfd9c5391888308bf989db8011c,00000584_ea1d55108f18f4b45d27b06bfbac836e,0.13126075267791748,0.9027871489524841,high_dino_low_clip
00000588_0dc88c655df0019015877c912a982a3d,00000927_9e47132715d8120f8188d006b9a5a155,0.13789603114128113,0.9084520936012268,high_dino_low_clip
00000244_3b1aef93293dc0fdc0c020d13098efb0,00000970_22a8f54b0bd3d3e0cbc1da6d553a42ec,0.08817347139120102,0.9132498502731323,high_dino_low_clip
00000144_0f90b027fdb20747b5fba905a01845af,00000458_cc4208ecf38f1751ca54da2fef0017d5,0.13913968205451965,0.9098575711250305,high_dino_low_clip
00000151_821e70e695f1c8e7c678b7abeab015ae,00000859_8045703301879f7b3b1f1ec26a4e8976,0.11569685488939285,0.9004536867141724,high_dino_low_clip
00000466_16676baad9bcf994a0e995a3a7e2a7a5,00000588_0dc88c655df0019015877c912a982a3d,0.13789603114128113,0.9084520936012268,high_dino_low_clip
00000151_821e70e695f1c8e7c678b7abeab015ae,00000354_0e588a9f46d54269d1c02eb864fa2fc2,0.1485021412372589,0.9158478379249573,high_dino_low_clip
00000473_671f9b245a576a658ff9085a7e9b51cb,00000741_10c3448d91a114ea7fa944ca4ed92696,0.08552810549736023,0.9136046171188354,high_dino_low_clip
00000017_43e4d09c48e0a9c8eb7d0864b0299945,00000586_643a4ef51f17074eb1e6e75e1b6caeb0,0.13272564113140106,0.9003438949584961,high_dino_low_clip
00000139_356da18484af646e8cb197014d8eb573,00000221_149df674f2c8bea2f6ecab8647128fa6,0.12122335284948349,0.9054388403892517,high_dino_low_clip
00000397_45d080bfbbcac4d8014c4d66f448ed8a,00000695_1bd1da10655280b25c9b25419552c1ec,0.13630817830562592,0.9282246232032776,high_dino_low_clip
00000404_5a0e3c603a9617053a8db40f9a1e16e3,00000456_b7dde0a0fbc98d7748d92b593a3f9fd8,0.13541002571582794,0.9116374254226685,high_dino_low_clip
00000307_3165b0aa86230d258d4ae8e9ad2c4707,00000456_b7dde0a0fbc98d7748d92b593a3f9fd8,0.12407639622688293,0.9183824062347412,high_dino_low_clip
00000491_7531ac77bcd14c48ac9a9fa12020c952,00000845_05b59d71fbc3324ca8bdb6da34e54d6a,0.1474577635526657,0.9040499925613403,high_dino_low_clip
00000374_5f890479f45fc0e410a457cf0b349de8,00000845_05b59d71fbc3324ca8bdb6da34e54d6a,0.14406412839889526,0.9015612602233887,high_dino_low_clip
00000777_5517af9d8af5898329bd02461540d3d1,00000957_0ff5ed7ba5434ae7cfe2c70a31cc7694,0.13031646609306335,0.9017397165298462,high_dino_low_clip
00000203_efd36ff7393421eea71093bf8262a48b,00000375_c28ec856fa1e83eeb10d3d4c68dc3bbe,0.07730256766080856,0.9040873050689697,high_dino_low_clip
00000375_c28ec856fa1e83eeb10d3d4c68dc3bbe,00000773_4a69e268d6a0039237f4d93517755ba7,0.06920554488897324,0.906032145023346,high_dino_low_clip
00000302_7b374d425c5c9fc20bec2bd9932c653a,00000687_054420bdfd223dfe0ca2bab850ccd171,0.1136111244559288,0.9203640818595886,high_dino_low_clip
00000108_a66917bff3cb8d169a458d1e0eac49d9,00000146_17d927b076d5fb4cd9e4565b22945140,0.14786197245121002,0.902518630027771,high_dino_low_clip
00000487_31711fbbd1d7d3eae68f49671b3307ef,00000851_d7c462719ed97ea6a1e079c600a4cb43,0.8246120810508728,0.17735333740711212,high_clip_low_dino
00000307_3165b0aa86230d258d4ae8e9ad2c4707,00000859_8045703301879f7b3b1f1ec26a4e8976,0.13414843380451202,0.9002711176872253,high_dino_low_clip
00000152_5b3ec2d966ef64d24322c5d73bf08648,00000177_b24aef9ce888bc55b92e50328a250b2b,0.1276807337999344,0.9030919671058655,high_dino_low_clip
00000556_721670e1c03772a3fb8c74b4e6728241,00000832_008e2bb9a39fc78cbc16b1bd36c6c9c5,0.12556923925876617,0.9015092253684998,high_dino_low_clip
00000068_1130d46545e936a1ba9777da1c41138a,00000586_643a4ef51f17074eb1e6e75e1b6caeb0,0.11960343271493912,0.9148037433624268,high_dino_low_clip
00000478_4167053397f6929710f77566f9612989,00000875_bd20109bce72dffb74e85a1bc08727b4,0.14269572496414185,0.9131224751472473,high_dino_low_clip
00000123_d863c0a086d7c5390ea48ef53115bec7,00001006_4362f3fb2c837ea8209f76d27c86a94c,0.12266349047422409,0.9115089178085327,high_dino_low_clip
00000986_a57c536704fd698ac5157a3e24f6ec10,00001006_4362f3fb2c837ea8209f76d27c86a94c,0.14927880465984344,0.9078913927078247,high_dino_low_clip
00000759_b89475966814440f7d02483f9e0c4163,00001006_4362f3fb2c837ea8209f76d27c86a94c,0.12266349047422409,0.9115089178085327,high_dino_low_clip
00000049_78c73d6c4583ce963f5cb96899fd94b2,00001006_4362f3fb2c837ea8209f76d27c86a94c,0.12266349047422409,0.9115089178085327,high_dino_low_clip
00000605_80d666fbfbe6871246c144e3d7d6707d,00001006_4362f3fb2c837ea8209f76d27c86a94c,0.12266349047422409,0.9115089178085327,high_dino_low_clip
00000953_c6d795e6bc0046f7e5e4c3c8845ccb40,00001006_4362f3fb2c837ea8209f76d27c86a94c,0.12266349047422409,0.9115089178085327,high_dino_low_clip
00000293_e9ae288db238eea0f3fe038947602088,00000435_37c3ace906d7e5139aed85e584ef7619,0.12915422022342682,0.90621018409729,high_dino_low_clip
00000875_bd20109bce72dffb74e85a1bc08727b4,00000944_a9990adcda1c3d1be25233ed43eec951,0.14702023565769196,0.9034704566001892,high_dino_low_clip
00000413_bb1f116f7a1254e153df1245455da5ac,00001006_4362f3fb2c837ea8209f76d27c86a94c,0.12266349047422409,0.9115089178085327,high_dino_low_clip
00000198_19e2a4406c6f9e29bd98e0606c9a6231,00001006_4362f3fb2c837ea8209f76d27c86a94c,0.12266349047422409,0.9115089178085327,high_dino_low_clip
00000996_87bfdd6975e5ce2daa96dd4dafba59b9,00001006_4362f3fb2c837ea8209f76d27c86a94c,0.08446309715509415,0.9044103622436523,high_dino_low_clip
00000806_1675c0957fcc44ba952f04bef091fa2e,00000949_12d36c5bf343c601229db4fd8c37baf6,0.12127764523029327,0.9077799320220947,high_dino_low_clip
00000227_d4595b0c2dfaf438fdc5263441c8482f,00000481_9a2aef21eb06ddb7f9ccbf46d3294c5d,0.1378692239522934,0.9207289814949036,high_dino_low_clip
00000733_e9773eadee994945cb4f7c54808fe056,00000828_06f490646579253248fff18e08b62fa3,0.14297263324260712,0.9043963551521301,high_dino_low_clip
00000606_60ade4a868f3bd867bceb063e6f277c7,00000999_9dda8c837c06c37deb505ffb34b66059,0.12363994866609573,0.9165518879890442,high_dino_low_clip
00000227_d4595b0c2dfaf438fdc5263441c8482f,00000397_45d080bfbbcac4d8014c4d66f448ed8a,0.13899175822734833,0.9083619713783264,high_dino_low_clip
00000396_87d043e45efca2c52244572249c1c872,00000462_ff0a0d615deb842bd4de8e5ac8a96f65,0.12534600496292114,0.9012582302093506,high_dino_low_clip
00000780_7fdbdd9479c7afb24ef2767959d39e22,00000875_bd20109bce72dffb74e85a1bc08727b4,0.1388029158115387,0.92516028881073,high_dino_low_clip
00000456_b7dde0a0fbc98d7748d92b593a3f9fd8,00000816_1704eb6cf957f0675e1d3874a2af27f7,0.10377561300992966,0.9138391017913818,high_dino_low_clip
00000167_3d1aa3da595f2ff2f98ae991c486a4f2,00000690_65f8a29c0f8113ec923bff239deaca57,0.14089138805866241,0.9149497151374817,high_dino_low_clip
00000167_35cf8e9e7ba148189fd9e3d51bb4d6c9,00000949_12d36c5bf343c601229db4fd8c37baf6,0.1414238065481186,0.917417585849762,high_dino_low_clip
00000227_d4595b0c2dfaf438fdc5263441c8482f,00000856_e1e127f443a1e95af3f1c0ce218555b9,0.13962766528129578,0.9143249988555908,high_dino_low_clip
00000784_b91f52b02896b5f1e482f66c5183eeda,00001006_4362f3fb2c837ea8209f76d27c86a94c,0.12266349047422409,0.9115089178085327,high_dino_low_clip
00000686_63dc187b303a2bec77aac2331df717a9,00001006_4362f3fb2c837ea8209f76d27c86a94c,0.12266349047422409,0.9115089178085327,high_dino_low_clip
00000332_2e04bb705322237859e5f9b44dee7a82,00001006_4362f3fb2c837ea8209f76d27c86a94c,0.12266349047422409,0.9115089178085327,high_dino_low_clip
00000053_acdcc230a97d9fa7c3def75004e230ae,00001006_4362f3fb2c837ea8209f76d27c86a94c,0.12266349047422409,0.9115089178085327,high_dino_low_clip
00000307_3eefbff5d76f0f6fc67a41efc8efc52a,00000949_12d36c5bf343c601229db4fd8c37baf6,0.07026561349630356,0.9100921750068665,high_dino_low_clip
00000227_d4595b0c2dfaf438fdc5263441c8482f,00000951_21aaa093add397f2658ee9617912ad1e,0.09700405597686768,0.9169087409973145,high_dino_low_clip
00000396_87d043e45efca2c52244572249c1c872,00000581_6681f2245e2771cf67720bcc0631e113,0.11485239863395691,0.9157265424728394,high_dino_low_clip
00000305_c585262a4537030e092d6bcc8e41c1a9,00000687_054420bdfd223dfe0ca2bab850ccd171,0.1136111244559288,0.9203640818595886,high_dino_low_clip
00000227_d4595b0c2dfaf438fdc5263441c8482f,00000875_bd20109bce72dffb74e85a1bc08727b4,0.08773429691791534,0.9381809830665588,high_dino_low_clip
00000475_58bfe7a8096b28da84bc99e0c1647a5a,00001006_4362f3fb2c837ea8209f76d27c86a94c,0.12266349047422409,0.9115089178085327,high_dino_low_clip
00000688_ab08c572b9b92187b2f0c94d3eeb3f87,00001006_4362f3fb2c837ea8209f76d27c86a94c,0.12266349047422409,0.9115089178085327,high_dino_low_clip
00000505_900ff804cec40c3fd8709f6627e4c02e,00000687_fa23875ca926cb7bd4d5a57785ab4280,0.09000581502914429,0.9005306363105774,high_dino_low_clip
00000581_98f85a3e1de596fd793aa050e44131b7,00000887_d62437d115d1fb068b92dff1249ab6d8,0.14581410586833954,0.9018044471740723,high_dino_low_clip
00000591_c4d4efca1d7a9ebbc86d29746960ce9d,00000898_6bcbc357fe6bcd012df51aa8c00b0e14,0.1423775851726532,0.9087186455726624,high_dino_low_clip
00000386_a8a6c691f513e1ffdbab0f21c17dabaa,00001006_4362f3fb2c837ea8209f76d27c86a94c,0.14927880465984344,0.9078913927078247,high_dino_low_clip
00000505_900ff804cec40c3fd8709f6627e4c02e,00001008_58bd82c9cc2be74aa93a8c26a701713d,0.11603908985853195,0.9012404680252075,high_dino_low_clip
00000177_b24aef9ce888bc55b92e50328a250b2b,00000298_ba6eb199a9400dfafd517730d3a27488,0.1276807337999344,0.9030919671058655,high_dino_low_clip
00000177_b24aef9ce888bc55b92e50328a250b2b,00000375_becfc043aba180223086dec67c992690,0.1276807337999344,0.9030919671058655,high_dino_low_clip
00000781_4e3d544524cb848c9a56187f1cfe5bdd,00001006_4362f3fb2c837ea8209f76d27c86a94c,0.08446309715509415,0.9044103622436523,high_dino_low_clip
00000392_4304126ea23d95dd05122f5910eb9118,00000859_8045703301879f7b3b1f1ec26a4e8976,0.08573427051305771,0.9010290503501892,high_dino_low_clip
00000354_0e588a9f46d54269d1c02eb864fa2fc2,00000505_900ff804cec40c3fd8709f6627e4c02e,0.14731092751026154,0.900516152381897,high_dino_low_clip
00000392_a147bba06259b66df4e466cbba9dd2a3,00000832_39d052cd5705b2dd39619b952e8fec1b,0.14170223474502563,0.9197741746902466,high_dino_low_clip
00000139_356da18484af646e8cb197014d8eb573,00000184_ea77686290a9c7db4050a2ce0d873348,0.11446408927440643,0.9044650197029114,high_dino_low_clip
00000413_49080c36ae6f4cf087d06c1a70d27751,00000606_60ade4a868f3bd867bceb063e6f277c7,0.13684600591659546,0.91300368309021,high_dino_low_clip
00000157_7ad3fc3f3bf180cd15c6b5fde45f2232,00000308_1f7cf96d8b579a285098ea4c74b1ceba,0.07407219707965851,0.9078680276870728,high_dino_low_clip
00000457_cb87199870cd2590529824a3621a4569,00000717_a19b1ca1c789809bcc8a69b11044a4a2,0.14510099589824677,0.9261271357536316,high_dino_low_clip
00000267_ecacdd40d80dc8007d5d2bbcc3a8b5d9,00000768_43a7ddeb0edbe817bd10739df9b354f5,0.12177325040102005,0.907782793045044,high_dino_low_clip
00000660_c1cf781d45a9f697ddd4a257f6db0468,00000687_054420bdfd223dfe0ca2bab850ccd171,0.1136111244559288,0.9203640818595886,high_dino_low_clip
00000146_17d927b076d5fb4cd9e4565b22945140,00000308_1f7cf96d8b579a285098ea4c74b1ceba,0.13166238367557526,0.9167323112487793,high_dino_low_clip
00000308_1f7cf96d8b579a285098ea4c74b1ceba,00000620_7493ac6b393fe0f6adff003ed6dc17bb,0.07398103177547455,0.9062204360961914,high_dino_low_clip
00000581_98f85a3e1de596fd793aa050e44131b7,00000710_2dae43ed6998ba2c23bcb9eb9b920af8,0.14581410586833954,0.9018044471740723,high_dino_low_clip
00000131_92c1b391f2c92e9e054f46b19e7df915,00000762_b52006c55559ffbe7869704e3f00dab4,0.1473848521709442,0.9033777117729187,high_dino_low_clip
00000122_2d1bff0cf9c30fcef3e6e36939ac1ede,00000477_c0ba7b0b9f8d029dee6f1f7a455fdc2e,0.1309320628643036,0.9084534049034119,high_dino_low_clip
00000687_054420bdfd223dfe0ca2bab850ccd171,00000970_78c21d70210716923741311b51dae4ef,0.1136111244559288,0.9203640818595886,high_dino_low_clip
00000687_054420bdfd223dfe0ca2bab850ccd171,00000973_da00c745696c41822a12b886616da7d6,0.1136111244559288,0.9203640818595886,high_dino_low_clip
00000595_b924c96e47417d00e30c27f1d8f69448,00000656_add3e914cc2441e22048db024ea08686,0.09378334879875183,0.9051684737205505,high_dino_low_clip
00000337_57178a1afa81aee226bf3816756faa1f,00000581_98f85a3e1de596fd793aa050e44131b7,0.14581410586833954,0.9018044471740723,high_dino_low_clip
00000103_8ad9f3561e99a072ec6a4c67ff14301b,00000177_b24aef9ce888bc55b92e50328a250b2b,0.1276807337999344,0.9030919671058655,high_dino_low_clip
00000542_1c97414465e43fe33e93713cb747da70,00000794_5522031ab70445f963dad8b9a33ea899,0.13480544090270996,0.9031967520713806,high_dino_low_clip
00000462_98d7ff781bee187507fdd9b09823df40,00000470_becadbb4b79672f1b72bdcf42de3933b,0.1471826583147049,0.9186493158340454,high_dino_low_clip
00000435_37c3ace906d7e5139aed85e584ef7619,00000706_02bc76165de3eeb89aafba40f0d9f0fd,0.12915422022342682,0.90621018409729,high_dino_low_clip
00000505_9f4ca562896e50e6a64000603b612051,00000871_d221fa483477873bb7273ee203cd4d67,-0.007981142960488796,0.9062977433204651,high_dino_low_clip
00000227_96a2ede774beb61408dcc6b14be1e608,00000462_98d7ff781bee187507fdd9b09823df40,0.13439679145812988,0.9154214262962341,high_dino_low_clip
00000505_9f4ca562896e50e6a64000603b612051,00000806_1675c0957fcc44ba952f04bef091fa2e,0.016368607059121132,0.9002866744995117,high_dino_low_clip
00000432_b1d960e0832011433565767760e3358c,00000456_9c26b7e9ed260b481c8fd2f24268bfaf,0.13346655666828156,0.9016722440719604,high_dino_low_clip
00000462_98d7ff781bee187507fdd9b09823df40,00000701_7e6e5cfa2c7e098993b1b80b5f1d3f7f,0.09842313826084137,0.9330635666847229,high_dino_low_clip
00000447_7e81ba0a3cdace3dc1a00f0103c56a15,00000496_ad6b04e2a9a5f502d29439957e98d10f,0.13887760043144226,0.9042336344718933,high_dino_low_clip
00000505_9f4ca562896e50e6a64000603b612051,00000581_6681f2245e2771cf67720bcc0631e113,0.0718042328953743,0.901380181312561,high_dino_low_clip
00000447_7e81ba0a3cdace3dc1a00f0103c56a15,00000594_c20b15e013b157d92befef4b519bac02,0.14182019233703613,0.9051745533943176,high_dino_low_clip
00000581_98f85a3e1de596fd793aa050e44131b7,00000858_b0e146eff067d2e914853606556c8884,0.14581410586833954,0.9018044471740723,high_dino_low_clip
00000177_b24aef9ce888bc55b92e50328a250b2b,00000312_26d0037d2ee1958005c9d08c25cf015b,0.1276807337999344,0.9030919671058655,high_dino_low_clip
00000133_7210d17197bd3894026296fa01af8065,00000448_6efb9d8e88bf0071cb2e47ee38c5fd40,0.1230507642030716,0.9123691320419312,high_dino_low_clip
00000388_f223cde729ba8504b5c9452483e3f7ba,00000849_7fba081848f15fcf6752cae35f8a8551,0.09207986295223236,0.9094411134719849,high_dino_low_clip
00000354_0e588a9f46d54269d1c02eb864fa2fc2,00000388_f223cde729ba8504b5c9452483e3f7ba,0.14598354697227478,0.9123013615608215,high_dino_low_clip
00000691_1f576497614d4d66c2e0962b2a2ab209,00000751_1b7a7ff87ee47dd021f21016d86eeb73,0.10400524735450745,0.9029136896133423,high_dino_low_clip
00000618_92bc1c3ffeb4fc8ed641b890adfdbabe,00000691_1f576497614d4d66c2e0962b2a2ab209,0.10400524735450745,0.9029136896133423,high_dino_low_clip
00000068_112b31be008e3c99031fe48babc6a178,00000675_67b97cd87779327c72a3beb27514370b,0.14642538130283356,0.906012773513794,high_dino_low_clip
00000654_2ac54a213dce895b5d74f192072f0110,00000965_256961d6302230bed6cd6d69c79b4af1,0.13326166570186615,0.9026136994361877,high_dino_low_clip
00000246_798c08cdeb60cc4158a1efc0c04d7a21,00000552_e28d4004d95dc1c081db901c7ce30cc6,0.1441301554441452,0.9044187068939209,high_dino_low_clip
00000354_49b0589d8741f6dc71d7926c4b4636d6,00000803_f5aff9739a6b2c69d2f257fb687964b0,0.11183307319879532,0.912982165813446,high_dino_low_clip
00000445_77edcd6bc62e2944fb2ab5b9044eaee9,00000931_153ec882c32e91605b7e684db08361c7,0.14961302280426025,0.9015204310417175,high_dino_low_clip
00000109_dc35a383cf13c3b843583b5fb125bc65,00000167_c199d04071008bbe464c720a1f46b953,0.14656123518943787,0.9013887047767639,high_dino_low_clip
00000255_37d77595426e9d0d65c02febf25b4735,00000591_d5723edfcb7d99e330c801489ae6cda5,0.12713587284088135,0.9022667407989502,high_dino_low_clip
00000131_3ff86ecbaa5bc3c411fd2b0ab43dec1a,00000611_f4d16420ddfc63223734198aaabfae33,0.06060117855668068,0.9093411564826965,high_dino_low_clip
00000158_8b1f3ececd79cc44daaf5b7c251a62a4,00001008_fd367ee3dd6f043014d092ed0e77b82d,0.14525847136974335,0.9100980162620544,high_dino_low_clip
00000833_b1e0c9465b169ac143d2b60e41354da0,00000965_256961d6302230bed6cd6d69c79b4af1,0.13317379355430603,0.9073674082756042,high_dino_low_clip
00000962_ccf15f71d2591b50bcbe4521aae7fba2,00001014_e45e8df29d7e3ca5ef4b7e50cd81204a,0.8073987364768982,0.1975567638874054,high_clip_low_dino
00000267_1f9547558c5ac14e726b11b21fb2050b,00000910_e2f23d116e5987394d6c72e6f61c6038,0.12228374928236008,0.9001617431640625,high_dino_low_clip
00000568_c37ad10778f2fdda91a6421711147a9c,00000910_e2f23d116e5987394d6c72e6f61c6038,0.09724298119544983,0.906154990196228,high_dino_low_clip
00000148_a95f2e3ae559e8a858e3c29f86eb4abf,00000325_6fd10218dbe415867fbf2af4dfd543c5,0.135714590549469,0.9140486121177673,high_dino_low_clip
00000115_b139c15f953c2e3793b1beafdd6e390c,00000208_93819196b17184b736f2f39f8f2223c2,0.13999412953853607,0.9154646396636963,high_dino_low_clip
00000386_ce98092e35a85688f23b0141be042c0d,00000467_f2696433814eef7550ec8ac86ad92fe0,0.09966927021741867,0.9018929600715637,high_dino_low_clip
00000315_afd384a1e62963b5dc9cf0c3d4803f3a,00000921_5a05a99ac95fab33fb736c1b93dc3ce9,0.12563391029834747,0.9046770334243774,high_dino_low_clip
00000265_ab9df08d2d6d21f0ea932dc9b2d8b927,00000317_545ca608c0813c8ce38d4ec8fa6b4581,0.14917731285095215,0.9035646915435791,high_dino_low_clip
00000208_93819196b17184b736f2f39f8f2223c2,00000426_96e192811155f3c972b862949e475644,0.13732923567295074,0.922694206237793,high_dino_low_clip
00000048_9156fa936fb596e00f668516c8ff842c,00000704_6bbe90cadb24f89fd08afc712713e2fd,0.14342200756072998,0.9009643793106079,high_dino_low_clip
00000260_afa75706b30d2917ebe08a3fe59f7313,00000683_4879c7a5f32fae7e0270a291618a0cdf,0.13945893943309784,0.901222825050354,high_dino_low_clip
00000190_b1beb6d276c98e93197169143a974b2e,00000413_788633fcd53b97b1cdf36d643094a3b1,0.13812696933746338,0.9030357599258423,high_dino_low_clip
00000020_0d911c329a5cf2fb03b6ffc104fd4772,00000675_9fa042f7ed3143f08cbeddd91008c7ab,0.12374299019575119,0.9075506925582886,high_dino_low_clip
00000315_afd384a1e62963b5dc9cf0c3d4803f3a,00000413_788633fcd53b97b1cdf36d643094a3b1,0.1254674196243286,0.9008020758628845,high_dino_low_clip
00000407_1f9ffa41fa9542a1f6de25172e6999b9,00000413_788633fcd53b97b1cdf36d643094a3b1,0.13812696933746338,0.9030357599258423,high_dino_low_clip
00000317_545ca608c0813c8ce38d4ec8fa6b4581,00000514_2e3eecf11eedea7f425291d10f4c52a5,0.14079464972019196,0.9029460549354553,high_dino_low_clip
00000062_7e99072ecaf3e9cd15efe612cc7e6018,00000213_fd69143b67e1455fdb189e41f57f2065,0.11102799326181412,0.911101758480072,high_dino_low_clip
00000049_210f58740508b989e5e8defcd7b3d514,00000668_d593d05a981b2150cc2b9fc3f26a055a,0.14733392000198364,0.9183133244514465,high_dino_low_clip
00000021_3784cbb24f310dca6c16aab41840b361,00001008_fd367ee3dd6f043014d092ed0e77b82d,0.13762857019901276,0.9053919315338135,high_dino_low_clip
00000428_652263010cdb98a38f015dd16d948201,00000931_8f2ef2a1a5c5841213229ac18a9ac056,0.13861830532550812,0.9136040806770325,high_dino_low_clip
00000811_386130006a18f0d3aa4e5959cbc40d8e,00000910_9071610396373ac1b178c78da713af92,0.10827890038490295,0.9082324504852295,high_dino_low_clip
00000596_def88ccff71a9e73545812b04e569ad7,00000939_26a70ad7a984fa646844b620894e9aef,0.1451760083436966,0.9193326234817505,high_dino_low_clip
00000696_891e7947d2338d8481e3b5d06f947e7c,00000803_b9ee87feec56b9b366249ba0d53a20bf,0.07574232667684555,0.9073125720024109,high_dino_low_clip
00000230_d17f71852f78f0e7dc4900c8db6c0fd2,00000696_891e7947d2338d8481e3b5d06f947e7c,0.13834118843078613,0.9092592000961304,high_dino_low_clip
00000262_5b0742706ef7a3e779eda7e5d2cb5b8f,00000636_92ad55bbc5433e1c538cb348e556d977,0.10931524634361267,0.9103043675422668,high_dino_low_clip
00000301_d828306cd91f74f62e7b856422e27b6a,00000540_51761a82774d415024466bf9a47b810a,0.1365121752023697,0.9173857569694519,high_dino_low_clip
00000230_d17f71852f78f0e7dc4900c8db6c0fd2,00000765_46bdf14cbf451b6b92f4b2ef5f34674a,0.09984312206506729,0.9074468016624451,high_dino_low_clip
00000163_3a97535d9d3439f8d539c376ca38a861,00000808_b9fa05889adac17532115ec91c3d8a2e,0.13027620315551758,0.9003065228462219,high_dino_low_clip
00000808_b9fa05889adac17532115ec91c3d8a2e,00000855_96d388968f8af4f7dbfe5b3dfc184b25,0.13027620315551758,0.9003065228462219,high_dino_low_clip
00000543_0a759f68abaef59110ec7cbde7303ca0,00000723_1886ba0bd72b270d15a5f9af3360d46f,0.1129533052444458,0.9182084202766418,high_dino_low_clip
00000781_cef1a37265b058a3d7f9a8e86f6501f3,00000921_5a05a99ac95fab33fb736c1b93dc3ce9,0.12563391029834747,0.9046770334243774,high_dino_low_clip
00000343_75c14aaf0ff7bee42446d935fe4cb1b5,00000543_0a759f68abaef59110ec7cbde7303ca0,0.1129533052444458,0.9182084202766418,high_dino_low_clip
00000426_96e192811155f3c972b862949e475644,00000804_56e3ae75a3b4bd58ffa6b01370f1ce69,0.12433751672506332,0.9018269181251526,high_dino_low_clip
00000208_892d6e8fcca6c1c4ddb0630e8feac244,00000808_b9fa05889adac17532115ec91c3d8a2e,0.13027620315551758,0.9003065228462219,high_dino_low_clip
00000793_695e28da9464f14d2aee343ac8e25320,00000808_b9fa05889adac17532115ec91c3d8a2e,0.13027620315551758,0.9003065228462219,high_dino_low_clip
00000570_b0beaa1c65dc28ea2ad617ab82c0ba31,00000808_b9fa05889adac17532115ec91c3d8a2e,0.13027620315551758,0.9003065228462219,high_dino_low_clip
00000607_ad4ece66a682bc05f50a5b3c7d455392,00000808_b9fa05889adac17532115ec91c3d8a2e,0.13027620315551758,0.9003065228462219,high_dino_low_clip
00000642_541fce18036eeb41a3f4cbb984bd51d3,00000808_b9fa05889adac17532115ec91c3d8a2e,0.13027620315551758,0.9003065228462219,high_dino_low_clip
00000413_788633fcd53b97b1cdf36d643094a3b1,00000781_cef1a37265b058a3d7f9a8e86f6501f3,0.1254674196243286,0.9008020758628845,high_dino_low_clip
00000611_f4d16420ddfc63223734198aaabfae33,00000960_f74d35a949666f946b4bec6c365a1f3f,0.06060117855668068,0.9093411564826965,high_dino_low_clip
00000479_815bfe43f34e991b9b09f07562422742,00000611_f4d16420ddfc63223734198aaabfae33,0.06060117855668068,0.9093411564826965,high_dino_low_clip
00000355_32be9ef52249e4015cece06c81fdcb81,00000808_b9fa05889adac17532115ec91c3d8a2e,0.13027620315551758,0.9003065228462219,high_dino_low_clip
00000148_6d2b0d61f639d192e87078946414281e,00000808_b9fa05889adac17532115ec91c3d8a2e,0.13027620315551758,0.9003065228462219,high_dino_low_clip
00000051_88c719c62d99d8ca3d9ab56e8c2f1db2,00001008_fd367ee3dd6f043014d092ed0e77b82d,0.13245689868927002,0.9135289788246155,high_dino_low_clip
00000467_bd5160b7aa5416474e724d22bbe6b890,00000567_5a2d411ca0af4a48972fc6cf1c056413,0.08194810897111893,0.9085869193077087,high_dino_low_clip
00000384_1e2fffeb21ad23a78751160d18fc3896,00000918_19daf1c0701d2bef688aa9b8cf0dc9fc,0.11609974503517151,0.9030314087867737,high_dino_low_clip
00000384_1e2fffeb21ad23a78751160d18fc3896,00000636_92ad55bbc5433e1c538cb348e556d977,0.07504276931285858,0.9212448596954346,high_dino_low_clip
00000621_9784fcbd32787ace57899dbea130f621,00000809_acb16562113350c15e952349cc66aec9,0.12338462471961975,0.9031944870948792,high_dino_low_clip
00000533_482747304286891c73c71b578978e21c,00000924_d09310a756fc68389e523ef3ccd2b2ec,0.12867854535579681,0.9045392274856567,high_dino_low_clip
00000322_0f5b67a54528d40e7a5cad2e05f3cfd0,00000335_370955ba5704235a1d94c58dd4bd7be6,0.0802026093006134,0.9020678400993347,high_dino_low_clip
00000621_9784fcbd32787ace57899dbea130f621,00000739_2a659ad3d40bb2098c26ecaf303f6452,0.12338462471961975,0.9031944870948792,high_dino_low_clip
00000462_589e3434098571f159ad00e8083ef4ea,00000696_891e7947d2338d8481e3b5d06f947e7c,0.07666735351085663,0.9106773734092712,high_dino_low_clip
00000361_d858a0363bc6d7ee727576c8610a236a,00000621_9784fcbd32787ace57899dbea130f621,0.12338462471961975,0.9031944870948792,high_dino_low_clip
00000519_bc57e1a5defd9bd3935ff0be38049b70,00000621_9784fcbd32787ace57899dbea130f621,0.12338462471961975,0.9031944870948792,high_dino_low_clip
00000179_dbd158a37a5779bff82ceb4d9c14ec5f,00000322_0f5b67a54528d40e7a5cad2e05f3cfd0,0.1054699495434761,0.901979386806488,high_dino_low_clip
00000602_24b8a3ace7ffa898a800b6ede72414b4,00000721_1fb9a3135d7fb66dc7f41df1eb5a43fa,0.09002195298671722,0.9020227193832397,high_dino_low_clip
00000522_c6f17bcf6b620aaab32fdebda1be5de0,00000533_482747304286891c73c71b578978e21c,0.09978922456502914,0.9092491865158081,high_dino_low_clip
00000607_6855e56a8b9838f3f223d901783b1eda,00000621_9784fcbd32787ace57899dbea130f621,0.12338462471961975,0.9031944870948792,high_dino_low_clip
00000297_2437a34fed7b96740879ad84919defb0,00000621_9784fcbd32787ace57899dbea130f621,0.12338462471961975,0.9031944870948792,high_dino_low_clip
00000685_1875af7dac6cdd59a1d7b3d2569c419f,00000935_379ec4a3df848b500ab4af17427b0571,0.13313975930213928,0.9004418849945068,high_dino_low_clip
00000554_b7505134c1057e3ddf633c3a3e036698,00000953_e1684957ca3736a55c732ba11b79ff5e,0.13647472858428955,0.9073036313056946,high_dino_low_clip
00000727_11bd3be2370e1cb98c4127c074ce7bb5,00000958_5cd6ccd91da6a559ef06baa617dcdeb9,0.13722583651542664,0.9111173748970032,high_dino_low_clip
00000507_a171729e39248c2963221b60e45a6cc1,00000621_9784fcbd32787ace57899dbea130f621,0.12338462471961975,0.9031944870948792,high_dino_low_clip
00000108_85b4cce5748fa3de07c8e43b1ad9a7da,00000621_9784fcbd32787ace57899dbea130f621,0.12338462471961975,0.9031944870948792,high_dino_low_clip
00000594_1bf7e17a6980c780404bede9797c814e,00000621_9784fcbd32787ace57899dbea130f621,0.12338462471961975,0.9031944870948792,high_dino_low_clip
00000602_24b8a3ace7ffa898a800b6ede72414b4,00000747_7d3b05c819ea63e1cfa636a879dbc50b,0.05713466927409172,0.9020593166351318,high_dino_low_clip
00000074_bc54b60d2fc8b2c7e099d4d1c85891f3,00000621_9784fcbd32787ace57899dbea130f621,0.12338462471961975,0.9031944870948792,high_dino_low_clip
00000621_9784fcbd32787ace57899dbea130f621,00000640_1b78721a2f08dc04f3d0562c95ec8303,0.12338462471961975,0.9031944870948792,high_dino_low_clip
00000413_788633fcd53b97b1cdf36d643094a3b1,00000718_1e12856efdc3fdf0f7ac8f1cf5b4febf,0.13812696933746338,0.9030357599258423,high_dino_low_clip
00000533_482747304286891c73c71b578978e21c,00000797_ad5b3e9ca4e513eeac37dddcf5841c40,0.10658678412437439,0.9116032719612122,high_dino_low_clip
00000492_5f4a1c7dcf690f86562d99dda6a5fdef,00000533_482747304286891c73c71b578978e21c,0.11595171689987183,0.9098954796791077,high_dino_low_clip
00000533_482747304286891c73c71b578978e21c,00000949_985a336c30106d145b76fdc7ca8f1000,0.10027116537094116,0.9034328460693359,high_dino_low_clip
00000004_541bd37a45ed0b6eae6b9b84d32b5a94,00000018_2ed18fe21da6ea5b9f20bd2425db4eff,0.13357900083065033,0.9017203450202942,high_dino_low_clip
00000621_9784fcbd32787ace57899dbea130f621,00000712_20b1c3b9001fc527aac1d8a0b6ddd062,0.12338462471961975,0.9031944870948792,high_dino_low_clip
00000739_932366d2eda9a29e7c970f37d92506c7,00000809_acb16562113350c15e952349cc66aec9,0.12078091502189636,0.9040215015411377,high_dino_low_clip
00000335_370955ba5704235a1d94c58dd4bd7be6,00000909_2e61f7b6920cf7d8c7d2c9cf9475c242,0.0802026093006134,0.9020678400993347,high_dino_low_clip
00000739_2a659ad3d40bb2098c26ecaf303f6452,00000739_932366d2eda9a29e7c970f37d92506c7,0.12078091502189636,0.9040215015411377,high_dino_low_clip
00000041_c7e55b1b87bd031ffc30538c53de2067,00000589_2589cef532263d9ad2f174df654b4a4f,0.1422073245048523,0.9004178047180176,high_dino_low_clip
00000361_d858a0363bc6d7ee727576c8610a236a,00000739_932366d2eda9a29e7c970f37d92506c7,0.12078091502189636,0.9040215015411377,high_dino_low_clip
00000519_bc57e1a5defd9bd3935ff0be38049b70,00000739_932366d2eda9a29e7c970f37d92506c7,0.12078091502189636,0.9040215015411377,high_dino_low_clip
00000179_dbd158a37a5779bff82ceb4d9c14ec5f,00000909_2e61f7b6920cf7d8c7d2c9cf9475c242,0.1054699495434761,0.901979386806488,high_dino_low_clip
00000302_f0c36f6bd37728b205cbe2bb4aaa67ec,00001019_98da12b2bb33f09e661cab92e6e9bc8d,0.04819023236632347,0.9011020064353943,high_dino_low_clip
00000513_1d2e9433e572866a3ad9d9d2a80caf0b,00000921_5a05a99ac95fab33fb736c1b93dc3ce9,0.12563391029834747,0.9046770334243774,high_dino_low_clip
00000410_1111071035b76518759f91b1dfcf76a1,00000589_2589cef532263d9ad2f174df654b4a4f,0.14164018630981445,0.9187636375427246,high_dino_low_clip
00000607_6855e56a8b9838f3f223d901783b1eda,00000739_932366d2eda9a29e7c970f37d92506c7,0.12078091502189636,0.9040215015411377,high_dino_low_clip
00000297_2437a34fed7b96740879ad84919defb0,00000739_932366d2eda9a29e7c970f37d92506c7,0.12078091502189636,0.9040215015411377,high_dino_low_clip
00000604_bcbe89c22b5b84eb8c8329f3c21eadc6,00000811_f94d2bf03b4a9c0ea9bbb609da5ce965,0.13624335825443268,0.9146037697792053,high_dino_low_clip
00000507_a171729e39248c2963221b60e45a6cc1,00000739_932366d2eda9a29e7c970f37d92506c7,0.12078091502189636,0.9040215015411377,high_dino_low_clip
00000108_85b4cce5748fa3de07c8e43b1ad9a7da,00000739_932366d2eda9a29e7c970f37d92506c7,0.12078091502189636,0.9040215015411377,high_dino_low_clip
00000594_1bf7e17a6980c780404bede9797c814e,00000739_932366d2eda9a29e7c970f37d92506c7,0.12078091502189636,0.9040215015411377,high_dino_low_clip
00000020_0d911c329a5cf2fb03b6ffc104fd4772,00000281_cf1f16588d3cc35314d7c00ce3d0f0f6,0.12374299019575119,0.9075506925582886,high_dino_low_clip
00000256_2e346d09062e1c9ebc198932711d10db,00000514_dd55b19fa8a5ba2a493565e143168390,0.1292593777179718,0.9013270139694214,high_dino_low_clip
00000514_dd55b19fa8a5ba2a493565e143168390,00000931_153ec882c32e91605b7e684db08361c7,0.11373633146286011,0.9009804129600525,high_dino_low_clip
00000020_0d911c329a5cf2fb03b6ffc104fd4772,00000111_3c971c9c7c85012786cc333a2d36342d,0.12374299019575119,0.9075506925582886,high_dino_low_clip
00000413_788633fcd53b97b1cdf36d643094a3b1,00000513_1d2e9433e572866a3ad9d9d2a80caf0b,0.1254674196243286,0.9008020758628845,high_dino_low_clip
00000074_bc54b60d2fc8b2c7e099d4d1c85891f3,00000739_932366d2eda9a29e7c970f37d92506c7,0.12078091502189636,0.9040215015411377,high_dino_low_clip
00000640_1b78721a2f08dc04f3d0562c95ec8303,00000739_932366d2eda9a29e7c970f37d92506c7,0.12078091502189636,0.9040215015411377,high_dino_low_clip
00000256_2e346d09062e1c9ebc198932711d10db,00000680_1d224add4c54d9fd5824411b50afdc6d,0.11477819830179214,0.9065210223197937,high_dino_low_clip
00000649_b98c9b7a9fca41ad20891e3eba28d1f8,00000880_f2a73c406857e1c81ab4e70b41466ff4,0.14648333191871643,0.9172236323356628,high_dino_low_clip
00000062_7e99072ecaf3e9cd15efe612cc7e6018,00000514_dd55b19fa8a5ba2a493565e143168390,0.14517006278038025,0.9090129733085632,high_dino_low_clip
00000611_f4d16420ddfc63223734198aaabfae33,00000925_0e40ce8c03083b3e99d7c4b351ad86f3,0.06060117855668068,0.9093411564826965,high_dino_low_clip
00000302_f0c36f6bd37728b205cbe2bb4aaa67ec,00000889_7ae69ea68059a65b27b3076d5271d151,0.09636428952217102,0.9030482172966003,high_dino_low_clip
00000467_bd5160b7aa5416474e724d22bbe6b890,00000514_dd55b19fa8a5ba2a493565e143168390,0.11089974641799927,0.9179094433784485,high_dino_low_clip
00000165_c95dee42674cd255ef20a58f0051d2cb,00000467_bd5160b7aa5416474e724d22bbe6b890,0.0790519192814827,0.9100777506828308,high_dino_low_clip
00000712_20b1c3b9001fc527aac1d8a0b6ddd062,00000739_932366d2eda9a29e7c970f37d92506c7,0.12078091502189636,0.9040215015411377,high_dino_low_clip
00000010_022f1d49c6acab051c0b018ceb19f4f2,00000921_5a05a99ac95fab33fb736c1b93dc3ce9,0.12563391029834747,0.9046770334243774,high_dino_low_clip
00000426_96e192811155f3c972b862949e475644,00000610_0b7bfc1d4f27f105cc7a31d04154a1c1,0.1123538687825203,0.946505069732666,high_dino_low_clip
00000159_ce2863535922d6a7453f0033f2dcf23f,00000522_c6f17bcf6b620aaab32fdebda1be5de0,0.14457327127456665,0.9044021964073181,high_dino_low_clip
00000206_7af3a58f9173868e89753a3909f9942f,00000803_f5aff9739a6b2c69d2f257fb687964b0,0.11867586523294449,0.9246396422386169,high_dino_low_clip
00000010_022f1d49c6acab051c0b018ceb19f4f2,00000413_788633fcd53b97b1cdf36d643094a3b1,0.1254674196243286,0.9008020758628845,high_dino_low_clip
00000175_e6021137d0cfd5b30c5814a7b2f23d04,00000350_3b916f01f4525e7f9c6bfc88302a686b,0.09638408571481705,0.9009428024291992,high_dino_low_clip
00000159_ce2863535922d6a7453f0033f2dcf23f,00000492_5f4a1c7dcf690f86562d99dda6a5fdef,0.12356305122375488,0.9030160307884216,high_dino_low_clip
00000309_b1d984eb2f3c421a9acc5f1406fa4ee4,00000798_949e1a17ee75b1cc01f6fc913c311ff6,0.14010393619537354,0.9017875790596008,high_dino_low_clip
00000206_7af3a58f9173868e89753a3909f9942f,00000931_8f2ef2a1a5c5841213229ac18a9ac056,0.1233702152967453,0.9070298671722412,high_dino_low_clip
00000710_1644a50e1c683c6fadbdbb50fa4d3736,00000833_bab4b56b5837839980394d5d85a0e075,0.13765428960323334,0.9060565233230591,high_dino_low_clip
00000559_9535bea5ea64c5c6305fc81bed22e9d9,00000962_ccf15f71d2591b50bcbe4521aae7fba2,0.8062026500701904,0.19446410238742828,high_clip_low_dino
00000653_dd97ab43ccddf6893744bba3206d6dab,00000696_891e7947d2338d8481e3b5d06f947e7c,0.06111268699169159,0.9240463376045227,high_dino_low_clip
00000377_6a5d5ee813e7e1036c0c11a3c8d81bee,00000931_fdfe09d0061ba3d09660e98a565093ac,0.1088341623544693,0.9019894599914551,high_dino_low_clip
00000248_e5af7ab39b4dd6919ffb157fd468d20e,00000401_ab0af7bfacb75fae1adcd8b2109e6a0f,0.11845805495977402,0.9030545949935913,high_dino_low_clip
00000055_fcde661a2da19083148d41223251f8d8,00000921_5a05a99ac95fab33fb736c1b93dc3ce9,0.12563391029834747,0.9046770334243774,high_dino_low_clip
00000286_34c13cf78fd79306c4842c9bedb18a47,00000921_5a05a99ac95fab33fb736c1b93dc3ce9,0.12563391029834747,0.9046770334243774,high_dino_low_clip
00000884_a55f9013c05b8bc2a871fdfbc462e027,00000921_5a05a99ac95fab33fb736c1b93dc3ce9,0.12563391029834747,0.9046770334243774,high_dino_low_clip
00000401_ab0af7bfacb75fae1adcd8b2109e6a0f,00000764_442e9c525d054c6aa5003daaccbd5dea,0.11845805495977402,0.9030545949935913,high_dino_low_clip
00000055_d5d03371a01146966fe3eee9a0914a42,00000366_56ed8e0307baefcba84a240fca622d82,0.1405567228794098,0.9142068028450012,high_dino_low_clip
00000202_dbfbe34e104d8b8aa9e4611dc309d430,00000958_5cd6ccd91da6a559ef06baa617dcdeb9,0.14524789154529572,0.9091724157333374,high_dino_low_clip
00000480_7cf0b02b16d3b11982a33379b2b4ec80,00000668_d593d05a981b2150cc2b9fc3f26a055a,0.12475420534610748,0.9010257720947266,high_dino_low_clip
00000282_eed826a37f799beb6de70a72c53fb915,00000480_7cf0b02b16d3b11982a33379b2b4ec80,0.14776577055454254,0.924216091632843,high_dino_low_clip
00000401_ab0af7bfacb75fae1adcd8b2109e6a0f,00000857_01e3807c14f0e50f6b6731066334a532,0.11845805495977402,0.9030545949935913,high_dino_low_clip
00000183_90e8d4b30eaf104f7cc4a33f2c46d75a,00000890_9a8e2d9bf60fa1a14b5b1df93a07712c,0.09876036643981934,0.901556670665741,high_dino_low_clip
00000183_90e8d4b30eaf104f7cc4a33f2c46d75a,00000803_f5aff9739a6b2c69d2f257fb687964b0,0.12712645530700684,0.9267851114273071,high_dino_low_clip
00000055_fcde661a2da19083148d41223251f8d8,00000413_788633fcd53b97b1cdf36d643094a3b1,0.1254674196243286,0.9008020758628845,high_dino_low_clip
00000286_34c13cf78fd79306c4842c9bedb18a47,00000413_788633fcd53b97b1cdf36d643094a3b1,0.1254674196243286,0.9008020758628845,high_dino_low_clip
00000413_788633fcd53b97b1cdf36d643094a3b1,00000884_a55f9013c05b8bc2a871fdfbc462e027,0.1254674196243286,0.9008020758628845,high_dino_low_clip
00000020_0d911c329a5cf2fb03b6ffc104fd4772,00000271_10a4f877aeb10b55213a8d39a5149ba2,0.12374299019575119,0.9075506925582886,high_dino_low_clip
00000401_ab0af7bfacb75fae1adcd8b2109e6a0f,00000513_411dcdd7d6e179c453a5648468c8702b,0.09092722088098526,0.9270592927932739,high_dino_low_clip
00000438_4b57196a2a04ec78967f7a59d19807df,00000803_cc7d0ef16bb94bf51e22faf2f3a0ec54,0.11479583382606506,0.9080746173858643,high_dino_low_clip
00000230_2878ea6077d5cc2b42ebb4c2f8fec8e2,00000401_ab0af7bfacb75fae1adcd8b2109e6a0f,0.14434953033924103,0.9102771282196045,high_dino_low_clip
00000412_b7e280776797bc3f8826bb28d5341416,00000962_ccf15f71d2591b50bcbe4521aae7fba2,0.8125866651535034,0.16589875519275665,high_clip_low_dino
00000142_1d5d517d9d77b2cfd20335ec57278bf6,00000809_acb16562113350c15e952349cc66aec9,0.11738119274377823,0.9023223519325256,high_dino_low_clip
00000001_6b071076a65368656c31fcaeb88ef1ee,00000696_891e7947d2338d8481e3b5d06f947e7c,0.12554481625556946,0.927421510219574,high_dino_low_clip
00000001_6b071076a65368656c31fcaeb88ef1ee,00000061_7f3c5b5b3c5ec5d5ae9fa535ecf9b326,0.13869836926460266,0.9107732176780701,high_dino_low_clip
00000350_114c6afc5187c8445ac10eacdd028c43,00000696_891e7947d2338d8481e3b5d06f947e7c,0.07939659804105759,0.9082924723625183,high_dino_low_clip
00000142_1d5d517d9d77b2cfd20335ec57278bf6,00000739_2a659ad3d40bb2098c26ecaf303f6452,0.11738119274377823,0.9023223519325256,high_dino_low_clip
00000064_fa9ee8aa0e015a5015ad6de87d6a1627,00000114_61e13377f83b8d1e2c1fcd1c8b37cf71,0.1170695424079895,0.9038035273551941,high_dino_low_clip
00000624_165bf5a60d44e8b1279de2276be9f92a,00001015_3e39c51a95f430add9d8090be88881f9,0.13682842254638672,0.9019266963005066,high_dino_low_clip
00000064_fa9ee8aa0e015a5015ad6de87d6a1627,00000864_d62377efeebbe9db4593b346c9afe1c6,0.050925955176353455,0.9048281311988831,high_dino_low_clip
00000142_1d5d517d9d77b2cfd20335ec57278bf6,00000361_d858a0363bc6d7ee727576c8610a236a,0.11738119274377823,0.9023223519325256,high_dino_low_clip
00000142_1d5d517d9d77b2cfd20335ec57278bf6,00000519_bc57e1a5defd9bd3935ff0be38049b70,0.11738119274377823,0.9023223519325256,high_dino_low_clip
00000611_a0158c2f3c463cc1397db709680d143e,00000970_78c21d70210716923741311b51dae4ef,0.12117089331150055,0.9238929748535156,high_dino_low_clip
00000611_a0158c2f3c463cc1397db709680d143e,00000750_282a1a44191ecd27c75455e453a7b5d0,0.12117089331150055,0.9238929748535156,high_dino_low_clip
00000054_a331c6c3089dbccb4ef7cfa26a0cdd70,00000921_5a05a99ac95fab33fb736c1b93dc3ce9,0.12563391029834747,0.9046770334243774,high_dino_low_clip
00000144_a8d11518d87384186815ab2ec0642446,00000965_9ad54f67cb3e4fb19a56c0c76e8eb8fb,0.1253759115934372,0.9007740616798401,high_dino_low_clip
00000026_b8c7db79a4313c1455b80eab86fdf2df,00000611_a0158c2f3c463cc1397db709680d143e,0.12117089331150055,0.9238929748535156,high_dino_low_clip
00000142_1d5d517d9d77b2cfd20335ec57278bf6,00000607_6855e56a8b9838f3f223d901783b1eda,0.11738119274377823,0.9023223519325256,high_dino_low_clip
00000142_1d5d517d9d77b2cfd20335ec57278bf6,00000297_2437a34fed7b96740879ad84919defb0,0.11738119274377823,0.9023223519325256,high_dino_low_clip
00000611_a0158c2f3c463cc1397db709680d143e,00000693_f176df0fe89688992eb0fd2fdd0048b5,0.12117089331150055,0.9238929748535156,high_dino_low_clip
00000142_1d5d517d9d77b2cfd20335ec57278bf6,00000507_a171729e39248c2963221b60e45a6cc1,0.11738119274377823,0.9023223519325256,high_dino_low_clip
00000108_85b4cce5748fa3de07c8e43b1ad9a7da,00000142_1d5d517d9d77b2cfd20335ec57278bf6,0.11738119274377823,0.9023223519325256,high_dino_low_clip
00000142_1d5d517d9d77b2cfd20335ec57278bf6,00000594_1bf7e17a6980c780404bede9797c814e,0.11738119274377823,0.9023223519325256,high_dino_low_clip
00000020_0d911c329a5cf2fb03b6ffc104fd4772,00000402_0fa4fd211f3848512b5c992fd213b815,0.12374299019575119,0.9075506925582886,high_dino_low_clip
00000020_0d911c329a5cf2fb03b6ffc104fd4772,00000840_708821c77bd0163b547fe0ee843a358e,0.12374299019575119,0.9075506925582886,high_dino_low_clip
00000611_a0158c2f3c463cc1397db709680d143e,00000626_832762baeb7d317bb614357b6d08d29f,0.12117089331150055,0.9238929748535156,high_dino_low_clip
00000054_a331c6c3089dbccb4ef7cfa26a0cdd70,00000413_788633fcd53b97b1cdf36d643094a3b1,0.1254674196243286,0.9008020758628845,high_dino_low_clip
00000074_bc54b60d2fc8b2c7e099d4d1c85891f3,00000142_1d5d517d9d77b2cfd20335ec57278bf6,0.11738119274377823,0.9023223519325256,high_dino_low_clip
00000142_1d5d517d9d77b2cfd20335ec57278bf6,00000640_1b78721a2f08dc04f3d0562c95ec8303,0.11738119274377823,0.9023223519325256,high_dino_low_clip
00000447_f5fe72d261ef32812572110c44890c72,00000611_a0158c2f3c463cc1397db709680d143e,0.12117089331150055,0.9238929748535156,high_dino_low_clip
00000374_fa93fb0b00a2613b757e3e9e30e5731f,00000426_2a631551aff3e3942912af3bad00b598,0.10266833007335663,0.9054690599441528,high_dino_low_clip
00000559_dfaf06fc354d98589e25fe2e3eb2e42c,00000611_a0158c2f3c463cc1397db709680d143e,0.12117089331150055,0.9238929748535156,high_dino_low_clip
00000044_031b5649826dd18608e3bc78edf4ca7f,00000114_61e13377f83b8d1e2c1fcd1c8b37cf71,0.08600573241710663,0.9174657464027405,high_dino_low_clip
00000611_a0158c2f3c463cc1397db709680d143e,00000785_9bcaeb1505f6995047469f1716bbc18a,0.12117089331150055,0.9238929748535156,high_dino_low_clip
00000352_cfda423e4ffc946b529187df8b4766e1,00000611_a0158c2f3c463cc1397db709680d143e,0.12117089331150055,0.9238929748535156,high_dino_low_clip
00000142_1d5d517d9d77b2cfd20335ec57278bf6,00000712_20b1c3b9001fc527aac1d8a0b6ddd062,0.11738119274377823,0.9023223519325256,high_dino_low_clip
00000868_3631a4666d1396094cac0ac446c22b36,00000962_ccf15f71d2591b50bcbe4521aae7fba2,0.8123974204063416,0.19208352267742157,high_clip_low_dino
00000645_6792d35c52d69a055a3ec252d3a67966,00000962_ccf15f71d2591b50bcbe4521aae7fba2,0.8166761994361877,0.19402170181274414,high_clip_low_dino
00000896_0480ad72dfcb08e4862beec9cf0cbc86,00000966_ad89bb80730b9e9b7d9e8b14191be164,0.14927725493907928,0.9096805453300476,high_dino_low_clip
00000850_e0145ab8031d5e963bf40995b3477ee1,00000989_59c0b91c61f111f0d3b44071bc351852,0.1354312300682068,0.9106563925743103,high_dino_low_clip
00000151_82b9451283a0339992df08b9060c11f5,00000416_1493e6d0277ba41588f32a418d783bd3,0.13306836783885956,0.9255445599555969,high_dino_low_clip
00000384_0639617f254693341ca7a8a48ca60b06,00000896_0480ad72dfcb08e4862beec9cf0cbc86,0.14927725493907928,0.9096805453300476,high_dino_low_clip
00000582_159803f51de07149255901e8e87ae543,00000850_e0145ab8031d5e963bf40995b3477ee1,0.1354312300682068,0.9106563925743103,high_dino_low_clip
00000464_7e87beb2c2636fa69bab98eb730f6082,00000576_eb31e709f0e58a36b79f981246f80d05,0.13416755199432373,0.9050715565681458,high_dino_low_clip
00000645_13f6bc9d2d9f4293c7996e36e436ea8e,00000786_786825f9d4fd5115b0596a012b56329f,0.14256523549556732,0.9198040962219238,high_dino_low_clip
00000342_1f8e656d910cc8de9d354c0deb1b4149,00000850_e0145ab8031d5e963bf40995b3477ee1,0.1354312300682068,0.9106563925743103,high_dino_low_clip
00000064_fa9ee8aa0e015a5015ad6de87d6a1627,00000373_f1883650451779b859f3f4056dc34aee,0.13317038118839264,0.906758725643158,high_dino_low_clip
00000294_be1c958b75e98c51d27c8c55703cb3a8,00000896_0480ad72dfcb08e4862beec9cf0cbc86,0.14927725493907928,0.9096805453300476,high_dino_low_clip
00000518_13ab016242bb111dbf0058c818f39d08,00000896_0480ad72dfcb08e4862beec9cf0cbc86,0.14927725493907928,0.9096805453300476,high_dino_low_clip
00000338_ea80d6aa10f54eb02ebd534dc5ea5907,00000986_585e35b1be7985bf210553e877a5f212,0.14553382992744446,0.914543092250824,high_dino_low_clip
00000896_0480ad72dfcb08e4862beec9cf0cbc86,00000925_cdbad085922d1a8726ec0c8a05d5bb39,0.14927725493907928,0.9096805453300476,high_dino_low_clip
00000096_a8d69c5a21587a35eff5fe21201353dd,00000850_e0145ab8031d5e963bf40995b3477ee1,0.1354312300682068,0.9106563925743103,high_dino_low_clip
00000737_04036e681565ddde38eb176eadfa4aec,00000850_e0145ab8031d5e963bf40995b3477ee1,0.1354312300682068,0.9106563925743103,high_dino_low_clip
00000611_f4d16420ddfc63223734198aaabfae33,00000715_369a5547c17f80b1369e987ed367f63d,0.06060117855668068,0.9093411564826965,high_dino_low_clip
00000492_6d51d5883f86e4d0ada93dc244d3bbcb,00000850_e0145ab8031d5e963bf40995b3477ee1,0.1354312300682068,0.9106563925743103,high_dino_low_clip
00000850_e0145ab8031d5e963bf40995b3477ee1,00000949_0bb2b520f3573ae76c435ed7e78c0a7d,0.1354312300682068,0.9106563925743103,high_dino_low_clip
00000149_7b66f3f6a55dddb5e43da33b887509ab,00000691_b1394d49fb75fea12785b211f0d5019f,0.12534385919570923,0.9126575589179993,high_dino_low_clip
00000189_484e554a079315f1c93a9fc358f10155,00000850_e0145ab8031d5e963bf40995b3477ee1,0.1354312300682068,0.9106563925743103,high_dino_low_clip
00000588_0b5cf8444679555d1b32989826b0703f,00000850_e0145ab8031d5e963bf40995b3477ee1,0.1354312300682068,0.9106563925743103,high_dino_low_clip
00000579_60580247331cec567c79cfc88ede478c,00000850_e0145ab8031d5e963bf40995b3477ee1,0.1354312300682068,0.9106563925743103,high_dino_low_clip
00000373_f1883650451779b859f3f4056dc34aee,00000969_3f87c50ec04e75315623ebb980ae5072,0.13242824375629425,0.9032349586486816,high_dino_low_clip
00000678_17ec137da7016007ea2756881a1a8fbc,00001008_fd367ee3dd6f043014d092ed0e77b82d,0.12308672070503235,0.9065818786621094,high_dino_low_clip
00000576_859fdc2f448aaa7c8375a7c9e7756c6f,00000660_ae4c92ee4e869afde113cf92ceb63f9a,0.1484304666519165,0.9077455401420593,high_dino_low_clip
00000248_e5af7ab39b4dd6919ffb157fd468d20e,00000660_ae4c92ee4e869afde113cf92ceb63f9a,0.14121264219284058,0.9232535362243652,high_dino_low_clip
00000377_6a5d5ee813e7e1036c0c11a3c8d81bee,00000468_21b65752e41713e3daee0a49b9808ceb,0.11090543121099472,0.9191840291023254,high_dino_low_clip
00000048_a16c1a86aa094a8b9b3f597a6355f83c,00000803_9763b70f90cfc227a33cd2f5b875dd93,0.12848705053329468,0.907059371471405,high_dino_low_clip
00000543_0a759f68abaef59110ec7cbde7303ca0,00000629_e36120f749c25149c2fd52bcc7adca34,0.05133938789367676,0.9005193710327148,high_dino_low_clip
00000660_ae4c92ee4e869afde113cf92ceb63f9a,00000764_442e9c525d054c6aa5003daaccbd5dea,0.14121264219284058,0.9232535362243652,high_dino_low_clip
00000297_37d11f51865d272be1ade50b781f99a9,00000660_ae4c92ee4e869afde113cf92ceb63f9a,0.1357038915157318,0.9225873351097107,high_dino_low_clip
00000543_0a759f68abaef59110ec7cbde7303ca0,00000943_95a5aa9a3e6d01aab67956300d3ced06,0.05133938789367676,0.9005193710327148,high_dino_low_clip
00000605_edd93a3091c44f05cd0c4934b97c5071,00000921_5a05a99ac95fab33fb736c1b93dc3ce9,0.12563391029834747,0.9046770334243774,high_dino_low_clip
00000660_ae4c92ee4e869afde113cf92ceb63f9a,00000857_01e3807c14f0e50f6b6731066334a532,0.14121264219284058,0.9232535362243652,high_dino_low_clip
00000400_a2efbb7f86ce71b5204eab3215ef0686,00000890_9a8e2d9bf60fa1a14b5b1df93a07712c,0.1402275264263153,0.9052050113677979,high_dino_low_clip
00000230_98f2111c606aaccc0efc9fe8121153b2,00000386_e7499777b276e00dc8be10ab93716811,0.14195138216018677,0.9066405892372131,high_dino_low_clip
00000660_ae4c92ee4e869afde113cf92ceb63f9a,00000732_6c21ad9fe396f9f9fa36cd1cfed24b66,0.1447104513645172,0.9403780698776245,high_dino_low_clip
00000413_788633fcd53b97b1cdf36d643094a3b1,00000605_edd93a3091c44f05cd0c4934b97c5071,0.1254674196243286,0.9008020758628845,high_dino_low_clip
00000735_457c5369010f73bc966359183efc0575,00000976_935916d5013cdb8a554c343f42b46aae,0.1257046014070511,0.9202085733413696,high_dino_low_clip
00000350_3b916f01f4525e7f9c6bfc88302a686b,00000360_80d0ac4c90e08603221933325c05cb96,0.1008196771144867,0.9085816740989685,high_dino_low_clip
00000207_ead6ec560b17ccb135c916f7081a93ed,00000439_1eef5f4d77243a0a8b9ec1e43f4a1985,0.13087451457977295,0.9071674942970276,high_dino_low_clip
00000459_ac6c97dafc4323cac998605f4b90a605,00000637_bb11c9ee5caf4afe7e3cceb5fbe51596,0.08301001042127609,0.9001056551933289,high_dino_low_clip
00000815_b4187508070c240b08f5eb7f4e28d6a7,00000964_5d1793e732a2933c264e9487bcd92a98,0.06589570641517639,0.9064168930053711,high_dino_low_clip
00000384_1e2fffeb21ad23a78751160d18fc3896,00000964_5d1793e732a2933c264e9487bcd92a98,0.07906710356473923,0.905936062335968,high_dino_low_clip
00000409_1acaea0c3c813664600123a00d6aa2a4,00000868_a5143a0a99e9ec83da469a01255b1c0e,0.12972569465637207,0.9130709171295166,high_dino_low_clip
00000172_c7cbbaf0f5b7d9dc3e3fb6b77744f565,00000843_c9ef80ef64a4279d0e1a795685779282,0.10626378655433655,0.9000614881515503,high_dino_low_clip
00000160_307f251b7198df85bd348277e8bef5c5,00000434_c01ea7cd384c427e2308a9025ddc041d,0.1325109750032425,0.9019660353660583,high_dino_low_clip
00000580_2096da90e21e708ac1ba129a2870a091,00000587_f7d62172319f0d697ed214c737a8a42c,0.10891985893249512,0.91025310754776,high_dino_low_clip
00000071_8d32b290a64c5f3f3139c71a68cebd37,00000587_f7d62172319f0d697ed214c737a8a42c,0.11681963503360748,0.9144847989082336,high_dino_low_clip
00000580_2096da90e21e708ac1ba129a2870a091,00000662_dd3634f7f75785fc9d0532e842a630f1,0.13752739131450653,0.9263024926185608,high_dino_low_clip
00000307_0880fc7487803500c2e86260c33900ba,00000445_e6c526dd578a7ef6b622d48fdbb139ed,0.1408357471227646,0.9144343733787537,high_dino_low_clip
00000097_91eec2ff9a978a82e96e77e584f6dd8e,00000872_b9e124ddb0c5fb816ee4ea8189d1da4d,0.13628600537776947,0.9107769131660461,high_dino_low_clip
00000147_1d74b822941da55b8d3a25b00f8b0ca8,00000843_c9ef80ef64a4279d0e1a795685779282,0.06564638018608093,0.9093664288520813,high_dino_low_clip
00000040_1d09026a16a2233176647f06a39fb6bf,00000558_566eee450bde565dde1cb52ae90f9d91,0.12850072979927063,0.9001761674880981,high_dino_low_clip
00000201_bcef5afa3a26d59fee06fb6000af934d,00000426_fb4eb9a9f824dd6732be6af948568470,0.14260075986385345,0.902743935585022,high_dino_low_clip
00000129_63a7ea48a85ed31c9524d5cd2d0512ab,00000972_b5228d839a7cb5f190f2160838ff2077,0.12401539832353592,0.9008355736732483,high_dino_low_clip
00000015_3cce7b5b44257f68ddade0cb0cec6489,00000059_12c6375d2be01c3d9e5d8f38d551409e,0.12490233778953552,0.9072812795639038,high_dino_low_clip
00000682_20af92fe3255300efe58edc84c3b0dd5,00000972_b5228d839a7cb5f190f2160838ff2077,0.12401539832353592,0.9008355736732483,high_dino_low_clip
00000211_59b71c7ddc3340e3bda9c6358213d31d,00000972_54acad94f31d64ac79baa43c5dc4f906,0.14181071519851685,0.9072672724723816,high_dino_low_clip
00000568_830695c72358ce918ade84c2d9af2dc7,00000636_92ad55bbc5433e1c538cb348e556d977,0.13263574242591858,0.9277771711349487,high_dino_low_clip
00000538_ca4def6a4440d1f676df5db1bdbf5f17,00000802_012a92d1c17119eee46a9eb073ae0511,0.12781579792499542,0.9022007584571838,high_dino_low_clip
00000093_7da22b5828371600b5522001d8985669,00000802_012a92d1c17119eee46a9eb073ae0511,0.12781579792499542,0.9022007584571838,high_dino_low_clip
00000326_013e934d831a24ffaf9934c5f418dc5f,00000952_0f1386bd7ecbfa281c2791e7f46b3cae,0.13888192176818848,0.9035175442695618,high_dino_low_clip
00000437_9b743596a079d4658259861a868b1e44,00000803_98986dca11de7309a93896339c05b913,0.14164851605892181,0.9088091850280762,high_dino_low_clip
00000028_0926fccd790a7e617b9a19d6cd5bfb6a,00000963_3959583e6fdf548cb7d1f357bfd317a0,0.009030640125274658,0.9072089791297913,high_dino_low_clip
00000673_0a53515e51ea6127cf902f669d20105a,00000803_024a479c75f076a5a8facfc6d707566a,0.14735311269760132,0.9044936299324036,high_dino_low_clip
00000673_0a53515e51ea6127cf902f669d20105a,00000801_33656cb7d13dd137b4572d448244af70,0.12298359721899033,0.9067208766937256,high_dino_low_clip
00000094_b4203a74de45fc1a1cc179a6c386f418,00000673_0a53515e51ea6127cf902f669d20105a,0.14243502914905548,0.9057554602622986,high_dino_low_clip
00000455_5e212ca8e23f18766d3299b56ee0adc9,00000673_0a53515e51ea6127cf902f669d20105a,0.14243502914905548,0.9057554602622986,high_dino_low_clip
00000014_4f97c9d5bad39d7e3e67f1f67e624073,00000434_c01ea7cd384c427e2308a9025ddc041d,0.13997246325016022,0.902824342250824,high_dino_low_clip
00000673_0a53515e51ea6127cf902f669d20105a,00000758_cdab95e6bc2d1208335c152387b2a2f6,0.12298359721899033,0.9067208766937256,high_dino_low_clip
00000521_77e4b258c548ced415aadbe33ee2d69d,00000673_0a53515e51ea6127cf902f669d20105a,0.14243502914905548,0.9057554602622986,high_dino_low_clip
00000407_925984c720d443da14f9ba3a8a666533,00000580_2096da90e21e708ac1ba129a2870a091,0.1448100358247757,0.912687361240387,high_dino_low_clip
00000205_b8df5fc935d9a7d5b91db503976d9d86,00000673_0a53515e51ea6127cf902f669d20105a,0.14735311269760132,0.9044936299324036,high_dino_low_clip
00000567_d39b4865149776568e16fb0dc388130d,00000673_0a53515e51ea6127cf902f669d20105a,0.12298359721899033,0.9067208766937256,high_dino_low_clip
00000126_4e8e1074052251340835efa3d384d802,00000673_0a53515e51ea6127cf902f669d20105a,0.14735311269760132,0.9044936299324036,high_dino_low_clip
00000326_013e934d831a24ffaf9934c5f418dc5f,00000872_b9e124ddb0c5fb816ee4ea8189d1da4d,0.026392541825771332,0.9143335819244385,high_dino_low_clip
00000009_f784692e04f3e9079b77b818e156d636,00000963_3959583e6fdf548cb7d1f357bfd317a0,0.03917168080806732,0.9125875234603882,high_dino_low_clip
00000217_867b62525248cf088164d585486de222,00000673_0a53515e51ea6127cf902f669d20105a,0.12298359721899033,0.9067208766937256,high_dino_low_clip
00000673_0a53515e51ea6127cf902f669d20105a,00000947_061a34f6db88d513ad841eab92581fef,0.12298359721899033,0.9067208766937256,high_dino_low_clip
00000409_064e65811430e503b525948cb9cae80d,00000532_4be129b0ee972f71be3bdc47aa127949,0.814274251461029,0.18509626388549805,high_clip_low_dino
00000059_12c6375d2be01c3d9e5d8f38d551409e,00000437_9b743596a079d4658259861a868b1e44,0.12306337058544159,0.900208055973053,high_dino_low_clip
00000372_a45646314549e26c125e69f03ee891aa,00000673_0a53515e51ea6127cf902f669d20105a,0.12298359721899033,0.9067208766937256,high_dino_low_clip
00000673_0a53515e51ea6127cf902f669d20105a,00000742_f23de2a6b9df1c5227c79e643bc73695,0.14735311269760132,0.9044936299324036,high_dino_low_clip
00000167_1f884ff53dbb060a92edcde0e3af2944,00000673_0a53515e51ea6127cf902f669d20105a,0.14735311269760132,0.9044936299324036,high_dino_low_clip
00000673_0a53515e51ea6127cf902f669d20105a,00000923_e70b80089fb840daf11d90106b4f345c,0.12298359721899033,0.9067208766937256,high_dino_low_clip
00000409_064e65811430e503b525948cb9cae80d,00000671_30a2b73ce516d709bd7f614570be69f3,0.8219486474990845,0.09063047170639038,high_clip_low_dino
00000673_0a53515e51ea6127cf902f669d20105a,00001022_439c01d84f20807087f4fd19bba1673d,0.12298359721899033,0.9067208766937256,high_dino_low_clip
00000409_064e65811430e503b525948cb9cae80d,00000506_f737cd0edaf863cbd07db886df5b0cae,0.8028113842010498,0.11687089502811432,high_clip_low_dino
00000439_17eaf9358c3e3b3828b7a97289d47998,00000452_a2dfa000cd714372e5d171b5c64c26b0,0.11145172268152237,0.9125528335571289,high_dino_low_clip
00000673_0a53515e51ea6127cf902f669d20105a,00000828_d9ece7a873b500bdd7b495025ab50d0e,0.12298359721899033,0.9067208766937256,high_dino_low_clip
00000248_5e55785e9aae055dcba71f1807303bbb,00000881_03b25e4659683eb55b9418865fa3c9ab,0.08987503498792648,0.9088819026947021,high_dino_low_clip
00000759_9e5e13d06ee2a507de4cba60f267e40f,00001015_dde0ba8963c173f94823a125a93b5175,0.1459791511297226,0.9014679193496704,high_dino_low_clip
00000326_013e934d831a24ffaf9934c5f418dc5f,00000816_82e2c87d975e378af6804b3afbce1bcb,0.12480489909648895,0.9144749641418457,high_dino_low_clip
00000314_d4a9111893416bb57690f453e325dc7e,00000976_b446cb0d7edcce6df550bebe98dc9ecc,0.11803199350833893,0.9000999927520752,high_dino_low_clip
00000115_43df6af8a7aca3aec730154b7c3b486b,00000326_013e934d831a24ffaf9934c5f418dc5f,0.14567254483699799,0.9047548770904541,high_dino_low_clip
00000439_17eaf9358c3e3b3828b7a97289d47998,00001001_0f688318e3623d8ab6d039c837ef8771,0.10769383609294891,0.9197067022323608,high_dino_low_clip
00000184_c37e74322e48b496e64fac800c82ab3c,00000963_3959583e6fdf548cb7d1f357bfd317a0,0.14274536073207855,0.9141647219657898,high_dino_low_clip
00000673_0a53515e51ea6127cf902f669d20105a,00000902_1f08a54162cebc5ba134f0737b942da7,0.14243502914905548,0.9057554602622986,high_dino_low_clip
00000527_f4b438d1bbddf8d15f5298cd73aa8dbf,00000881_03b25e4659683eb55b9418865fa3c9ab,0.05658656731247902,0.9190736413002014,high_dino_low_clip
00000185_b17bf61d85e539e7b8b5ffd7a80edf91,00000551_e023fafabcc29198a42c120360d9da07,0.13005571067333221,0.9212348461151123,high_dino_low_clip
00000121_859d2bb749ede326c7ab1780dd2675f2,00000551_e023fafabcc29198a42c120360d9da07,0.09873773902654648,0.9084080457687378,high_dino_low_clip
00000191_6b7e28360cb850ae449aaef7774e9858,00000928_0e70e5898a8a4bf529c64174111955ca,0.1471465826034546,0.901767373085022,high_dino_low_clip
00000370_f9e7dc5619cf30d086f5dc153394f3ee,00000803_98986dca11de7309a93896339c05b913,0.13502690196037292,0.9081017374992371,high_dino_low_clip
00000279_b37923d80cdc6efb071d8e0ec17d6aea,00000419_8690a3e988ed6561584748d5d7cd2043,0.14123624563217163,0.9008188247680664,high_dino_low_clip
00000551_e023fafabcc29198a42c120360d9da07,00000633_767f285d03ac7eb660ea61cc86f5757a,0.09873773902654648,0.9084080457687378,high_dino_low_clip
00000047_74eeaadc141d7a53b48043ff8ff6da5b,00000551_e023fafabcc29198a42c120360d9da07,0.1342814713716507,0.9110511541366577,high_dino_low_clip
00000400_a52a24451beb2ad8a0d7bb1541e0ec23,00000602_0725e4dbca299b9c3d7bffa47f62f294,0.0644274577498436,0.9059845209121704,high_dino_low_clip
00000059_12c6375d2be01c3d9e5d8f38d551409e,00000068_9533fae077f7e13e301e306573b1761a,0.10510160773992538,0.9163066148757935,high_dino_low_clip
00000179_12265cc63e196633dea758dc4e2e57db,00000972_b5228d839a7cb5f190f2160838ff2077,0.12401539832353592,0.9008355736732483,high_dino_low_clip
00000551_e023fafabcc29198a42c120360d9da07,00000593_d884250f037e8575b8c88397e643acc9,0.09873773902654648,0.9084080457687378,high_dino_low_clip
00000345_ac4c19465976f0122ed15a2c3e700d05,00000972_b5228d839a7cb5f190f2160838ff2077,0.12401539832353592,0.9008355736732483,high_dino_low_clip
00000106_70e99f38abb86a07510ebcbe0d4f62eb,00000551_e023fafabcc29198a42c120360d9da07,0.09873773902654648,0.9084080457687378,high_dino_low_clip
00000260_0f321926da8b597b5f2f7c4078875e64,00000729_42d9e47bac5bf8a288e276de6a9c85d5,0.14089246094226837,0.9035505056381226,high_dino_low_clip
00000470_ce8a82c38fc33dc0bed5b62f4df4dda1,00000773_79f0c5f914640a19f921fe14ad58b9e5,0.1491726189851761,0.9017067551612854,high_dino_low_clip
00000172_c7cbbaf0f5b7d9dc3e3fb6b77744f565,00000246_390995018bf6f89f2913aae0c158309d,0.1371767818927765,0.9123586416244507,high_dino_low_clip
00000575_044f5a703ac0d2ab56ced8724df022d7,00000662_85d9f204dec7da4ab7f63e47ad9fc3a7,0.14460894465446472,0.9038853049278259,high_dino_low_clip
00000724_039d21f9c355aad7de7ab5688d6b3a09,00000785_dfcfa7e9e19c5ec6753f2408b781c199,0.12031935900449753,0.9034271836280823,high_dino_low_clip
00000765_4c8c5e26ef8d1b52833af4c3d72ea3df,00000998_87d3c512067ef157f76bfa60b97935f6,0.13970594108104706,0.9178506731987,high_dino_low_clip
00000866_2ab5d39afc3a8b82932bf1835917eb93,00001010_f876f578b2ceb0960f4cb66ee7f82f31,0.10462594032287598,0.9028151035308838,high_dino_low_clip
00000724_039d21f9c355aad7de7ab5688d6b3a09,00000843_2f2ea941a568bbeaae3d9db69876e687,0.02932756207883358,0.902233898639679,high_dino_low_clip
00000149_d7502462324a42e93f3960bdeefdf079,00000923_94bc88b744cf2003eddd1e2fa51cb008,0.06272061169147491,0.9075110554695129,high_dino_low_clip
00000664_b3c4163153cbb3ba665f639a171d9ab7,00000986_7f52f2a44c0cdba86175306c72421616,0.084229476749897,0.9019474983215332,high_dino_low_clip
00000172_85d74ff91efd7dcad2b1b5da3cbce765,00000973_9c5b2df1961ff91c6981173640805f2e,0.13992473483085632,0.903143584728241,high_dino_low_clip
00000664_b3c4163153cbb3ba665f639a171d9ab7,00000935_4911cf52b99ab15c39396c57768ca5ae,0.084229476749897,0.9019474983215332,high_dino_low_clip
00000149_d7502462324a42e93f3960bdeefdf079,00000662_85d9f204dec7da4ab7f63e47ad9fc3a7,0.11676818877458572,0.9060443043708801,high_dino_low_clip
00000307_0880fc7487803500c2e86260c33900ba,00000407_ac7f0e4e4c710043a963acd7daeb3bb3,0.10833077877759933,0.9057906270027161,high_dino_low_clip
00000275_644c4394c90cc6842d808f0ce95c1789,00000300_48b723c10cd0625ee4c442f2592ec159,0.14270919561386108,0.9088391661643982,high_dino_low_clip
00000275_644c4394c90cc6842d808f0ce95c1789,00000872_b9e124ddb0c5fb816ee4ea8189d1da4d,0.10436786711215973,0.9069131016731262,high_dino_low_clip
00000559_7e7c57c6c38ace7bb8b54582514d5045,00000943_b33f114c94bd7540bca651c4d86c5991,0.13983598351478577,0.9012165665626526,high_dino_low_clip
00000006_e68b35e95e04b7501f2f7b71fb4bde1a,00000769_a07075d05b7e667476dbfe4530e8f415,0.06215297058224678,0.9062488675117493,high_dino_low_clip
00000147_1d74b822941da55b8d3a25b00f8b0ca8,00000246_390995018bf6f89f2913aae0c158309d,0.11761246621608734,0.909049391746521,high_dino_low_clip
00000781_a77caae05e5fd6610ac8bf23d84ec31f,00000872_b9e124ddb0c5fb816ee4ea8189d1da4d,0.05879085138440132,0.9071804881095886,high_dino_low_clip
00000122_e043b309c2cc3ef1ac2ce0a49e2b34f6,00000453_7bb713d8a1e4a4bdab2c98f6e0b6f851,0.802821695804596,0.150823175907135,high_clip_low_dino
00000145_ebe62e5281b3fd85e08e17b9a148cf06,00000810_034886f11c40454eeaaf8e580c301d95,0.11598215252161026,0.9019612073898315,high_dino_low_clip
00000555_33deb36c13614e9ddfe0e985eeda501f,00000810_034886f11c40454eeaaf8e580c301d95,0.11598215252161026,0.9019612073898315,high_dino_low_clip
00000681_12f61055eb050e148ecfe0f38dd5e8cc,00000810_034886f11c40454eeaaf8e580c301d95,0.11598215252161026,0.9019612073898315,high_dino_low_clip
00000481_f1718ca85379ec2969fec5959c574b2a,00000856_3e185328ed13593c506b076811a1e14d,0.14490322768688202,0.9159202575683594,high_dino_low_clip
00000379_f36dabbff0806eba556dbc8bdfb53773,00000909_7cde2f442fd7152434ae7806e3a86aac,0.09109846502542496,0.9025248885154724,high_dino_low_clip
00000810_034886f11c40454eeaaf8e580c301d95,00000837_d9bf9a01035c16d1e5bf1f2599727aa2,0.11598215252161026,0.9019612073898315,high_dino_low_clip
00000810_034886f11c40454eeaaf8e580c301d95,00000845_1016d7887be8d11e6cb4d46a4ec0ca58,0.11598215252161026,0.9019612073898315,high_dino_low_clip
00000407_ac7f0e4e4c710043a963acd7daeb3bb3,00000786_81d208589f74a9cfad4f592f1137fc50,0.09834706783294678,0.9121397733688354,high_dino_low_clip
00000326_927a7353a3a2b9d7bec8792b98589191,00000773_79f0c5f914640a19f921fe14ad58b9e5,0.12336745113134384,0.9004095792770386,high_dino_low_clip
00000498_521af58acfc56278e13684b5dba836ac,00000810_034886f11c40454eeaaf8e580c301d95,0.11598215252161026,0.9019612073898315,high_dino_low_clip
00000662_85d9f204dec7da4ab7f63e47ad9fc3a7,00000786_81d208589f74a9cfad4f592f1137fc50,0.12073829770088196,0.9127698540687561,high_dino_low_clip
00000591_1bff185ac858e41ce3f5451fb3c18967,00000810_034886f11c40454eeaaf8e580c301d95,0.11598215252161026,0.9019612073898315,high_dino_low_clip
00000251_bb6dabfe45bc01c7c487ed6482367f1d,00000810_034886f11c40454eeaaf8e580c301d95,0.11598215252161026,0.9019612073898315,high_dino_low_clip
00000082_6ed9d7bf39ab86f72916839d02cca16b,00000810_034886f11c40454eeaaf8e580c301d95,0.13570918142795563,0.9007902145385742,high_dino_low_clip
00000031_88e3a383b0e23dd1f2156498c90404c0,00000810_034886f11c40454eeaaf8e580c301d95,0.11598215252161026,0.9019612073898315,high_dino_low_clip
00000169_7f6126c6473dd44fe05bc1b64132d07a,00000810_034886f11c40454eeaaf8e580c301d95,0.11598215252161026,0.9019612073898315,high_dino_low_clip
00000759_9e5e13d06ee2a507de4cba60f267e40f,00000967_5e3888f554f5a1b2120f443de48270c0,0.1459791511297226,0.9014679193496704,high_dino_low_clip
00000209_818eaa7e4fa8cc7491ae3a760cb1cb63,00000314_d4a9111893416bb57690f453e325dc7e,0.11173497885465622,0.905476450920105,high_dino_low_clip
00000100_a470ba117a2ffee88611452b9e619fd8,00000810_034886f11c40454eeaaf8e580c301d95,0.13570918142795563,0.9007902145385742,high_dino_low_clip
00000402_f0425b1176640a12bc874df8067f07eb,00000486_0aaabb53a34d9a909db524321ff45500,0.14880500733852386,0.9019250273704529,high_dino_low_clip
00000066_606f2efb77522e3f32d126d7f7d35b96,00000314_d4a9111893416bb57690f453e325dc7e,0.1473359316587448,0.9066321849822998,high_dino_low_clip
00000121_859d2bb749ede326c7ab1780dd2675f2,00000515_f7828be223729ba0075a8e75e5844e4c,0.0892857015132904,0.9040247201919556,high_dino_low_clip
00000799_d6c0d1cbea5304c7114f19448233d771,00000802_012a92d1c17119eee46a9eb073ae0511,0.12781579792499542,0.9022007584571838,high_dino_low_clip
00000236_da62b4f65d7df657c5bd357924a306b6,00000272_d885b1b799aaf1af1fafd3c86c75108e,0.831425666809082,0.1733982264995575,high_clip_low_dino
00000117_1bd98d1a8c18449b6a4cdb5737cdda37,00001010_f876f578b2ceb0960f4cb66ee7f82f31,0.12084221839904785,0.9005448222160339,high_dino_low_clip
00000504_35fdc4da1c02636c6662b614fa5ce639,00000808_02af70522508ec33af0ee9fb3a5c068f,0.12110231071710587,0.9067022204399109,high_dino_low_clip
00000210_c9528dafcfa9aa4b6c0dc6e0d5b8baa3,00000562_90fa80a203c04c821db107f8bbe48bcd,0.8024342060089111,0.17120936512947083,high_clip_low_dino
00000172_85d74ff91efd7dcad2b1b5da3cbce765,00000957_7c2e38f6b41683c491521f7359b25d9f,0.13992473483085632,0.903143584728241,high_dino_low_clip
00000361_4848aa23fcbc4fb45fef9f753d2622b2,00000966_b7d564cfca0533ae3593bc1c0984f996,0.1451219767332077,0.9022141695022583,high_dino_low_clip
00000570_c49c283c1816f2d17ace54d46ce10d5e,00000940_ded7b1dcfb3fe85a4beb6d44d1804536,0.13487808406352997,0.9032884240150452,high_dino_low_clip
00000515_f7828be223729ba0075a8e75e5844e4c,00000633_767f285d03ac7eb660ea61cc86f5757a,0.0892857015132904,0.9040247201919556,high_dino_low_clip
00000009_f784692e04f3e9079b77b818e156d636,00000547_29607cdd33cdde1ecc66f99d5dcd035e,0.14331506192684174,0.914913535118103,high_dino_low_clip
00000280_d7ef2876657aa39a81f96a692b2216a2,00000570_c49c283c1816f2d17ace54d46ce10d5e,0.11264720559120178,0.9055370092391968,high_dino_low_clip
00000561_1ab6e3adc39073a7db9d32e3f2648682,00000909_7cde2f442fd7152434ae7806e3a86aac,0.14328904449939728,0.9115996956825256,high_dino_low_clip
00000515_f7828be223729ba0075a8e75e5844e4c,00000593_d884250f037e8575b8c88397e643acc9,0.0892857015132904,0.9040247201919556,high_dino_low_clip
00000504_35fdc4da1c02636c6662b614fa5ce639,00000577_26bdd721d534f32cd6bf8bfc009e61da,0.12110231071710587,0.9067022204399109,high_dino_low_clip
00000106_70e99f38abb86a07510ebcbe0d4f62eb,00000515_f7828be223729ba0075a8e75e5844e4c,0.0892857015132904,0.9040247201919556,high_dino_low_clip
00000785_31f95095b73bfc7d84717d4d10e343a1,00000880_9bd82b61c81370482f1c7e30e5dda0df,0.13401345908641815,0.9011633992195129,high_dino_low_clip
00000719_4815b192508aa84d2cf1e9cd13c2a0c0,00000997_42424b609eeb8f419a293e17e3dd9dcc,0.14905786514282227,0.9000784754753113,high_dino_low_clip
00000120_1119eec2a1cf0dcaf4174bc4b27addf8,00000902_94b69aee01c4ee216481e74e66bf6886,0.0941142663359642,0.902277410030365,high_dino_low_clip
00000373_ea37e931878e7ff85e2bd0de3986936c,00000902_94b69aee01c4ee216481e74e66bf6886,0.0941142663359642,0.902277410030365,high_dino_low_clip
00000527_f4b438d1bbddf8d15f5298cd73aa8dbf,00000677_6f0f8a28236d2da321492b1aff1d363e,0.11683090031147003,0.9120587110519409,high_dino_low_clip
00000314_d4a9111893416bb57690f453e325dc7e,00000716_e8b64f9b071521fe1e12658b24db0938,0.12871640920639038,0.9278882741928101,high_dino_low_clip
00000750_5aab90a432e7022731ca94be8fc3b99e,00000802_012a92d1c17119eee46a9eb073ae0511,0.12781579792499542,0.9022007584571838,high_dino_low_clip
00000802_beb9a05823538905cd86c6d9231a4bf0,00000998_87d3c512067ef157f76bfa60b97935f6,0.13970594108104706,0.9178506731987,high_dino_low_clip
00000434_c01ea7cd384c427e2308a9025ddc041d,00000902_cc8657d99cbff58fd52dabf941aa2f42,0.1446113884449005,0.9019177556037903,high_dino_low_clip
00000902_cc8657d99cbff58fd52dabf941aa2f42,00001010_f876f578b2ceb0960f4cb66ee7f82f31,0.08538289368152618,0.9064055681228638,high_dino_low_clip
00000365_475981f492edba3e6c3610a9533cb7b0,00000530_e809a3e4f1c54c02283395c088a8592c,0.13127237558364868,0.9054511785507202,high_dino_low_clip
00000071_8d32b290a64c5f3f3139c71a68cebd37,00000426_bb737a12dd513822df0dbe76e8a96c85,0.1498216688632965,0.9034090042114258,high_dino_low_clip
00000196_b743e44ddcef82d8f661056ea69fc822,00000267_00ad2d2b17163625320b32e31962bdcd,0.12001698464155197,0.9036738872528076,high_dino_low_clip
00000332_000b3acf834524914640e8e1e2fb3040,00000356_2374e63884d115f9692e2bc987532cf2,0.09577712416648865,0.9130523204803467,high_dino_low_clip
00000677_8c0e8714ac56bfd0fcbe00537ae4f39f,00000902_cc8657d99cbff58fd52dabf941aa2f42,0.11732801795005798,0.9045144319534302,high_dino_low_clip
00000060_8e6052a262e37ec6454ba41fb3decf25,00000099_d7a72769560aa5cf000bd08dc1cde384,0.148283913731575,0.9118503332138062,high_dino_low_clip
00000099_d7a72769560aa5cf000bd08dc1cde384,00000314_d4a9111893416bb57690f453e325dc7e,0.11845610290765762,0.9003128409385681,high_dino_low_clip
00000893_d927026d93e7253ffdbf21e29034feba,00000952_0f1386bd7ecbfa281c2791e7f46b3cae,0.10433775186538696,0.9029064774513245,high_dino_low_clip
00000775_0c22c5b46a53198523d84284a7123ab8,00000893_d927026d93e7253ffdbf21e29034feba,0.11845813691616058,0.9021384716033936,high_dino_low_clip
00000051_65aecbffce0bceafc31a8073f8244f0e,00000112_17cb10cc91ec5e016780d2867c5277a8,0.14562447369098663,0.9105135798454285,high_dino_low_clip
00000995_8abbe1a55dccbf15738337a0844633ca,00000998_87d3c512067ef157f76bfa60b97935f6,0.13970594108104706,0.9178506731987,high_dino_low_clip
00000666_263b449b3889da8bbb6f849e2c3bb876,00001010_f876f578b2ceb0960f4cb66ee7f82f31,0.14970627427101135,0.900612473487854,high_dino_low_clip
00000434_c01ea7cd384c427e2308a9025ddc041d,00000649_fc0112ce62c6f7f7effba3366d1978c6,0.0804859921336174,0.9006131887435913,high_dino_low_clip
00000071_8d32b290a64c5f3f3139c71a68cebd37,00000114_6bfb3f0f7c33566c9e96db1d063eeb93,0.09711211919784546,0.9036337733268738,high_dino_low_clip
00000148_9559e452a812ab493b86c016e1de9917,00000172_85d74ff91efd7dcad2b1b5da3cbce765,0.13992473483085632,0.903143584728241,high_dino_low_clip
00000172_85d74ff91efd7dcad2b1b5da3cbce765,00000998_5f3f6443cff77db54a1fb1cb70c5e735,0.13992473483085632,0.903143584728241,high_dino_low_clip
00000149_d7502462324a42e93f3960bdeefdf079,00000599_853e60c5e8c96b72ce9c55fda3280845,0.051830440759658813,0.9055867791175842,high_dino_low_clip
00000064_e2a805510d1977dfedd4923922d4364f,00000666_263b449b3889da8bbb6f849e2c3bb876,0.14690881967544556,0.9029726982116699,high_dino_low_clip
00000172_85d74ff91efd7dcad2b1b5da3cbce765,00000789_bfab5889e55f394c5eb84bdbfece10ab,0.13992473483085632,0.903143584728241,high_dino_low_clip
00000149_d7502462324a42e93f3960bdeefdf079,00000826_980fa6eba2dc67c9c3d20703d210386f,0.07243397831916809,0.9057373404502869,high_dino_low_clip
00000893_d927026d93e7253ffdbf21e29034feba,00000951_f407fc8391330fafe6cdffd9bf19e2fd,0.09744921326637268,0.9047278165817261,high_dino_low_clip
00000872_b9e124ddb0c5fb816ee4ea8189d1da4d,00000893_d927026d93e7253ffdbf21e29034feba,0.14313216507434845,0.9257441759109497,high_dino_low_clip
00000324_4765cc29db7d3c3ec4088c3219be2020,00000917_98fba4bacb402d41d6c5a55b42429aa9,0.1357281655073166,0.9056416749954224,high_dino_low_clip
00000406_af896924a0ddbb82c0b61210789f8240,00000599_853e60c5e8c96b72ce9c55fda3280845,0.13353441655635834,0.905414879322052,high_dino_low_clip
00000101_4ec1904e173e346ae3bfcbbeb5ea844e,00000201_bcef5afa3a26d59fee06fb6000af934d,0.11293483525514603,0.9052544832229614,high_dino_low_clip
00000202_dcf36290afd2042db08b1e5ef1900c4d,00000335_694e306566059d02d005974521f1b860,0.13370054960250854,0.9083583950996399,high_dino_low_clip
00000059_12c6375d2be01c3d9e5d8f38d551409e,00000841_2577af4c159defb07533349c301c2fdc,0.14002154767513275,0.903328537940979,high_dino_low_clip
00000051_65aecbffce0bceafc31a8073f8244f0e,00000286_c09576fd001a05a2303cbbfab886cb14,0.13124632835388184,0.9117618203163147,high_dino_low_clip
00000059_12c6375d2be01c3d9e5d8f38d551409e,00000311_9c0c2c16b33b8a9d123646653ec9d15d,0.14414556324481964,0.9289371967315674,high_dino_low_clip
00000101_4ec1904e173e346ae3bfcbbeb5ea844e,00000494_9f1ebdd2cf3ccedc56e34814cbdfea6c,0.11195668578147888,0.9066346883773804,high_dino_low_clip
00000017_669a68cfa7f23e4d7f1150123c303d52,00000367_5b3a439080dcc9bb88797aaa2108ecdd,0.07820719480514526,0.9089629650115967,high_dino_low_clip
00000388_72a4a31ed5a7111add95009bf459b7ec,00000785_31f95095b73bfc7d84717d4d10e343a1,0.12300749123096466,0.9103196263313293,high_dino_low_clip
00000119_88fd55889c895f6a6e2ccc753bc1a503,00000997_e8ba55061908f82b313efcc10791e715,0.1370881199836731,0.9058629274368286,high_dino_low_clip
00000452_a2dfa000cd714372e5d171b5c64c26b0,00000599_853e60c5e8c96b72ce9c55fda3280845,0.09977827221155167,0.9005354046821594,high_dino_low_clip
00000014_baad96f1ca454fe62c8f9380cc2a32f4,00000452_a2dfa000cd714372e5d171b5c64c26b0,0.1239420548081398,0.9030369520187378,high_dino_low_clip
00000278_11becf4515d983f2318654261a784c0c,00000893_d927026d93e7253ffdbf21e29034feba,0.11310963332653046,0.904516339302063,high_dino_low_clip
00000051_65aecbffce0bceafc31a8073f8244f0e,00000356_bc8123c99e5b9b2d9bf65798a50e95b0,0.12425071746110916,0.9139763712882996,high_dino_low_clip
00000115_43df6af8a7aca3aec730154b7c3b486b,00000893_d927026d93e7253ffdbf21e29034feba,0.10850518196821213,0.9098387360572815,high_dino_low_clip
00000119_88fd55889c895f6a6e2ccc753bc1a503,00000941_b7ddf4b95f3e13d80c6e817ce0e150ef,0.13795533776283264,0.9147982597351074,high_dino_low_clip
00000367_5b3a439080dcc9bb88797aaa2108ecdd,00001010_931f4ecaca72a70aaa1d2c44832ef5c9,0.10223778337240219,0.9185425639152527,high_dino_low_clip
00000092_cf636656a84e4892928cc9408960001e,00000649_fc0112ce62c6f7f7effba3366d1978c6,0.14321240782737732,0.9051793813705444,high_dino_low_clip
00000090_a26627ed41ea8ed10e7e1713cdde79f1,00000802_012a92d1c17119eee46a9eb073ae0511,0.12342365086078644,0.9024220705032349,high_dino_low_clip
00000147_ebb0ea575cc2d5d10af3183b2ec4077c,00000802_012a92d1c17119eee46a9eb073ae0511,0.12781579792499542,0.9022007584571838,high_dino_low_clip
00000830_908a65fa988ec1cfcb3af4050c8e2ca6,00000927_93c856e985aaa6d430466c10f89f3e44,0.11270837485790253,0.9041492342948914,high_dino_low_clip
00000528_cd148e058b5177af003d587ddb025ad7,00000830_908a65fa988ec1cfcb3af4050c8e2ca6,0.10790427774190903,0.9067922234535217,high_dino_low_clip
00000434_c01ea7cd384c427e2308a9025ddc041d,00000803_f5aff9739a6b2c69d2f257fb687964b0,0.12600913643836975,0.925363302230835,high_dino_low_clip
00000171_674fce1f65043a270d0039501a5e83a3,00000998_87d3c512067ef157f76bfa60b97935f6,0.13970594108104706,0.9178506731987,high_dino_low_clip
00000211_8c021da7403af8e2ac896bc5d388e3c9,00000726_29a2a74cae545a10bd4a5d4ad74a5d8f,0.11785131692886353,0.9034496545791626,high_dino_low_clip
00000710_549ae83c7834d526e4efdac084bb8cf2,00000817_5653afc71b6d023855e42d58e2c53c67,0.10373985767364502,0.9019259810447693,high_dino_low_clip
00000405_6416d26c209b5730e92d36e7b0d95ce6,00000843_2f2ea941a568bbeaae3d9db69876e687,0.06858454644680023,0.9091142416000366,high_dino_low_clip
00000443_3963daf894d200bd47c9bdabbb9cf1dc,00000769_a07075d05b7e667476dbfe4530e8f415,0.08111493289470673,0.9021081328392029,high_dino_low_clip
00000307_0880fc7487803500c2e86260c33900ba,00000552_4cb1e43597a4e63d69eea5c5c5cee994,0.06963400542736053,0.903815507888794,high_dino_low_clip
00000107_90f914b7fa29c5d291a9821812d5a439,00000390_480e4a44937d7115fe853e1d52f39964,0.1494147926568985,0.9153040647506714,high_dino_low_clip
00000156_a2e3420444766d621e82bf1e61e107ab,00000972_b5228d839a7cb5f190f2160838ff2077,0.12401539832353592,0.9008355736732483,high_dino_low_clip
00000671_30a2b73ce516d709bd7f614570be69f3,00001015_d2349705428229b9346ac2ede99e42bc,0.8064329624176025,0.1510252207517624,high_clip_low_dino
00000552_4cb1e43597a4e63d69eea5c5c5cee994,00000786_81d208589f74a9cfad4f592f1137fc50,0.1465897113084793,0.9174959063529968,high_dino_low_clip
00000493_1763eaeb053bd83e833d42c89c7f2148,00000803_f5aff9739a6b2c69d2f257fb687964b0,0.12732794880867004,0.9073039889335632,high_dino_low_clip
00000506_f737cd0edaf863cbd07db886df5b0cae,00001015_d2349705428229b9346ac2ede99e42bc,0.8001652359962463,0.17304888367652893,high_clip_low_dino
00000803_f5aff9739a6b2c69d2f257fb687964b0,00000957_30a901518d4ad767b8f5bb2393e2b6c9,0.13876523077487946,0.9293341040611267,high_dino_low_clip
00000373_5b71bc5d076a19d9cb49b7fc8724dd03,00000443_3963daf894d200bd47c9bdabbb9cf1dc,0.13168370723724365,0.9250475168228149,high_dino_low_clip
00000552_4cb1e43597a4e63d69eea5c5c5cee994,00001010_931f4ecaca72a70aaa1d2c44832ef5c9,0.14216358959674835,0.9024477601051331,high_dino_low_clip
00000115_43df6af8a7aca3aec730154b7c3b486b,00000803_f5aff9739a6b2c69d2f257fb687964b0,0.11199712753295898,0.9080844521522522,high_dino_low_clip
00000292_136594bd1eb1162b2e743ebeff3eaccc,00000455_ea6498cc52db1dfc1453ca944677b8cf,0.09789572656154633,0.9008554816246033,high_dino_low_clip
00000292_136594bd1eb1162b2e743ebeff3eaccc,00001010_931f4ecaca72a70aaa1d2c44832ef5c9,0.036044660955667496,0.9054912328720093,high_dino_low_clip
00000282_8ae9b6eb8e5d09fd70cce525eca5be54,00000479_0e19fcedd54d81e714aa677436c9a38d,0.13449709117412567,0.9097543358802795,high_dino_low_clip
00000618_2a1ab8881ff6d7c7c3943c003a99b730,00000839_6f133321a7f0d6b9fdb781e386f46ece,0.13615074753761292,0.9257282614707947,high_dino_low_clip
00000001_70e3cd5277a6ee13bae3dfd85698ccde,00000998_87d3c512067ef157f76bfa60b97935f6,0.13970594108104706,0.9178506731987,high_dino_low_clip
00000774_144db327b7367744041b1b2905547588,00000927_93c856e985aaa6d430466c10f89f3e44,0.11820781975984573,0.9002888798713684,high_dino_low_clip
00000901_61259cf6f668742a9bbc1dc7a67156f7,00001010_f876f578b2ceb0960f4cb66ee7f82f31,0.14088289439678192,0.9002307653427124,high_dino_low_clip
00000172_85d74ff91efd7dcad2b1b5da3cbce765,00000526_b80d923461a032161b06f6adad161ab0,0.13992473483085632,0.903143584728241,high_dino_low_clip
00000307_0880fc7487803500c2e86260c33900ba,00000384_286d77570627a60fcdb7cec983f68acb,0.10290269553661346,0.9056004881858826,high_dino_low_clip
00000263_ff7732a9003f7f63f75542e054dfc8ae,00000839_6f133321a7f0d6b9fdb781e386f46ece,0.13857203722000122,0.9191950559616089,high_dino_low_clip
00000009_f784692e04f3e9079b77b818e156d636,00000839_6f133321a7f0d6b9fdb781e386f46ece,0.102442666888237,0.921149730682373,high_dino_low_clip
00000453_7bb713d8a1e4a4bdab2c98f6e0b6f851,00000965_6ff513e721f20b5d240e7853fbfeb5dc,0.8059923052787781,0.09546811133623123,high_clip_low_dino
00000247_e0da1295b39de42f8c90acc6312abe49,00000937_7916aa69d17aa9ae3e4179fed812bde8,0.12462863326072693,0.9015717506408691,high_dino_low_clip
00000493_1763eaeb053bd83e833d42c89c7f2148,00000818_6fd0d911f400dee80e73d66a41965cd1,0.13172662258148193,0.906613290309906,high_dino_low_clip
00000116_32107486b5a6a2a2abdefff03339ecc3,00000937_7916aa69d17aa9ae3e4179fed812bde8,0.06859630346298218,0.908578634262085,high_dino_low_clip
00000313_81398e50bb7add80daa7ddd8595aa875,00000786_81d208589f74a9cfad4f592f1137fc50,0.1420004814863205,0.931876540184021,high_dino_low_clip
00000351_a05387df9f7b8be9e38c7d377b59ed4b,00000867_c1e75e431aeb28e06a3c63f14e476588,0.10148894041776657,0.918743908405304,high_dino_low_clip
00000076_45187928efc5949ff1c6cf574f46cac4,00000504_b5ec473c20fa8519e439ad67c138a27e,0.11934632807970047,0.9051689505577087,high_dino_low_clip
00000446_631c3db65cab6f6e22c1a7ca24e5e675,00000782_74d4713ab150bfc07fb272ebcc5884c2,0.14649567008018494,0.9041593670845032,high_dino_low_clip
00000060_8e6052a262e37ec6454ba41fb3decf25,00000820_d3b3d43f87fe1c80efa3352e78b2d0e7,0.05855077877640724,0.900936484336853,high_dino_low_clip
00000194_1027ee6e567e04946cdcf9ef1732a399,00000839_6f133321a7f0d6b9fdb781e386f46ece,0.14834320545196533,0.935946524143219,high_dino_low_clip
00000818_6fd0d911f400dee80e73d66a41965cd1,00000826_ff0393b39e3bdae0b54fe0df005ae15a,0.10472261905670166,0.9041882753372192,high_dino_low_clip
00000351_a05387df9f7b8be9e38c7d377b59ed4b,00000373_5b71bc5d076a19d9cb49b7fc8724dd03,0.13976415991783142,0.9030346870422363,high_dino_low_clip
00000351_a05387df9f7b8be9e38c7d377b59ed4b,00000994_db43b44e57246b038b7921e9ff234c18,0.13542935252189636,0.9200254082679749,high_dino_low_clip
00000937_7916aa69d17aa9ae3e4179fed812bde8,00000941_b7ddf4b95f3e13d80c6e817ce0e150ef,0.14602206647396088,0.92340087890625,high_dino_low_clip
00000654_189d88f32de368791456b0e7f8ba7e71,00000941_b7ddf4b95f3e13d80c6e817ce0e150ef,0.14208433032035828,0.9140528440475464,high_dino_low_clip
00000180_6585d46375e56490399a43d59365fb7f,00000527_f4b438d1bbddf8d15f5298cd73aa8dbf,0.10270009934902191,0.9163663983345032,high_dino_low_clip
00000568_1dc8fb7b116e5f340f95511b90d9b73a,00000972_6757881882fb9a500d65e56e6f986aa3,0.12707896530628204,0.9083395600318909,high_dino_low_clip
00000780_e3570c0d4454278bdf8233bae168afa2,00000972_6757881882fb9a500d65e56e6f986aa3,0.14113175868988037,0.9039720296859741,high_dino_low_clip
00000231_0b5fe228586864e74786e94d03378c75,00000787_3294928a38ebdac5a5bc520baf232b36,0.14981834590435028,0.9006327390670776,high_dino_low_clip
00000032_c29f53382f978e0e801fdd2010b67347,00000165_90b0ce68a417f5632c292aad41467cd3,0.10751686990261078,0.9010809063911438,high_dino_low_clip
00000506_7efbbc86aba6bb4d09283852c807def8,00001010_f876f578b2ceb0960f4cb66ee7f82f31,0.1361076682806015,0.9060332775115967,high_dino_low_clip
00001010_f876f578b2ceb0960f4cb66ee7f82f31,00001023_212c153ec4d8df6169fe753710c77b69,0.0895499587059021,0.9006476402282715,high_dino_low_clip
00000106_70e99f38abb86a07510ebcbe0d4f62eb,00000998_87d3c512067ef157f76bfa60b97935f6,0.13970594108104706,0.9178506731987,high_dino_low_clip
00000211_407766b4ccc571c397ffb5d5847cd938,00000515_1240d5a80ae6462570cf6537fb8d4f0f,0.1218843013048172,0.9227635264396667,high_dino_low_clip
00000675_b4b7799d3374969ffd417fc9557c92c2,00000872_b9e124ddb0c5fb816ee4ea8189d1da4d,0.12539967894554138,0.9042494297027588,high_dino_low_clip
00000231_0b5fe228586864e74786e94d03378c75,00000418_82c793d098c535dbcc3cf4eb05f5c4d5,0.14981834590435028,0.9006327390670776,high_dino_low_clip
00000972_6757881882fb9a500d65e56e6f986aa3,00001001_efa13ff379039137d855ead1df84b912,0.14113175868988037,0.9039720296859741,high_dino_low_clip
00000227_e4fc86131dbf71be79fe48a0ec2914f9,00000972_6757881882fb9a500d65e56e6f986aa3,0.14113175868988037,0.9039720296859741,high_dino_low_clip
00000211_407766b4ccc571c397ffb5d5847cd938,00000638_dcc3cdf74b5df5514fa4287226c447b1,0.14499525725841522,0.9036292433738708,high_dino_low_clip
00000918_f0bb3b209881dae8ce277cbd5a2f9fc4,00000972_6757881882fb9a500d65e56e6f986aa3,0.12707896530628204,0.9083395600318909,high_dino_low_clip
00000659_8cee723d9984dc7edf17b0b1d2831a70,00000972_b5228d839a7cb5f190f2160838ff2077,0.12401539832353592,0.9008355736732483,high_dino_low_clip
00000064_1221ba07124041bc467c00ef614b2949,00000972_b5228d839a7cb5f190f2160838ff2077,0.12401539832353592,0.9008355736732483,high_dino_low_clip
00000440_e870ad5b8a8cbe22d03db05bd5587b30,00000972_b5228d839a7cb5f190f2160838ff2077,0.12401539832353592,0.9008355736732483,high_dino_low_clip
00000837_949a18f80303be8b0a27ddf32c9fbca7,00000972_6757881882fb9a500d65e56e6f986aa3,0.14113175868988037,0.9039720296859741,high_dino_low_clip
00000326_927a7353a3a2b9d7bec8792b98589191,00001007_d1f506769d7b241478b33bfa1a5cae71,0.1304813176393509,0.9235945343971252,high_dino_low_clip
00000206_b6e07c258d8a372b9ce8b64f68f6b224,00000675_b4b7799d3374969ffd417fc9557c92c2,0.1179550364613533,0.915961503982544,high_dino_low_clip
00000231_0b5fe228586864e74786e94d03378c75,00000694_817b4336885867b46a055db31d7a8061,0.14981834590435028,0.9006327390670776,high_dino_low_clip
00000589_2d05d40aea6b815a579a9e91b026026f,00000786_81d208589f74a9cfad4f592f1137fc50,0.12787871062755585,0.9078416228294373,high_dino_low_clip
00000436_bc6f5b7c7df1350652f9e822b615e0f0,00000972_6757881882fb9a500d65e56e6f986aa3,0.14113175868988037,0.9039720296859741,high_dino_low_clip
00000258_316f2faff9c7510886c499cebeb34588,00000972_6757881882fb9a500d65e56e6f986aa3,0.14113175868988037,0.9039720296859741,high_dino_low_clip
00000231_0b5fe228586864e74786e94d03378c75,00000666_92f7626d696dfb3876d7d80d2e15ea8f,0.14981834590435028,0.9006327390670776,high_dino_low_clip
00000231_0b5fe228586864e74786e94d03378c75,00000839_268caff9a22ef3ae9ac9d3b93cfdae13,0.14981834590435028,0.9006327390670776,high_dino_low_clip
00000197_32dbc76ce942d5f19444d0d1e4b01b2f,00000285_9a20e82dc3a6c11db4f1c655d79c3d4a,0.09442523866891861,0.9032628536224365,high_dino_low_clip
00000236_8553842cdc59f69d9ff22077ec59c4f6,00000941_aa78d117103e5ab4d46168b8a6503639,0.13469840586185455,0.9037564396858215,high_dino_low_clip
00000088_33104d12c4f4d71332efb1af33637ce5,00000972_6757881882fb9a500d65e56e6f986aa3,0.12707896530628204,0.9083395600318909,high_dino_low_clip
00000896_18ec330a13a2253735d1bc5f930cacfa,00000914_11962091781e998412a32e39e4be5368,0.10894962400197983,0.9012501835823059,high_dino_low_clip
00000162_8ee7d69036fa40a8930b5f9aee9df324,00000619_3df077d626d85918d00341628a8449fc,0.14787176251411438,0.9004061222076416,high_dino_low_clip
00000231_0b5fe228586864e74786e94d03378c75,00000560_2265ce18c3e5b0935e54486146538825,0.14981834590435028,0.9006327390670776,high_dino_low_clip
00000208_b4effeb1f2d7fe8f6875fec966687ca0,00000254_fff3097d244ecf2287b2c2e9b099fb6f,0.1285938024520874,0.9076054096221924,high_dino_low_clip
00000094_1efc05ea8bae5fbe95ce4051a806ecd8,00000672_eb7bd05695d71736a3420f158336fe5e,0.03820033371448517,0.9059087634086609,high_dino_low_clip
00000013_765106e741553b3ff1ea72f72ddcc49e,00000253_e32a60a5bb2acd4ab8c0de2b04ebe87f,0.14002569019794464,0.9086324572563171,high_dino_low_clip
00000112_dc299b1580c0364c9b52d093c0e71368,00000777_4c8582d19274a9586a4e42580a9fedce,0.811981201171875,0.1969446986913681,high_clip_low_dino
00000638_56ae90b62342e172c2088c8bbaa3896d,00000984_9d05caeb549a2a3b97407a17a569984e,0.14423739910125732,0.9010208249092102,high_dino_low_clip
00000140_db78c0ecf44d3ef15700830bfb1bbec6,00000653_8bd686b3393b65a12154e1712e8c5329,0.1370535045862198,0.9059029817581177,high_dino_low_clip
00000257_f82aed77162f6a2dfbfc369707bde99b,00000855_30ae59c13d25c15b8f7f1c4bee966cc1,0.14803409576416016,0.9037635326385498,high_dino_low_clip
00000322_3105997552f296c5359e897b8eaafa37,00000653_8bd686b3393b65a12154e1712e8c5329,0.1370535045862198,0.9059029817581177,high_dino_low_clip
00000501_d8a4abf1f834e8507dfdbf3391180d36,00000877_353b3b8300ac07099cf15907b4d43cb0,0.1155620887875557,0.9016956090927124,high_dino_low_clip
00000654_bbefda14ff4781287ff1b35eb09a4bc0,00000910_3c9ecaa22f0af16bad858b4de438324c,0.11235720664262772,0.9114896059036255,high_dino_low_clip
00000369_bdb5bb7c121660b64df15f6d13453e38,00000910_3c9ecaa22f0af16bad858b4de438324c,0.1436147540807724,0.9062244296073914,high_dino_low_clip
00000695_4ef7b5766249f676d25675aff01f357c,00000934_b17fb29dc1a5cbdba97db72f7b459ad4,0.12497301399707794,0.9017203450202942,high_dino_low_clip
00000505_7e23052ebdd00dc3b0191a92a7a0197d,00000672_eb7bd05695d71736a3420f158336fe5e,0.08877131342887878,0.9109089374542236,high_dino_low_clip
00000292_f0c651814d70ad17c2e90d981530850d,00000576_0ad0e87fffcc3bba47fbe439a63039bc,0.1464206725358963,0.9071406722068787,high_dino_low_clip
00000507_6bcfa9870f76ac33684853136711cd8d,00000798_d5515fd3f525230a32d7161f900aaefd,0.07275747507810593,0.9225813746452332,high_dino_low_clip
00000106_9007bf6649b136936af81f390882836e,00000932_54429f88c32f4f9d8107a580703de758,0.09590368717908859,0.9013336896896362,high_dino_low_clip
00000106_9007bf6649b136936af81f390882836e,00000966_2937491f4ac489eb68fee52a44aeb4a8,0.10558991879224777,0.903323769569397,high_dino_low_clip
00000106_9007bf6649b136936af81f390882836e,00000917_d68358f4ebbac79b4bd15f9e7caec1ab,0.06732629239559174,0.9051789045333862,high_dino_low_clip
00000407_86daf55d927b609b68fdd14e422ff4ab,00000416_35f720e59c6cf52dd583dd78ce6b62b2,0.11331105977296829,0.9273200035095215,high_dino_low_clip
00000106_ca83cf59c1f0ac6211caf9db3ac50659,00000731_94c44ed99a5fff8b2b46eddc2aa49a83,0.12707041203975677,0.90877366065979,high_dino_low_clip
00000178_379ac62224288e98e46280326d1de0f8,00000857_41d2222d25bafdfcde4b6f4386ac534f,0.10059816390275955,0.9168518781661987,high_dino_low_clip
00000040_6a86c6a2083c08f1e8605c6e2f665079,00000506_59396f87c1896a92f87e2d032c65ef62,0.12964364886283875,0.9013841152191162,high_dino_low_clip
00000042_eb44e7e37334c5b99090d9852621093b,00000106_9007bf6649b136936af81f390882836e,0.1085396334528923,0.9025189280509949,high_dino_low_clip
00000106_9007bf6649b136936af81f390882836e,00000961_00baa961e05ab3b79e0661641cf70176,0.08031772822141647,0.9124722480773926,high_dino_low_clip
00000065_9d9708339cfbea5aaabc02b5f29c5e05,00000345_2f8dda7024b2d4b53902ddaa58dcd418,0.11996206641197205,0.9155300259590149,high_dino_low_clip
00000329_cbd5b60dff8d25449d96461593ae91a4,00000864_963c04db2f71223166676f785a76ecb7,0.14650890231132507,0.910281777381897,high_dino_low_clip
00000106_9007bf6649b136936af81f390882836e,00000864_963c04db2f71223166676f785a76ecb7,0.07709580659866333,0.9013975858688354,high_dino_low_clip
00000065_9d9708339cfbea5aaabc02b5f29c5e05,00000813_22267a99c8ff8500cad33586b8ff2442,0.10447017848491669,0.9010629653930664,high_dino_low_clip
00000654_bbefda14ff4781287ff1b35eb09a4bc0,00000764_fdf9fc1bcc879e6a141c74bc4549e9c6,0.10859522223472595,0.9039389491081238,high_dino_low_clip
00000345_1ec46e50b45ac2b79d4769b085de8624,00000491_0dd4de54a8bd6de584ba79d672b5e4ec,0.13947206735610962,0.9052709937095642,high_dino_low_clip
00000329_cbd5b60dff8d25449d96461593ae91a4,00000499_4f17508d3c4df0e12a5fd6b2075f2615,0.14307954907417297,0.9015913009643555,high_dino_low_clip
00000106_9007bf6649b136936af81f390882836e,00000499_4f17508d3c4df0e12a5fd6b2075f2615,0.08035769313573837,0.9123715758323669,high_dino_low_clip
00000106_9007bf6649b136936af81f390882836e,00000202_5c7cda7a08c78e6e5a36e023a0bb3d17,0.12603124976158142,0.9028272032737732,high_dino_low_clip
00000106_ca83cf59c1f0ac6211caf9db3ac50659,00000896_cf2df0e97e3bb5ec334fcc2d0f29956f,0.14681227505207062,0.9000175595283508,high_dino_low_clip
00000142_1d5d517d9d77b2cfd20335ec57278bf6,00000204_58ce4722e9e0798793e0e38931fd9382,0.11738119274377823,0.9023223519325256,high_dino_low_clip
00000369_bdb5bb7c121660b64df15f6d13453e38,00000627_107e685e392ffdad4ddbf7e4b028c988,0.05285370349884033,0.9011487364768982,high_dino_low_clip
00000106_9007bf6649b136936af81f390882836e,00000188_9652c3dfd0014c823ec920b09b69c0c1,0.020104702562093735,0.9048143625259399,high_dino_low_clip
00000193_1b8cddb7166eb4120856e83123a32ae5,00000672_eb7bd05695d71736a3420f158336fe5e,0.10489574819803238,0.923892080783844,high_dino_low_clip
00000013_765106e741553b3ff1ea72f72ddcc49e,00000906_453712c0665d29b4c2dba430f3e7e9b7,0.14403070509433746,0.9064307808876038,high_dino_low_clip
00000105_adfd5261ab7e932dcb525d1136de1d73,00000292_f0c651814d70ad17c2e90d981530850d,0.1464206725358963,0.9071406722068787,high_dino_low_clip
00000193_1b8cddb7166eb4120856e83123a32ae5,00000930_e781ad244c58f05e65844af468784580,0.07658704370260239,0.909687876701355,high_dino_low_clip
00000193_1b8cddb7166eb4120856e83123a32ae5,00000796_f4d53d5be679ff82a38faf8e3edf783c,0.1100095883011818,0.9127593040466309,high_dino_low_clip
00000710_33e2a22ba4c3d75e2a6dc557e95c05e5,00001005_11ca99af31fd1d9b423e8add43dfb0df,0.14476293325424194,0.9104309678077698,high_dino_low_clip
00000193_1b8cddb7166eb4120856e83123a32ae5,00000785_56f3ad32f95a1a572441e238a47ae643,0.10630931705236435,0.9005967974662781,high_dino_low_clip
00000065_9d9708339cfbea5aaabc02b5f29c5e05,00000713_7d4093c63d08b75ddec1882ca3bbd4d6,0.14237669110298157,0.9046273231506348,high_dino_low_clip
00000100_a60722cb0dbfb0d31a1ad305bd6f2f9d,00000714_5fad2f565bff994f1d6332bf9f881a9b,0.12883073091506958,0.9014247059822083,high_dino_low_clip
00000140_8902c619e706179451cd0e1990e337c4,00000811_9bdec5e848b7693cb1b80447ae5b10b8,0.13019561767578125,0.9081891775131226,high_dino_low_clip
00000180_ae885cb6e0dc8d2f44b4875871e7414b,00000831_f214c7db47580c6dcbe7336ba6e84f24,0.13077282905578613,0.9018699526786804,high_dino_low_clip
00000193_1b8cddb7166eb4120856e83123a32ae5,00001017_0c0131f830ad28d3f53b9520692f0b47,0.10483241081237793,0.9072534441947937,high_dino_low_clip
00000193_1b8cddb7166eb4120856e83123a32ae5,00000406_8ead35bcec6706fd297118de936209b2,0.06748981028795242,0.9090437889099121,high_dino_low_clip
00000467_dd9362d99c4d6cbc59c3db8118d0d7f6,00000762_d26e83f7bea5ce077be0092e0268aa22,0.14618195593357086,0.9190015196800232,high_dino_low_clip
00000140_8902c619e706179451cd0e1990e337c4,00000654_bbefda14ff4781287ff1b35eb09a4bc0,0.028122330084443092,0.9127532839775085,high_dino_low_clip
00000142_1d5d517d9d77b2cfd20335ec57278bf6,00000850_c7818c81525fd62abecc16a0b1cae7f9,0.11738119274377823,0.9023223519325256,high_dino_low_clip
00000209_22199b5292351cdfdd55163ea64a3b7f,00000713_7d4093c63d08b75ddec1882ca3bbd4d6,0.13808192312717438,0.9008923768997192,high_dino_low_clip
00000642_19e08c3c9eb3a0c775de8b8ad492bdd5,00000906_453712c0665d29b4c2dba430f3e7e9b7,0.14590705931186676,0.9170199036598206,high_dino_low_clip
00000100_448a20745aa26bebe56f086c3bbb8134,00000231_0b5fe228586864e74786e94d03378c75,0.14981834590435028,0.9006327390670776,high_dino_low_clip
00000143_7194a58b19bc44271e6e473fdeac99c5,00000971_fa885049872c9cde96284d0867789b19,0.8006057739257812,0.15576811134815216,high_clip_low_dino
00000158_559186ac2612dc98e7a1b3fa135fdeae,00000590_740d059b76dbd48005906a0822d1057f,0.14598818123340607,0.9044785499572754,high_dino_low_clip
00000582_1f5e19e444a056ff1201495eb2f5414e,00000590_740d059b76dbd48005906a0822d1057f,0.14598818123340607,0.9044785499572754,high_dino_low_clip
00000108_20c4f14559ebbf35c341401c990bcdea,00000877_4364c1900503431bdb96e403f83c8c81,0.13099408149719238,0.9130710363388062,high_dino_low_clip
00000013_765106e741553b3ff1ea72f72ddcc49e,00000568_830695c72358ce918ade84c2d9af2dc7,0.12044397741556168,0.9175375699996948,high_dino_low_clip
00000292_f0c651814d70ad17c2e90d981530850d,00000692_d0f7661078a9d5410c7c7c9c7593a299,0.1464206725358963,0.9071406722068787,high_dino_low_clip
00000058_9bea813ecd2630f24bf0a69165c8ee34,00000246_390995018bf6f89f2913aae0c158309d,0.12334846705198288,0.9002746343612671,high_dino_low_clip
00000687_0461b739cdd284e1c9fbcbd99ceba4a4,00000747_8071dd39a7e03f6194ba6583753cf037,0.13710087537765503,0.907733678817749,high_dino_low_clip
00000265_7da5890cead53ad545ffa561468d1a9a,00000856_b84caca4fe5cd3d2abd6a069a680039a,0.1313084065914154,0.9132590293884277,high_dino_low_clip
00000050_76be2451f7c4171ba2ab7452d104ca1f,00000983_4b8287726aec5b2f8de9804b162f452d,0.12574918568134308,0.909839391708374,high_dino_low_clip
00000930_e781ad244c58f05e65844af468784580,00000983_4b8287726aec5b2f8de9804b162f452d,0.12653383612632751,0.907720148563385,high_dino_low_clip
00000003_3fa3c48305a2e83602223dfef345388d,00000021_77a7c982db422bc390537fe03a97dcf8,0.14361459016799927,0.9124912023544312,high_dino_low_clip
00000190_55ff9823c1c1ffc7628b427783a68eb1,00000792_ab84aca466015083142559664df77876,0.09080575406551361,0.9051382541656494,high_dino_low_clip
00000003_3fa3c48305a2e83602223dfef345388d,00000799_7da66c316f97dc61ba69a2cb5bc57618,0.1414482742547989,0.9002133011817932,high_dino_low_clip
00000190_55ff9823c1c1ffc7628b427783a68eb1,00000521_62751b674ac7296caed32c418e0d03b6,0.10153309255838394,0.9001461863517761,high_dino_low_clip
00000309_42814420bd88efeae232a3d7358e20f7,00000860_99a3672ee9440bea916d57e9c30b4229,0.12906509637832642,0.9019342064857483,high_dino_low_clip
00000246_390995018bf6f89f2913aae0c158309d,00000811_9bdec5e848b7693cb1b80447ae5b10b8,0.11253893375396729,0.9109963774681091,high_dino_low_clip
00000042_46ec5a6e9a98a5070c8dc5336c5fe35b,00000747_8071dd39a7e03f6194ba6583753cf037,0.13710087537765503,0.907733678817749,high_dino_low_clip
00000142_1d5d517d9d77b2cfd20335ec57278bf6,00000447_8c5a73856d46f9e15cf33246cf4e888f,0.11738119274377823,0.9023223519325256,high_dino_low_clip
00000216_190bdfd6b5e1d22cd841629673393c49,00000568_830695c72358ce918ade84c2d9af2dc7,0.14002950489521027,0.9164720177650452,high_dino_low_clip
00000826_30c907ed055ead393e3c68129326910b,00001001_45ee68af57b823467a38780067cfe273,0.13518159091472626,0.9253541827201843,high_dino_low_clip
00000190_55ff9823c1c1ffc7628b427783a68eb1,00000528_6c5bed3e2e5e5053829e4ad20e62205d,0.012408645823597908,0.9261685609817505,high_dino_low_clip
00000190_55ff9823c1c1ffc7628b427783a68eb1,00000975_e60a2313639cb5ce1673cf55a9a422db,-0.05125114321708679,0.9065064787864685,high_dino_low_clip
00000190_55ff9823c1c1ffc7628b427783a68eb1,00000958_24e2c2cde9738a329a0e22d5f1301a82,0.044257499277591705,0.9103607535362244,high_dino_low_clip
00000871_83c0ad2f506b09c741f5659dab7ab62e,00000983_4b8287726aec5b2f8de9804b162f452d,0.11867567896842957,0.9058545827865601,high_dino_low_clip
00000057_b4fe3fcd78d1475857db0692e3eee33c,00000231_0b5fe228586864e74786e94d03378c75,0.14981834590435028,0.9006327390670776,high_dino_low_clip
00000747_8071dd39a7e03f6194ba6583753cf037,00000856_afacc0b8381df4577a4d4a3c51ccefec,0.13710087537765503,0.907733678817749,high_dino_low_clip
00000590_740d059b76dbd48005906a0822d1057f,00000934_b17fb29dc1a5cbdba97db72f7b459ad4,0.1496073603630066,0.9176058769226074,high_dino_low_clip
00000479_59cb9069685e8831cc04da88a3a7be12,00000628_1b9846f9b6b5bdfbe0c1a82615f8a186,0.14394119381904602,0.9031272530555725,high_dino_low_clip
00000267_aaeaeff4e2790e2d68df81c4d25d9a89,00000773_a77b98d178f49d1b6a23a9c12696e905,0.11016201972961426,0.901573657989502,high_dino_low_clip
00000895_024e89bcf636a0f8c42bc8b52a8830fd,00000898_0961b1ce86fcfaf769ff279f78415df9,0.1095297783613205,0.9037635326385498,high_dino_low_clip
00000839_ab0b9a8f6616cb197121d06fbb576f35,00000943_ec91dd8d498716d7de24f4199857cfaa,0.14515741169452667,0.9035762548446655,high_dino_low_clip
00000059_5d82c4d679dc22bcf150fbacbf03ae1a,00000338_4537ba590d43d36467db98617a6b4d5c,0.11325862258672714,0.9045469164848328,high_dino_low_clip
00000595_57abc3e0c496fa5f806409a7bff81aad,00000959_c9b3ca4255393c4f22e79b7e6c32cb91,0.145883247256279,0.9023546576499939,high_dino_low_clip
00000672_eb7bd05695d71736a3420f158336fe5e,00001011_0015083b5a2f5b6d845ae982ec01cc4e,-0.004521380178630352,0.9112334251403809,high_dino_low_clip
00000714_5dabdc37941f983d83c3246da3ed9880,00000944_fa4a1f40d0ce5fc4df1073ef62f18e1e,0.13369722664356232,0.9024180769920349,high_dino_low_clip
00000023_cf112298020bb5b3b00af9a8bc792c38,00000151_66e7b673f91b00b1ee7b415c897ecd2a,0.1305254101753235,0.9023289084434509,high_dino_low_clip
00000713_bbb91257242cf2e06abd29bb76170452,00000959_c9b3ca4255393c4f22e79b7e6c32cb91,0.14706015586853027,0.9205677509307861,high_dino_low_clip
00000101_3c490a0ea0c0b26e0babb45ca7e7b3e1,00000182_8657978e73429dd99e26229adc558a03,0.1251721978187561,0.9114705920219421,high_dino_low_clip
00000101_3c490a0ea0c0b26e0babb45ca7e7b3e1,00000114_83d2b19f20b7510fd5ee99510a6f1afb,0.1251721978187561,0.9114705920219421,high_dino_low_clip
00000101_3c490a0ea0c0b26e0babb45ca7e7b3e1,00000384_df76ebfa2a9380bd0a7cd368151e1d1b,0.1251721978187561,0.9114705920219421,high_dino_low_clip
00000860_697bea573a115670c4989c203c777b54,00001011_0015083b5a2f5b6d845ae982ec01cc4e,0.10024671256542206,0.9348188042640686,high_dino_low_clip
00000930_e781ad244c58f05e65844af468784580,00001011_0015083b5a2f5b6d845ae982ec01cc4e,0.07023605704307556,0.9073643684387207,high_dino_low_clip
00000796_f4d53d5be679ff82a38faf8e3edf783c,00001011_0015083b5a2f5b6d845ae982ec01cc4e,0.07776206731796265,0.9184383153915405,high_dino_low_clip
00000397_85577ace4a4c5817345dd29008565e83,00000860_697bea573a115670c4989c203c777b54,0.10147320479154587,0.9002031683921814,high_dino_low_clip
00000021_77a7c982db422bc390537fe03a97dcf8,00000775_84f8bcc4a2b36a281c5fa6c57415aae0,0.14361459016799927,0.9124912023544312,high_dino_low_clip
00000021_77a7c982db422bc390537fe03a97dcf8,00000413_2513687c2c112a06bba7d10826271b98,0.14361459016799927,0.9124912023544312,high_dino_low_clip
00000101_3c490a0ea0c0b26e0babb45ca7e7b3e1,00000105_9a69e97a96e2a9a1e9c042091bbd8797,0.1251721978187561,0.9114705920219421,high_dino_low_clip
00000002_c4489f62b08fbd6501a0798bae1f6b83,00000395_c434eedbd7aa55786a17481a1ff71d72,0.14925479888916016,0.9050870537757874,high_dino_low_clip
00000636_f330c28a55fa3b77718b85eeb1fab117,00000973_45870dd8af01c719c453825e5ad9eba1,0.128726527094841,0.902621865272522,high_dino_low_clip
00000021_77a7c982db422bc390537fe03a97dcf8,00000874_022cf5872f6010d1e2b2cd395f618f32,0.14361459016799927,0.9124912023544312,high_dino_low_clip
00000725_eb89ed3e60f15efe7c173c956b358c7c,00000959_c9b3ca4255393c4f22e79b7e6c32cb91,0.1328650861978531,0.9185567498207092,high_dino_low_clip
00000775_84f8bcc4a2b36a281c5fa6c57415aae0,00000799_7da66c316f97dc61ba69a2cb5bc57618,0.1414482742547989,0.9002133011817932,high_dino_low_clip
00000413_2513687c2c112a06bba7d10826271b98,00000799_7da66c316f97dc61ba69a2cb5bc57618,0.1414482742547989,0.9002133011817932,high_dino_low_clip
00000101_3c490a0ea0c0b26e0babb45ca7e7b3e1,00000922_2005d00ebc87863b0945f825a0007f8f,0.1251721978187561,0.9114705920219421,high_dino_low_clip
00000799_7da66c316f97dc61ba69a2cb5bc57618,00000874_022cf5872f6010d1e2b2cd395f618f32,0.1414482742547989,0.9002133011817932,high_dino_low_clip
00000811_9bdec5e848b7693cb1b80447ae5b10b8,00000959_c9b3ca4255393c4f22e79b7e6c32cb91,0.13181188702583313,0.9014269709587097,high_dino_low_clip
00000101_3c490a0ea0c0b26e0babb45ca7e7b3e1,00000904_8f27913159676c1f1ad68412230dc995,0.1251721978187561,0.9114705920219421,high_dino_low_clip
00000202_5c7cda7a08c78e6e5a36e023a0bb3d17,00000943_ec91dd8d498716d7de24f4199857cfaa,0.12789079546928406,0.9171578288078308,high_dino_low_clip
00000654_bbefda14ff4781287ff1b35eb09a4bc0,00000959_c9b3ca4255393c4f22e79b7e6c32cb91,0.12427690625190735,0.9037017822265625,high_dino_low_clip
00000986_4d77c2842ec77ba9695fc7df62a4591b,00001011_0015083b5a2f5b6d845ae982ec01cc4e,0.04189411550760269,0.9005374908447266,high_dino_low_clip
00000467_dd9362d99c4d6cbc59c3db8118d0d7f6,00001011_0015083b5a2f5b6d845ae982ec01cc4e,0.029523983597755432,0.9020603895187378,high_dino_low_clip
00000406_8ead35bcec6706fd297118de936209b2,00001011_0015083b5a2f5b6d845ae982ec01cc4e,-0.0028386868070811033,0.9024739861488342,high_dino_low_clip
00000232_2b89037a8696d4565865e6c7926c2cdc,00001011_0015083b5a2f5b6d845ae982ec01cc4e,-0.0035740460734814405,0.9008887410163879,high_dino_low_clip
00000023_cf112298020bb5b3b00af9a8bc792c38,00000965_05d2b4e319469d9df372b3a4880e922d,0.1139008179306984,0.9019021987915039,high_dino_low_clip
00000198_737851e66e1a9a6b78f5af1a9bc394e1,00000338_4537ba590d43d36467db98617a6b4d5c,0.11325862258672714,0.9045469164848328,high_dino_low_clip
00000407_757e0ed324d6e7536974ea774730bbcb,00000959_c9b3ca4255393c4f22e79b7e6c32cb91,0.1349407434463501,0.9093090295791626,high_dino_low_clip
00000101_3c490a0ea0c0b26e0babb45ca7e7b3e1,00000293_a0968df0488c6c42a03d85fd5ff3f476,0.1251721978187561,0.9114705920219421,high_dino_low_clip
00000369_bdb5bb7c121660b64df15f6d13453e38,00001011_0015083b5a2f5b6d845ae982ec01cc4e,0.0007351794629357755,0.9090884327888489,high_dino_low_clip
00000231_0b5fe228586864e74786e94d03378c75,00001002_23f8c8614d23640aae3cd2140c851bd5,0.14981834590435028,0.9006327390670776,high_dino_low_clip
00000101_3c490a0ea0c0b26e0babb45ca7e7b3e1,00000150_2549391aac9e8b0af24997d06dec7b08,0.1251721978187561,0.9114705920219421,high_dino_low_clip
00000395_c434eedbd7aa55786a17481a1ff71d72,00000887_f6de17974ffc234170fb7f07b1afafce,0.09639154374599457,0.9116902947425842,high_dino_low_clip
00000079_b6d9320fc2571c37bd5a336d41d26679,00001011_0015083b5a2f5b6d845ae982ec01cc4e,0.12627530097961426,0.9071522355079651,high_dino_low_clip
00000320_297027b6c5be39a96904b71ab546ddc7,00000384_c2d38d251c8fe14e983558fbedfbd848,0.12183453142642975,0.9048559665679932,high_dino_low_clip
00000143_7194a58b19bc44271e6e473fdeac99c5,00000243_9d4a6ae3ac25fc351a552a9de4aeb8a5,0.8003283143043518,0.16966329514980316,high_clip_low_dino
00000292_f0c651814d70ad17c2e90d981530850d,00000932_0dad4f5df2fa9ec0b0272fce64914956,0.1464206725358963,0.9071406722068787,high_dino_low_clip
00000148_fa45aae1b7b177c0b72c3a17e2777c4d,00000857_41d2222d25bafdfcde4b6f4386ac534f,0.09314587712287903,0.9058623313903809,high_dino_low_clip
00000140_f8a24b05d76851be9ce09974c2e44e39,00000210_538f4b38f5c7c979d4077cba956110ba,0.1489201784133911,0.9155292510986328,high_dino_low_clip
00000275_2953ccb629d5724024ab7ec1f5ec19b6,00000946_a3a898fec851ae4ce36c11f4dcf66cd8,0.14329573512077332,0.9089843034744263,high_dino_low_clip
00000048_137e31f7fbb339b28aee5476675808e5,00000275_2953ccb629d5724024ab7ec1f5ec19b6,0.14329573512077332,0.9089843034744263,high_dino_low_clip
00000525_7e3af19bcd7b61d1f28e0976398bce0e,00000905_4cb286f4bb54b12a65a385f6b563efcd,0.13408775627613068,0.9059588313102722,high_dino_low_clip
00000116_7502771bef8f83a001197006140444ce,00000275_2953ccb629d5724024ab7ec1f5ec19b6,0.14329573512077332,0.9089843034744263,high_dino_low_clip
00000839_33a2f12d326d40709162f1d56169e4ce,00001001_45ee68af57b823467a38780067cfe273,0.08202719688415527,0.9055577516555786,high_dino_low_clip
00000148_fa45aae1b7b177c0b72c3a17e2777c4d,00000654_bbefda14ff4781287ff1b35eb09a4bc0,0.13428831100463867,0.9085299372673035,high_dino_low_clip
00000654_bbefda14ff4781287ff1b35eb09a4bc0,00000911_690c81bcfab47579e7aa5d1dcad69acd,0.12426992505788803,0.9116650223731995,high_dino_low_clip
00000142_1d5d517d9d77b2cfd20335ec57278bf6,00000809_9c85d3edd822eb1d5e4505a47c724f34,0.11738119274377823,0.9023223519325256,high_dino_low_clip
00000202_5c7cda7a08c78e6e5a36e023a0bb3d17,00000525_7e3af19bcd7b61d1f28e0976398bce0e,0.10002171993255615,0.9082546830177307,high_dino_low_clip
00000275_2953ccb629d5724024ab7ec1f5ec19b6,00000888_7bfff2c6a106f52ff4b86490c2509a63,0.14329573512077332,0.9089843034744263,high_dino_low_clip
00000231_0b5fe228586864e74786e94d03378c75,00000767_043bfb66247e72ab3f940651c79039a0,0.14981834590435028,0.9006327390670776,high_dino_low_clip
00000173_90c686f087d359c9e44222b3fb66af4b,00000970_dc438ba75a6082ef9845f1718113ca3f,0.1371479332447052,0.9003960490226746,high_dino_low_clip
00000275_2953ccb629d5724024ab7ec1f5ec19b6,00000864_224d0539d8dd6a97a61ba551d53637bd,0.14329573512077332,0.9089843034744263,high_dino_low_clip
00000397_e6538c574f5e8303814b6bfa9cf5933c,00000934_b17fb29dc1a5cbdba97db72f7b459ad4,0.13087664544582367,0.9031986594200134,high_dino_low_clip
00000210_538f4b38f5c7c979d4077cba956110ba,00000312_b313abfddcbdd7eba228fa8680d6b787,0.1137227937579155,0.9018028974533081,high_dino_low_clip
00000143_7194a58b19bc44271e6e473fdeac99c5,00000417_e7d8ea0e4ddb0efa20e366b2de43ef1c,0.8097416758537292,0.13501176238059998,high_clip_low_dino
00000143_7194a58b19bc44271e6e473fdeac99c5,00000920_c5dc55a645d6553009ee4362fdcec09f,0.8192704916000366,0.174394890666008,high_clip_low_dino
00000395_35f02598c75f435cb24dbda3c494dfb5,00000672_eb7bd05695d71736a3420f158336fe5e,0.0368553102016449,0.9028326272964478,high_dino_low_clip
00000609_40f177f8f857f75abf214406f8140b7f,00000672_eb7bd05695d71736a3420f158336fe5e,0.07939724624156952,0.9350905418395996,high_dino_low_clip
00000188_3d6670ba8776a302de1212c0a326764e,00000672_eb7bd05695d71736a3420f158336fe5e,0.10734451562166214,0.9010083079338074,high_dino_low_clip
00000267_4dd0280e8d218235d099b3ce4a9e54a1,00000672_eb7bd05695d71736a3420f158336fe5e,0.010522161610424519,0.9020750522613525,high_dino_low_clip
00000138_5732351d48f703baa3393b9469016830,00000609_bd44da869364731decba16c10df305a1,0.13887305557727814,0.9017109870910645,high_dino_low_clip
00000672_eb7bd05695d71736a3420f158336fe5e,00000861_a760b8354134fa851ea41311ab8f9212,0.002266540890559554,0.9047878980636597,high_dino_low_clip
00000485_6f6be0c813e671381717238520ee9017,00000966_2937491f4ac489eb68fee52a44aeb4a8,0.11036775261163712,0.9002610445022583,high_dino_low_clip
00000508_be997e63b80d0ce0352c522af0636d74,00000580_2096da90e21e708ac1ba129a2870a091,0.09683870524168015,0.9032542705535889,high_dino_low_clip
00000609_40f177f8f857f75abf214406f8140b7f,00000755_41683c795707e4a151cfba4117fedb8f,0.14932022988796234,0.9035289287567139,high_dino_low_clip
00000609_40f177f8f857f75abf214406f8140b7f,00000796_f4d53d5be679ff82a38faf8e3edf783c,0.046520549803972244,0.9055187106132507,high_dino_low_clip
00000580_2096da90e21e708ac1ba129a2870a091,00000866_ffc7bc39ac9960a9b8d33e04ecf77606,0.09263738244771957,0.9136056900024414,high_dino_low_clip
00000267_4dd0280e8d218235d099b3ce4a9e54a1,00000796_f4d53d5be679ff82a38faf8e3edf783c,0.13459907472133636,0.9093143343925476,high_dino_low_clip
00000564_0ff61077c2d2b75da3184a86d6a5700d,00000609_40f177f8f857f75abf214406f8140b7f,0.08852182328701019,0.9062228798866272,high_dino_low_clip
00000301_ede185bc7a1b0d77b5f41bcda8dc659e,00000653_8bd686b3393b65a12154e1712e8c5329,0.1370535045862198,0.9059029817581177,high_dino_low_clip
00000010_e82e3896bb5d81e73c0bfe5b46f790d4,00000599_ebd2cd3521a09d621c744f0824c7a436,0.11542122811079025,0.9184073805809021,high_dino_low_clip
00000580_2096da90e21e708ac1ba129a2870a091,00000761_bdaafc56d223c47fef78ea24cdd8eed4,0.09576194733381271,0.9181402325630188,high_dino_low_clip
00000580_2096da90e21e708ac1ba129a2870a091,00000598_eff10a7042b2355924b5510bc9f2f520,0.12246863543987274,0.9072533845901489,high_dino_low_clip
00000509_bc2cadceca73d22b71df2d6983fde76e,00000580_2096da90e21e708ac1ba129a2870a091,0.08920557051897049,0.9087116122245789,high_dino_low_clip
00000609_40f177f8f857f75abf214406f8140b7f,00000654_bbefda14ff4781287ff1b35eb09a4bc0,-0.02720985934138298,0.910836398601532,high_dino_low_clip
00000609_40f177f8f857f75abf214406f8140b7f,00000986_4d77c2842ec77ba9695fc7df62a4591b,0.07728085666894913,0.9110532402992249,high_dino_low_clip
00000467_dd9362d99c4d6cbc59c3db8118d0d7f6,00000609_40f177f8f857f75abf214406f8140b7f,0.06441784650087357,0.9185864329338074,high_dino_low_clip
00000216_190bdfd6b5e1d22cd841629673393c49,00000725_a766884f090110f10817ce7174c23c29,0.13462118804454803,0.9129014015197754,high_dino_low_clip
00000267_4dd0280e8d218235d099b3ce4a9e54a1,00000654_bbefda14ff4781287ff1b35eb09a4bc0,0.05897087603807449,0.9154772162437439,high_dino_low_clip
00000267_4dd0280e8d218235d099b3ce4a9e54a1,00000467_dd9362d99c4d6cbc59c3db8118d0d7f6,0.07470492273569107,0.9190736413002014,high_dino_low_clip
00000142_1d5d517d9d77b2cfd20335ec57278bf6,00000493_2af29f4bf841c1a9b82cbf70c298c88c,0.11738119274377823,0.9023223519325256,high_dino_low_clip
00000202_5c7cda7a08c78e6e5a36e023a0bb3d17,00000485_6f6be0c813e671381717238520ee9017,0.02070416882634163,0.9202966094017029,high_dino_low_clip
00000232_2b89037a8696d4565865e6c7926c2cdc,00000609_40f177f8f857f75abf214406f8140b7f,0.07389185577630997,0.9196951985359192,high_dino_low_clip
00000232_2b89037a8696d4565865e6c7926c2cdc,00000267_4dd0280e8d218235d099b3ce4a9e54a1,0.0836796835064888,0.9141590595245361,high_dino_low_clip
00000372_fec1069045c539adb31993b84d4037e5,00000609_40f177f8f857f75abf214406f8140b7f,0.10846906900405884,0.9001707434654236,high_dino_low_clip
00000324_23e0c4416e01d6f46a3c29b881f055be,00000609_40f177f8f857f75abf214406f8140b7f,0.050842463970184326,0.9014667272567749,high_dino_low_clip
00000369_bdb5bb7c121660b64df15f6d13453e38,00000609_40f177f8f857f75abf214406f8140b7f,0.0007771116797812283,0.9027640223503113,high_dino_low_clip
00000131_f603386a62caeb805968658ce8b5a19a,00001023_162591920f6414f4063c7a6c26a6c4b3,0.134298175573349,0.9127153158187866,high_dino_low_clip
00000231_0b5fe228586864e74786e94d03378c75,00000800_092bbef17bd5defad8a817cfbe80feed,0.14981834590435028,0.9006327390670776,high_dino_low_clip
00000725_a766884f090110f10817ce7174c23c29,00000745_bf52f3b11adbc4d5092285751da23a74,0.13058258593082428,0.9147796034812927,high_dino_low_clip
00000143_7194a58b19bc44271e6e473fdeac99c5,00000969_4e5fb2ab94a276984420ddc27c1e4740,0.8048732280731201,0.18461301922798157,high_clip_low_dino
00000143_7194a58b19bc44271e6e473fdeac99c5,00000386_f45e3570ae192c18fa0a47b0a6e4ec2b,0.8053377270698547,0.18763673305511475,high_clip_low_dino
00000577_5bbfaa4a0b51be59479d176d8d7570b1,00000672_eb7bd05695d71736a3420f158336fe5e,0.020889462903141975,0.9080499410629272,high_dino_low_clip
00000390_bbcf22432cbd529b9d1fbda6de6c08f6,00000672_eb7bd05695d71736a3420f158336fe5e,0.08473703265190125,0.9299788475036621,high_dino_low_clip
00000017_d2fc5a696a79e16f0d64d30a0a0ae898,00000966_2937491f4ac489eb68fee52a44aeb4a8,0.13178586959838867,0.9056310653686523,high_dino_low_clip
00000292_f0c651814d70ad17c2e90d981530850d,00000874_87ef0bbd479d59fb3dda8614cc1606c3,0.1464206725358963,0.9071406722068787,high_dino_low_clip
00000772_82bc973fb405688a76f65180f17cf152,00000930_e781ad244c58f05e65844af468784580,0.12375321239233017,0.9003857970237732,high_dino_low_clip
00000050_76be2451f7c4171ba2ab7452d104ca1f,00000577_5bbfaa4a0b51be59479d176d8d7570b1,0.11664310097694397,0.9067136645317078,high_dino_low_clip
00000390_bbcf22432cbd529b9d1fbda6de6c08f6,00000930_e781ad244c58f05e65844af468784580,0.06256312131881714,0.9187882542610168,high_dino_low_clip
00000390_bbcf22432cbd529b9d1fbda6de6c08f6,00000796_f4d53d5be679ff82a38faf8e3edf783c,0.07979875802993774,0.9150246977806091,high_dino_low_clip
00000017_d2fc5a696a79e16f0d64d30a0a0ae898,00000961_00baa961e05ab3b79e0661641cf70176,0.1438823938369751,0.9013552069664001,high_dino_low_clip
00000096_fedccf86b09c5d5b3cddc3cbe2f66435,00000849_a64ecd1d093431d8257dd23cf08425b8,0.1374359279870987,0.9104624390602112,high_dino_low_clip
00000090_15085fc3bad8d80ef0785f0ccb0ef234,00000241_95665b191814a12609ca91704dfb5b49,0.13115891814231873,0.9020123481750488,high_dino_low_clip
00000142_1d5d517d9d77b2cfd20335ec57278bf6,00000744_7914675b59a6a1e350684b9fa52e4020,0.11738119274377823,0.9023223519325256,high_dino_low_clip
00000601_71bf488dbf70c8e1b2e200649b36a704,00000964_248efdbbd26a12e5db65ff429cef3e62,0.14729581773281097,0.943690299987793,high_dino_low_clip
00000142_1d5d517d9d77b2cfd20335ec57278bf6,00000681_12f61055eb050e148ecfe0f38dd5e8cc,0.11738119274377823,0.9023223519325256,high_dino_low_clip
00000216_190bdfd6b5e1d22cd841629673393c49,00000998_cf4eefb6e760e056d2cb10836b9c6d48,0.1477372795343399,0.9171643257141113,high_dino_low_clip
00000736_e5029b89d0ac030e30e741627f44df2e,00000831_f214c7db47580c6dcbe7336ba6e84f24,0.14681246876716614,0.9069106578826904,high_dino_low_clip
00000142_1d5d517d9d77b2cfd20335ec57278bf6,00000684_e0996aa18bf7f2635765cf87724db594,0.11738119274377823,0.9023223519325256,high_dino_low_clip
00000390_bbcf22432cbd529b9d1fbda6de6c08f6,00000406_8ead35bcec6706fd297118de936209b2,0.07314401865005493,0.9017300009727478,high_dino_low_clip
00000017_d2fc5a696a79e16f0d64d30a0a0ae898,00000202_5c7cda7a08c78e6e5a36e023a0bb3d17,0.11109473556280136,0.9106519818305969,high_dino_low_clip
00000142_1d5d517d9d77b2cfd20335ec57278bf6,00000907_c46105a77ec9fe9d74def079e3c1a9f5,0.11738119274377823,0.9023223519325256,high_dino_low_clip
00000142_1d5d517d9d77b2cfd20335ec57278bf6,00000458_b05a771ffb087e0dfa24eb1222f0d260,0.11738119274377823,0.9023223519325256,high_dino_low_clip
00000232_2b89037a8696d4565865e6c7926c2cdc,00000577_5bbfaa4a0b51be59479d176d8d7570b1,0.0401667095720768,0.900960385799408,high_dino_low_clip
00000232_2b89037a8696d4565865e6c7926c2cdc,00000390_bbcf22432cbd529b9d1fbda6de6c08f6,0.0941242203116417,0.9094787836074829,high_dino_low_clip
00000164_417249a33611d149930e4d290b72266d,00000994_da4f3c1238603ce3bcf12b7aa97225bd,0.14466141164302826,0.9182268381118774,high_dino_low_clip
00000231_0b5fe228586864e74786e94d03378c75,00000472_ee568acbcda82b7f78eec93f2e923779,0.14981834590435028,0.9006327390670776,high_dino_low_clip
00000745_bf52f3b11adbc4d5092285751da23a74,00000998_cf4eefb6e760e056d2cb10836b9c6d48,0.14340855181217194,0.9149834513664246,high_dino_low_clip
00000797_3d2b7611e8c86e7e8f785798c82ae6c3,00001023_7b1a8f796e3dceea8f82965551c77efe,0.14915287494659424,0.9027335047721863,high_dino_low_clip
00000108_20c4f14559ebbf35c341401c990bcdea,00000314_120a170b3eb6d7f4d7c30b50f01293e8,0.1446053385734558,0.9132313132286072,high_dino_low_clip
00000402_e9f46336fe013bc12a836753abe739d6,00000672_eb7bd05695d71736a3420f158336fe5e,0.10069523006677628,0.9231052994728088,high_dino_low_clip
00000523_75c0a0a85c1966f20cde7be9b55ac6ba,00000582_159803f51de07149255901e8e87ae543,0.1494903564453125,0.9166253209114075,high_dino_low_clip
00000102_fcbb999ee4b39151f4ef29b6fc330b27,00000798_9057f9b77c536cd1f933cf850c11fab1,0.1489013284444809,0.9174376726150513,high_dino_low_clip
00000021_5e51b8d13dfa253a49d85e0667b2bd12,00000102_fcbb999ee4b39151f4ef29b6fc330b27,0.1489013284444809,0.9174376726150513,high_dino_low_clip
00000102_fcbb999ee4b39151f4ef29b6fc330b27,00000526_b80d923461a032161b06f6adad161ab0,0.1489013284444809,0.9174376726150513,high_dino_low_clip
00000369_837d067662f704da86415e9f1623a394,00000860_697bea573a115670c4989c203c777b54,0.048906076699495316,0.9042493104934692,high_dino_low_clip
00000369_837d067662f704da86415e9f1623a394,00000796_f4d53d5be679ff82a38faf8e3edf783c,0.09166134893894196,0.9049270153045654,high_dino_low_clip
00000402_e9f46336fe013bc12a836753abe739d6,00000796_f4d53d5be679ff82a38faf8e3edf783c,0.13350315392017365,0.9101943373680115,high_dino_low_clip
00000102_fcbb999ee4b39151f4ef29b6fc330b27,00000431_f0276ae99db5188dd70f3707aa7405b2,0.1489013284444809,0.9174376726150513,high_dino_low_clip
00000102_fcbb999ee4b39151f4ef29b6fc330b27,00000169_7f6126c6473dd44fe05bc1b64132d07a,0.1489013284444809,0.9174376726150513,high_dino_low_clip
00000523_75c0a0a85c1966f20cde7be9b55ac6ba,00001010_b5ef125030e86348f3f33d460db967b5,0.1494903564453125,0.9166253209114075,high_dino_low_clip
00000523_75c0a0a85c1966f20cde7be9b55ac6ba,00000719_4db265ef3b0ebde36992f5b6a1cb558e,0.1494903564453125,0.9166253209114075,high_dino_low_clip
00000387_e21829feac732b5e0f5525435d757a8f,00001016_eff6711836a4f5c2f9d70a1d23a689e6,0.127955362200737,0.9014695882797241,high_dino_low_clip
00000021_77a7c982db422bc390537fe03a97dcf8,00000178_329848d813a57a68c4922c10a7666afe,0.14361459016799927,0.9124912023544312,high_dino_low_clip
00000258_98a4dd6b1663853ed32945c2c05d2bfa,00000474_36dbffaf6a66444cb2e34ae69c732394,0.8034040927886963,0.19164513051509857,high_clip_low_dino
00000205_a4d1cbb60c3660aa7082db2a56571816,00000523_75c0a0a85c1966f20cde7be9b55ac6ba,0.1494903564453125,0.9166253209114075,high_dino_low_clip
00000178_329848d813a57a68c4922c10a7666afe,00000799_7da66c316f97dc61ba69a2cb5bc57618,0.1414482742547989,0.9002133011817932,high_dino_low_clip
00000276_c3239c50956cedfc32913096a624178e,00000771_349a9a7d3ef51c2e5ffea96d2fe5b1eb,0.14747361838817596,0.9028676152229309,high_dino_low_clip
00000523_75c0a0a85c1966f20cde7be9b55ac6ba,00000668_32e8aaa9032d32b6de48fad346b5f8e0,0.1494903564453125,0.9166253209114075,high_dino_low_clip
00000484_9436109cfd1d5f38fc409396bfc49979,00000523_75c0a0a85c1966f20cde7be9b55ac6ba,0.1494903564453125,0.9166253209114075,high_dino_low_clip
00000517_13babeee6a56dba7357809e4161fc535,00000523_75c0a0a85c1966f20cde7be9b55ac6ba,0.1494903564453125,0.9166253209114075,high_dino_low_clip
00000142_1d5d517d9d77b2cfd20335ec57278bf6,00000756_7cf4e95ab194196caa2427e03bf7e80f,0.11738119274377823,0.9023223519325256,high_dino_low_clip
00000075_ca0baf04ffae804f931e9c4a77a1e5e4,00000523_75c0a0a85c1966f20cde7be9b55ac6ba,0.1494903564453125,0.9166253209114075,high_dino_low_clip
00000523_75c0a0a85c1966f20cde7be9b55ac6ba,00000572_e0f6cf24644931e9ed92ec56f5354dc3,0.1494903564453125,0.9166253209114075,high_dino_low_clip
00000402_e9f46336fe013bc12a836753abe739d6,00000654_bbefda14ff4781287ff1b35eb09a4bc0,0.053754545748233795,0.9031834602355957,high_dino_low_clip
00000402_e9f46336fe013bc12a836753abe739d6,00000467_dd9362d99c4d6cbc59c3db8118d0d7f6,0.1290169656276703,0.9008868932723999,high_dino_low_clip
00000352_9ae58f58531b3b6693b476ccf2d20e47,00000387_e21829feac732b5e0f5525435d757a8f,0.14608357846736908,0.9181753396987915,high_dino_low_clip
00000387_e21829feac732b5e0f5525435d757a8f,00000648_2400888803da714ad4f3b1a2c8aef49d,0.14897993206977844,0.9096700549125671,high_dino_low_clip
00000387_e21829feac732b5e0f5525435d757a8f,00000491_0dd4de54a8bd6de584ba79d672b5e4ec,0.1454770863056183,0.9466120600700378,high_dino_low_clip
00000102_fcbb999ee4b39151f4ef29b6fc330b27,00000957_4faf3a8392294741740ad3505768c32e,0.1489013284444809,0.9174376726150513,high_dino_low_clip
00000164_417249a33611d149930e4d290b72266d,00000905_189e87e734417d9fa96ec21180873279,0.14755940437316895,0.9065256118774414,high_dino_low_clip
00000102_fcbb999ee4b39151f4ef29b6fc330b27,00000135_6b79465b5c28539199f16d0e7cdf6ad9,0.1489013284444809,0.9174376726150513,high_dino_low_clip
00000878_ba956842199277f334de5dd217928119,00000905_189e87e734417d9fa96ec21180873279,0.13724462687969208,0.9010287523269653,high_dino_low_clip
00000536_d0ab4d8ca543e4714711727589497d08,00000905_189e87e734417d9fa96ec21180873279,0.1461757868528366,0.9135069251060486,high_dino_low_clip
00000231_0b5fe228586864e74786e94d03378c75,00000394_a9f1e1e8caef76725e2179e75ec97dc5,0.14981834590435028,0.9006327390670776,high_dino_low_clip
00000102_fcbb999ee4b39151f4ef29b6fc330b27,00000705_3c50bf380749afefbafd93f8d74b3647,0.1489013284444809,0.9174376726150513,high_dino_low_clip
00000285_c3dd245e65a4c4d0de6f9792549fd704,00000479_59cb9069685e8831cc04da88a3a7be12,0.12461114674806595,0.911280632019043,high_dino_low_clip
00000105_08e6acc66e32796340b173b8f0fff81b,00000523_75c0a0a85c1966f20cde7be9b55ac6ba,0.1494903564453125,0.9166253209114075,high_dino_low_clip
00000523_75c0a0a85c1966f20cde7be9b55ac6ba,00000896_5024b6b4f47bf61c1eeddde163b3ba9d,0.1494903564453125,0.9166253209114075,high_dino_low_clip
00000387_e21829feac732b5e0f5525435d757a8f,00000739_20e945539b6ad86ed3049fa06d774183,0.14192605018615723,0.9393402338027954,high_dino_low_clip
00000102_fcbb999ee4b39151f4ef29b6fc330b27,00000643_2a8791ea949e56a31825c8a7190b6df6,0.1489013284444809,0.9174376726150513,high_dino_low_clip
00000084_e496ddd951833be0b8c19d65eb8bcf49,00000143_7194a58b19bc44271e6e473fdeac99c5,0.8109468817710876,0.18376636505126953,high_clip_low_dino
00000059_5d82c4d679dc22bcf150fbacbf03ae1a,00000169_d914e5642aa820a51a8cf2f2dc82e431,0.1302672177553177,0.906430721282959,high_dino_low_clip
00000292_f0c651814d70ad17c2e90d981530850d,00001023_d2f5831a8f7b29766998d44a820c1f5a,0.1464206725358963,0.9071406722068787,high_dino_low_clip
00000292_f0c651814d70ad17c2e90d981530850d,00000634_901b14b936ef51be89620ac6eae295d1,0.1464206725358963,0.9071406722068787,high_dino_low_clip
00000195_33517bec43e6535c87415664e1d83a86,00000510_3169670070b39cf6ca03cfa9070c5d83,0.13194257020950317,0.9023308157920837,high_dino_low_clip
00000292_f0c651814d70ad17c2e90d981530850d,00000486_75a334c792535a13dd0bd88792f43a81,0.1464206725358963,0.9071406722068787,high_dino_low_clip
00000013_765106e741553b3ff1ea72f72ddcc49e,00000680_0ddc902007a01cf523859ec93357213e,0.08658422529697418,0.9254695773124695,high_dino_low_clip
00000193_2b41201436d67160ba42457a6daaa059,00000292_f0c651814d70ad17c2e90d981530850d,0.1464206725358963,0.9071406722068787,high_dino_low_clip
00000260_0b808e45b6aa86619ec0e6e29ba702b4,00000378_12e48e46c6ffdedd607b1920d46759d3,0.07295500487089157,0.9038317799568176,high_dino_low_clip
00000309_892e61f8ad0ba5f3e899144ea6a7282e,00000564_0ff61077c2d2b75da3184a86d6a5700d,0.06479763984680176,0.9024887084960938,high_dino_low_clip
00000040_aeae67f1b4714e80f983e20c66af206f,00001007_add9e014c76ade7d4b9f5628983f787b,0.07812786102294922,0.9102374315261841,high_dino_low_clip
00000249_953e35b8e793a8b4625e85dd75152048,00000653_8bd686b3393b65a12154e1712e8c5329,0.1370535045862198,0.9059029817581177,high_dino_low_clip
00000153_b52b20b2d5bd482852bafc9e90d7250b,00000755_149015cf6c3ae710a602aba9bb3695df,0.1057790145277977,0.9066652059555054,high_dino_low_clip
00000371_0d05ddc622b6ab89258ed62b317800e8,00000395_2074fb37e43a9d641342c03c86c84020,0.11748630553483963,0.9020142555236816,high_dino_low_clip
00000065_9d9708339cfbea5aaabc02b5f29c5e05,00000636_858e79804866ec41ccfa4fb25b6fb1e8,0.14433148503303528,0.9043891429901123,high_dino_low_clip
00000510_3169670070b39cf6ca03cfa9070c5d83,00000785_466eec8334fc425750f8092d11aad8ac,0.14592717587947845,0.9130927920341492,high_dino_low_clip
00000078_55f44f13384d076e1b6f37a27f4b99f1,00000654_bbefda14ff4781287ff1b35eb09a4bc0,0.14069588482379913,0.9090783596038818,high_dino_low_clip
00000400_e449287b2e308421fab16cc5e8cdacd8,00000654_bbefda14ff4781287ff1b35eb09a4bc0,0.11215201765298843,0.901974618434906,high_dino_low_clip
00000378_12e48e46c6ffdedd607b1920d46759d3,00000744_dd7a496f263f3d40ce9ae0d651bb65f3,0.06994512677192688,0.9018588662147522,high_dino_low_clip
00000628_3070e7446ff62e50406d60fed9eb2bf2,00000896_cf2df0e97e3bb5ec334fcc2d0f29956f,0.12040290236473083,0.9344736933708191,high_dino_low_clip
00000134_2936d345d7173941c83ba5f6e656c189,00000360_b4151007056d138efcab1bf9d9ab7d9f,0.14437854290008545,0.9004067182540894,high_dino_low_clip
00000309_892e61f8ad0ba5f3e899144ea6a7282e,00000585_2238cf88a62781d3e8478f6c4dfee4d9,0.0921730101108551,0.9021632671356201,high_dino_low_clip
00000040_aeae67f1b4714e80f983e20c66af206f,00000098_8b0b76da75138321fed66733ff513bc5,0.07812786102294922,0.9102374315261841,high_dino_low_clip
00000231_0b5fe228586864e74786e94d03378c75,00000411_5fd37183c2f8a460b5a4f4ed3ee65ebc,0.14981834590435028,0.9006327390670776,high_dino_low_clip
00000169_d914e5642aa820a51a8cf2f2dc82e431,00000198_737851e66e1a9a6b78f5af1a9bc394e1,0.1302672177553177,0.906430721282959,high_dino_low_clip
00000064_6ccfd36cd43958fe46d3287e3adadbd1,00000231_0b5fe228586864e74786e94d03378c75,0.14981834590435028,0.9006327390670776,high_dino_low_clip
00000555_13160f0d5d55261dd5c30aa9d81ea889,00000568_45f72c402786af05a932b8b013f3e86f,0.09792803972959518,0.9240296483039856,high_dino_low_clip
00000720_d2713e97a297020d62573760100f2fa7,00000761_87f77147ec8b9e19f8724a3447d8deab,0.11103908717632294,0.9033131003379822,high_dino_low_clip
00000160_5ef51ace673bf896826a44b1e5451ce2,00000761_87f77147ec8b9e19f8724a3447d8deab,0.12944640219211578,0.9125804901123047,high_dino_low_clip
00000568_45f72c402786af05a932b8b013f3e86f,00000699_c2390630100a4248a235c7965ae42dcc,0.09792803972959518,0.9240296483039856,high_dino_low_clip
00000154_3df340741dd009543424fbf0bb9ac35a,00000568_45f72c402786af05a932b8b013f3e86f,0.09792803972959518,0.9240296483039856,high_dino_low_clip
00000032_71b4228f9ab07c606c9ac0dc46fc30e4,00000515_7727a787902645d6ec67d2eb74420356,0.10927675664424896,0.9255057573318481,high_dino_low_clip
00000133_719f595b1062eaa7ec1edd7b050f4754,00000277_7b540ca223fe4d9a82a5e31ea474b5e2,0.12705592811107635,0.9077895879745483,high_dino_low_clip
00000400_8c76f8dcab82aaf13b859eb0b559c588,00000515_7727a787902645d6ec67d2eb74420356,0.12157251685857773,0.9200564026832581,high_dino_low_clip
00000000_c3fe01095ec3f984b4861483f3e50bf3,00000421_e62794e47916aba58b70109fa932f2be,0.0954173281788826,0.9076306223869324,high_dino_low_clip
00000032_71b4228f9ab07c606c9ac0dc46fc30e4,00000275_df1323a68ee77ae68e39b77541f33c8b,0.13324470818042755,0.9076302647590637,high_dino_low_clip
00000387_02a92a2f7639e751ac1a8898c64377cb,00000568_45f72c402786af05a932b8b013f3e86f,0.09792803972959518,0.9240296483039856,high_dino_low_clip
00000468_ffe054899d85d587c135c024fabb6140,00000568_45f72c402786af05a932b8b013f3e86f,0.09792803972959518,0.9240296483039856,high_dino_low_clip
00000406_37485f65270e9d5320677a37663e216b,00000619_4a892522440997a43ea1e02f210c91e7,0.13257569074630737,0.911521315574646,high_dino_low_clip
00000604_22ecf8fbcb6e1315a651795f598034f4,00000957_a42827158ea9de5325ed98006b27067d,0.1447303742170334,0.9038187265396118,high_dino_low_clip
00000416_cd4a5a19538ad11cb4f057c406d911e9,00001013_75c0d2890c194a537cbf2f9118a021c6,0.11775048822164536,0.9033324718475342,high_dino_low_clip
00000568_45f72c402786af05a932b8b013f3e86f,00000716_fdbe48e7f39c0e4b4979f3c0c3a8e0fa,0.09792803972959518,0.9240296483039856,high_dino_low_clip
00000568_45f72c402786af05a932b8b013f3e86f,00000940_fdadb9cb60e93f93d4c440e0cfdf8e4b,0.09792803972959518,0.9240296483039856,high_dino_low_clip
00000568_45f72c402786af05a932b8b013f3e86f,00000877_63259b8a6149d1ee2f5e224e81d0a3b6,0.09792803972959518,0.9240296483039856,high_dino_low_clip
00000111_8222030f2e135b58dbaae3b1c4ea31da,00000568_45f72c402786af05a932b8b013f3e86f,0.09792803972959518,0.9240296483039856,high_dino_low_clip
00000362_a193700d12d5dd2ebf5384257661b60e,00000761_87f77147ec8b9e19f8724a3447d8deab,0.08043970912694931,0.9028677344322205,high_dino_low_clip
00000861_d3d7c3806834ea544f7c041425d28715,00000943_bc6c977ad56591375534a580b6ec7b30,0.14879748225212097,0.9004313349723816,high_dino_low_clip
00000000_3fece8eb6367d5117ffce0f5e83496ff,00000119_2e8b9b0f76ff30350a01741d6cfae5e5,0.14236684143543243,0.9299837946891785,high_dino_low_clip
00000231_0b6b9b1f1fce3032f139c3c604abc6af,00000420_663e5a331b76a310f0afa5337ad3261f,0.09078425914049149,0.9267470240592957,high_dino_low_clip
00000394_4f1e97490f139aaddb6bbd4653cb63d7,00000420_663e5a331b76a310f0afa5337ad3261f,0.1131049320101738,0.9245872497558594,high_dino_low_clip
00000166_b09261afa906dba76bab9b7b5c57bc4e,00000602_1704f420469f8565f61f802ac2e0198c,0.11031468957662582,0.9054640531539917,high_dino_low_clip
00000101_2cab24e58e66b2a27c4c77031c7a6c8d,00001003_d539530d9d5745be9a403b11e6ac8c98,0.13703137636184692,0.9036908149719238,high_dino_low_clip
00000567_fd9eee0c34b4b5d6e9a3b84945a0a752,00000776_4929d36522df643623a0edd99828219f,0.8066204190254211,0.167295441031456,high_clip_low_dino
00000536_d22f15aaffdd455bb291df36a422e748,00000567_fd9eee0c34b4b5d6e9a3b84945a0a752,0.8060739040374756,0.15893509984016418,high_clip_low_dino
00000137_ac83d5b5f7850e63ffd5db8561229c86,00000783_23918dc8de4da5cbe13885b8fe062dde,0.8045765161514282,0.19767220318317413,high_clip_low_dino
00000554_0e7e265bd62c24110883cb7eaeaaa12a,00001005_5e82f382acad8fd7b31d3a2d9b9f1c37,0.8007787466049194,0.16179673373699188,high_clip_low_dino
00000409_064e65811430e503b525948cb9cae80d,00000904_bf00fbae321700630a14b5ff9ad1d6e8,0.8120511770248413,0.16151593625545502,high_clip_low_dino
00000821_1d23a1a737fe09fb190418de3fd9a7eb,00001006_cd4389a4920d6bc6fb857445f73fa048,0.8060413599014282,0.14662736654281616,high_clip_low_dino
00000402_037d62645c5de55f220c36c143828d7a,00001006_cd4389a4920d6bc6fb857445f73fa048,0.8146610856056213,0.16730843484401703,high_clip_low_dino
00000231_84fe811cd9a1fb517a2cd4c0fb1d5dd4,00000402_037d62645c5de55f220c36c143828d7a,0.8050930500030518,0.1998203694820404,high_clip_low_dino
00000788_09fc3961a1afdcbab651087025134d54,00000821_1d23a1a737fe09fb190418de3fd9a7eb,0.800671398639679,0.17379967868328094,high_clip_low_dino
00000402_037d62645c5de55f220c36c143828d7a,00000788_09fc3961a1afdcbab651087025134d54,0.8181802034378052,0.18800170719623566,high_clip_low_dino
00000169_6e67b709733e4a59ae372676fe8c24fd,00000771_5c2d581581d42a65c64f6298713fb72d,0.8143611550331116,0.18095874786376953,high_clip_low_dino
00000169_6e67b709733e4a59ae372676fe8c24fd,00000336_d59292bec690ff5c6d2f5cdb8a32a79b,0.8051380515098572,0.12877197563648224,high_clip_low_dino
00000336_d59292bec690ff5c6d2f5cdb8a32a79b,00000541_153610693b6f7111711fa53a4d36c75b,0.8094993233680725,0.09585019946098328,high_clip_low_dino
00000155_49099683dcb39f8c5b74212b9b0fcbe5,00000273_551f3e93b25517f192e85a811ea960ec,0.8137078881263733,0.14221283793449402,high_clip_low_dino
00000155_49099683dcb39f8c5b74212b9b0fcbe5,00000854_9228d90e231c46078b17cd4bba271d72,0.8094987273216248,0.0812077447772026,high_clip_low_dino
00000155_49099683dcb39f8c5b74212b9b0fcbe5,00000166_4c27c22480928e960b99837b1bfa27d2,0.8068941831588745,0.14520113170146942,high_clip_low_dino
00000088_754353ee0679448605520da32c585670,00000854_9228d90e231c46078b17cd4bba271d72,0.8023405075073242,0.12767133116722107,high_clip_low_dino
00000088_754353ee0679448605520da32c585670,00000166_4c27c22480928e960b99837b1bfa27d2,0.8073832988739014,0.1848045289516449,high_clip_low_dino
00000336_d59292bec690ff5c6d2f5cdb8a32a79b,00001012_079655b2df5776a17c4384b1b7a04f0b,0.8115472197532654,0.132210835814476,high_clip_low_dino
00000363_bd95a2ed550ac2dacbbf9ebf52608fd4,00000887_d1e2eb23a9bcf291f7ac995e12406f70,0.805995762348175,0.15536803007125854,high_clip_low_dino
00000341_b917ca99890f47eac78ce2e487c6d5a9,00000945_b553d559aaa35e8beb63327efc51ff97,0.8075025081634521,0.18328237533569336,high_clip_low_dino
00000336_d59292bec690ff5c6d2f5cdb8a32a79b,00000920_c5dc55a645d6553009ee4362fdcec09f,0.823506236076355,0.13297872245311737,high_clip_low_dino
00000086_06a2009ea4f2decbe5f4a728c615a023,00000862_c22a8c1cb9576108cc24c10ddabbc4f4,0.8238266706466675,0.19388046860694885,high_clip_low_dino
00000336_d59292bec690ff5c6d2f5cdb8a32a79b,00000913_2e09567b8e893a796321d9a32ee562f4,0.8046547770500183,0.13343098759651184,high_clip_low_dino
00000176_ba330fbe857c9c0e3bc179ed16baf1ae,00000969_7edca39462f669bfe7089dab1355dc7a,0.8236501812934875,0.1788208931684494,high_clip_low_dino
00000176_ba330fbe857c9c0e3bc179ed16baf1ae,00001016_d8c84cdbf44f7b421c14ee2d28fc9335,0.8016157746315002,0.19363899528980255,high_clip_low_dino
00000176_ba330fbe857c9c0e3bc179ed16baf1ae,00000787_924bee455d1e901ba3a25fe3a692a663,0.832548975944519,0.16671887040138245,high_clip_low_dino
00000123_8e24886a795da30d6d384e215ba03d20,00000466_1c8c037a30c584c6e9594eea256f7d46,0.8173766732215881,0.19993522763252258,high_clip_low_dino
00000176_ba330fbe857c9c0e3bc179ed16baf1ae,00000214_8c8e291fc6b65c57b7157c5a25241e32,0.832548975944519,0.16671887040138245,high_clip_low_dino
00000176_ba330fbe857c9c0e3bc179ed16baf1ae,00000514_2d5b6b0b723cc99f057da7455744bc19,0.8010217547416687,0.16934138536453247,high_clip_low_dino
00000613_b726effa044e56dfe1a64f09425d100d,00000762_b44593df998a6fcd30c7b8cd6dbed3e9,0.8021593689918518,0.12208876758813858,high_clip_low_dino
00000466_1c8c037a30c584c6e9594eea256f7d46,00000762_b44593df998a6fcd30c7b8cd6dbed3e9,0.8002899289131165,0.17351078987121582,high_clip_low_dino
00000342_0a8433377fa26213c2da788a16712b99,00000422_36ef225475e0b921c9876cd1bb4849a1,0.8368932604789734,0.19918309152126312,high_clip_low_dino
00000014_b2370b09f6e827aa69fd481bffa3b583,00000466_1c8c037a30c584c6e9594eea256f7d46,0.8109163641929626,0.18204882740974426,high_clip_low_dino
00000705_b15b2d63bcf03de6b62032759fd581fd,00000969_7edca39462f669bfe7089dab1355dc7a,0.8093324899673462,0.19307579100131989,high_clip_low_dino
00000071_bd53713401bd23191c082bcc7e72b34f,00000378_64efa1454251e19e1145b942239a08f2,0.8012984395027161,0.19978266954421997,high_clip_low_dino
00000228_a3bb3792757a1313af0b551399bd7e0a,00000378_64efa1454251e19e1145b942239a08f2,0.8119223713874817,0.17337952554225922,high_clip_low_dino
00000105_8de5796b2c7c561b6e5bea251a71a816,00000969_7edca39462f669bfe7089dab1355dc7a,0.8016245365142822,0.12767626345157623,high_clip_low_dino
00000399_b1aa9b736d5157ba0b451a8fec262d95,00000765_5ced958e85cee780076369ba66cca2f9,0.8136947154998779,0.1054912880063057,high_clip_low_dino
00000291_88c6cdced46312a12222d0930f3d94f6,00000480_ba5a49c8bcd5ceb78384144a9f9f2b59,0.8047259449958801,0.16887371242046356,high_clip_low_dino
00000480_ba5a49c8bcd5ceb78384144a9f9f2b59,00000828_20471b567830b7e69f3a37ce61a3a726,0.8060917854309082,0.17763076722621918,high_clip_low_dino
00000480_ba5a49c8bcd5ceb78384144a9f9f2b59,00000969_7edca39462f669bfe7089dab1355dc7a,0.8199150562286377,0.17296341061592102,high_clip_low_dino
00000148_e1911e9ace4d3ba1b0fe2c2fd63d71fb,00000994_0bbe33df8fc1c1bdacaddc6465bbed3f,0.8006119728088379,0.16782815754413605,high_clip_low_dino
00000040_4708e7a4b73896a52fe946513d460a11,00000148_e1911e9ace4d3ba1b0fe2c2fd63d71fb,0.8129008412361145,0.17380408942699432,high_clip_low_dino
00000575_e23f8d987b1c12bcf630adb3e0c82707,00000818_bfde9bc2c45bb2ce7d85428b882dbf5f,0.8065442442893982,0.11452411115169525,high_clip_low_dino
00000099_dd644b289f9b3230b342fce2da93322f,00000575_e23f8d987b1c12bcf630adb3e0c82707,0.8008378148078918,0.13698308169841766,high_clip_low_dino
00000575_e23f8d987b1c12bcf630adb3e0c82707,00000828_20471b567830b7e69f3a37ce61a3a726,0.8223215341567993,0.126191183924675,high_clip_low_dino
00000288_d5cc88b051d33d05797d604a25ff0e30,00000575_e23f8d987b1c12bcf630adb3e0c82707,0.8134509325027466,0.0900888442993164,high_clip_low_dino
00000306_d3151f0918dcc5c25cd84a99ee0d2586,00000575_e23f8d987b1c12bcf630adb3e0c82707,0.8094993233680725,0.09585019946098328,high_clip_low_dino
00000575_e23f8d987b1c12bcf630adb3e0c82707,00000989_447284d50275d62339743a8c1cb28b59,0.8162151575088501,0.1680060774087906,high_clip_low_dino
00000063_e5202531ba806b43bba1809250b6aa5d,00000575_e23f8d987b1c12bcf630adb3e0c82707,0.8135735392570496,0.13530197739601135,high_clip_low_dino
00000306_d3151f0918dcc5c25cd84a99ee0d2586,00000747_1ff83645785f4a16f8f3d554cf66d6a4,0.8027154803276062,0.088119737803936,high_clip_low_dino
00000063_e5202531ba806b43bba1809250b6aa5d,00000747_1ff83645785f4a16f8f3d554cf66d6a4,0.8084599375724792,0.12292900681495667,high_clip_low_dino
00000077_eb297c8ea700f57f35d0c115bdef4d63,00000994_0bbe33df8fc1c1bdacaddc6465bbed3f,0.8006920218467712,0.11527430266141891,high_clip_low_dino
00000110_e150c6379b73bd5d2e8241e58fe7b2e1,00000818_bfde9bc2c45bb2ce7d85428b882dbf5f,0.8285938501358032,0.17885561287403107,high_clip_low_dino
00000110_e150c6379b73bd5d2e8241e58fe7b2e1,00000955_ee6c322e5679ac089060a292e31bc702,0.8026636838912964,0.17338278889656067,high_clip_low_dino
00000099_dd644b289f9b3230b342fce2da93322f,00000110_e150c6379b73bd5d2e8241e58fe7b2e1,0.8105522394180298,0.15007226169109344,high_clip_low_dino
00000068_c75906e0e08f5682b5ff084fc3c7bca3,00000347_b6761097f7ca474cc11d45758dc31605,0.8111692070960999,0.18916794657707214,high_clip_low_dino
00000068_c75906e0e08f5682b5ff084fc3c7bca3,00000110_e150c6379b73bd5d2e8241e58fe7b2e1,0.8069398403167725,0.17247778177261353,high_clip_low_dino
00000110_e150c6379b73bd5d2e8241e58fe7b2e1,00000828_20471b567830b7e69f3a37ce61a3a726,0.8352892994880676,0.14569784700870514,high_clip_low_dino
00000110_e150c6379b73bd5d2e8241e58fe7b2e1,00000260_a5518d406663a9e18e946d2bbc810124,0.8120049834251404,0.18477687239646912,high_clip_low_dino
00000110_e150c6379b73bd5d2e8241e58fe7b2e1,00000288_d5cc88b051d33d05797d604a25ff0e30,0.8195861577987671,0.10930996388196945,high_clip_low_dino
00000306_d3151f0918dcc5c25cd84a99ee0d2586,00000347_b6761097f7ca474cc11d45758dc31605,0.8063461184501648,0.1512620598077774,high_clip_low_dino
00000110_e150c6379b73bd5d2e8241e58fe7b2e1,00000306_d3151f0918dcc5c25cd84a99ee0d2586,0.8397233486175537,0.1536593735218048,high_clip_low_dino
00000110_e150c6379b73bd5d2e8241e58fe7b2e1,00000247_9d00d74fb80239e4e64cea1101db4f6f,0.8102013468742371,0.16558746993541718,high_clip_low_dino
00000063_e5202531ba806b43bba1809250b6aa5d,00000347_b6761097f7ca474cc11d45758dc31605,0.8114665746688843,0.19079262018203735,high_clip_low_dino
00000110_e150c6379b73bd5d2e8241e58fe7b2e1,00000746_7696f8f57a6fdf407be3d6a314354e3e,0.8046819567680359,0.1848541796207428,high_clip_low_dino
00000110_e150c6379b73bd5d2e8241e58fe7b2e1,00000940_b0b25525f856277b3e3b96465f07d1ef,0.8061930537223816,0.14664888381958008,high_clip_low_dino
00000110_e150c6379b73bd5d2e8241e58fe7b2e1,00000989_447284d50275d62339743a8c1cb28b59,0.8348345756530762,0.17787326872348785,high_clip_low_dino
00000063_e5202531ba806b43bba1809250b6aa5d,00000110_e150c6379b73bd5d2e8241e58fe7b2e1,0.8350691795349121,0.18557092547416687,high_clip_low_dino
00000110_e150c6379b73bd5d2e8241e58fe7b2e1,00001020_bf9207263e8659f5ceaeee8479b255f5,0.8039318919181824,0.18058274686336517,high_clip_low_dino
00000096_eeac34b89588685339b5fd7dbdb16832,00000743_df0c50d52af5305430476c780e8a948e,0.8062310218811035,0.08106346428394318,high_clip_low_dino
00000606_54176a0690840d5ae367659aaa9803c2,00000994_0bbe33df8fc1c1bdacaddc6465bbed3f,0.8059062957763672,0.12871815264225006,high_clip_low_dino
00000040_4708e7a4b73896a52fe946513d460a11,00000606_54176a0690840d5ae367659aaa9803c2,0.8168481588363647,0.13881811499595642,high_clip_low_dino
00000641_f7daa678a49d585282b29c07d92e4004,00000818_bfde9bc2c45bb2ce7d85428b882dbf5f,0.8111311197280884,0.18655957281589508,high_clip_low_dino
00000068_c75906e0e08f5682b5ff084fc3c7bca3,00000641_f7daa678a49d585282b29c07d92e4004,0.8170076608657837,0.1905398666858673,high_clip_low_dino
00000641_f7daa678a49d585282b29c07d92e4004,00000828_20471b567830b7e69f3a37ce61a3a726,0.8127017021179199,0.1799316108226776,high_clip_low_dino
00000260_a5518d406663a9e18e946d2bbc810124,00000641_f7daa678a49d585282b29c07d92e4004,0.8024695515632629,0.192068949341774,high_clip_low_dino
00000306_d3151f0918dcc5c25cd84a99ee0d2586,00000641_f7daa678a49d585282b29c07d92e4004,0.8266957402229309,0.1649920642375946,high_clip_low_dino
00000040_4708e7a4b73896a52fe946513d460a11,00000734_83ce10a39b82b7a31091f0ac9042d97b,0.8079798817634583,0.14265954494476318,high_clip_low_dino
00000297_1daa93774dff327edf11dab794cf32f3,00000754_b177ffedb4c643d016ce9352a960858d,0.8003533482551575,0.12638725340366364,high_clip_low_dino
00000754_b177ffedb4c643d016ce9352a960858d,00000786_e775eefe2ad4eb2ee116b6e49d40ac96,0.809449315071106,0.1832755208015442,high_clip_low_dino
00000754_b177ffedb4c643d016ce9352a960858d,00000967_959fc4e1849096db17ecca29d8cfb205,0.8012035489082336,0.16241540014743805,high_clip_low_dino
00000792_b228d13830be404f697d10c95dc26fda,00001002_b59b09a25e37a446769d656be0b97323,0.8263294696807861,0.1613606959581375,high_clip_low_dino
00000788_09fc3961a1afdcbab651087025134d54,00001002_b59b09a25e37a446769d656be0b97323,0.8012713193893433,0.1788199245929718,high_clip_low_dino
00000049_b9a16b50a6fe8cc56f9512d2993bd701,00001002_b59b09a25e37a446769d656be0b97323,0.8056443929672241,0.15740789473056793,high_clip_low_dino
00000214_11526b019c5163668240a8c08e8ce0cc,00001002_b59b09a25e37a446769d656be0b97323,0.8246504068374634,0.1887291967868805,high_clip_low_dino
00000898_89e8d4ba751e5fd94eba3c52debbcb3a,00001002_b59b09a25e37a446769d656be0b97323,0.8010035157203674,0.1647997498512268,high_clip_low_dino
00000183_69c79d09fdb834ba6c5eb640a1a3e326,00001002_b59b09a25e37a446769d656be0b97323,0.8024906516075134,0.15626060962677002,high_clip_low_dino
00000945_79b70811250ab1a79a5954057de653a1,00001002_b59b09a25e37a446769d656be0b97323,0.808586835861206,0.14961938560009003,high_clip_low_dino
00000259_4dee1f7f9ef50e69b8854fb231c119f7,00000754_b177ffedb4c643d016ce9352a960858d,0.8080199360847473,0.16306337714195251,high_clip_low_dino
00000229_86428b98180cbc65fdc2801484526319,00000419_3a588ab604130a7163d44548422eb748,0.8105171322822571,0.19550779461860657,high_clip_low_dino
00000762_6a1790052ebcaa93ac7c184d07df7f40,00000845_f7ec122c2fdcb4b5a4baf97b724ee5ab,0.8034417033195496,0.17975132167339325,high_clip_low_dino
00000764_541c9fb7bc8c1deb96b250c836aeee72,00000845_f7ec122c2fdcb4b5a4baf97b724ee5ab,0.8034417033195496,0.17975132167339325,high_clip_low_dino
00000205_2c287292364a9366d30a645c20323bae,00000819_26df0da3ce0f986ac1743030cdf7d101,0.8003316521644592,0.13862966001033783,high_clip_low_dino
00000205_2c287292364a9366d30a645c20323bae,00000624_88586cf8f4210e1f2b5c617701b6b30e,0.8001952171325684,0.16297920048236847,high_clip_low_dino
00000205_2c287292364a9366d30a645c20323bae,00000971_b2c9d0289660c634d1ed8a55a11e97dc,0.8192117810249329,0.19872882962226868,high_clip_low_dino
00000205_2c287292364a9366d30a645c20323bae,00000902_ba7887be20d32670c936b9885f66f918,0.813619077205658,0.11349685490131378,high_clip_low_dino
00000021_2191d2991de008b188bbb2c45132a866,00000205_2c287292364a9366d30a645c20323bae,0.8050764203071594,0.1503140926361084,high_clip_low_dino
00000205_2c287292364a9366d30a645c20323bae,00000751_4f5a5462f56d029fd47bb25513c455ab,0.809230625629425,0.1338798999786377,high_clip_low_dino
00000073_67bd66bf5ca9caca66bab8a1676dd6ce,00000205_2c287292364a9366d30a645c20323bae,0.8020058274269104,0.18883927166461945,high_clip_low_dino
00000205_2c287292364a9366d30a645c20323bae,00000595_4168fb25fbd5c9ddd868fd5f4fdd401f,0.8006215691566467,0.18545711040496826,high_clip_low_dino
00000205_2c287292364a9366d30a645c20323bae,00000812_cc20ef611c8077a1ed27af074e7b200d,0.8001077175140381,0.14313659071922302,high_clip_low_dino
00000288_1f1ce69788dd7b68d4c799e77d14166f,00000295_c5f280d746e7a9463ee23aea5f76e32e,0.850832462310791,0.1519780158996582,high_clip_low_dino
00000390_1b7d36c1f3b2bcdc01a1a21825c3228c,00000553_884850b9f5650183c33b7af838695b9e,0.8054984211921692,0.1818101555109024,high_clip_low_dino
00000038_03ea66574b65a0e74326ef93082dc847,00000844_0df30e719633117bf67795fe5e92c8d0,0.8384138345718384,0.1323334276676178,high_clip_low_dino
00000135_656e9b0fffd74bdfa524c43a4c63016d,00000839_d132f3867550dade628eec94a307a150,0.8060314059257507,0.1488792449235916,high_clip_low_dino
00000297_1daa93774dff327edf11dab794cf32f3,00000972_02d5c657f1ced2cbea0693b2953b24cd,0.8006100058555603,0.15186969935894012,high_clip_low_dino
00000520_6629a59fa3d76a36eabea1fd8cbfe44c,00000972_02d5c657f1ced2cbea0693b2953b24cd,0.8044049739837646,0.1840352863073349,high_clip_low_dino
00000021_2191d2991de008b188bbb2c45132a866,00000402_037d62645c5de55f220c36c143828d7a,0.8144221305847168,0.18672698736190796,high_clip_low_dino
00000402_037d62645c5de55f220c36c143828d7a,00000470_b3253984e82ac6f865772d7c2ee402be,0.8140408396720886,0.1961207389831543,high_clip_low_dino
00000402_037d62645c5de55f220c36c143828d7a,00000839_d132f3867550dade628eec94a307a150,0.8096194863319397,0.16899943351745605,high_clip_low_dino
00000038_03ea66574b65a0e74326ef93082dc847,00000042_554f9d06c12a040a8dd12dcb78bf0b74,0.8132944703102112,0.11736176162958145,high_clip_low_dino
00000598_347f59b606496af5dfcf5d3542847330,00000968_d421336ec0633496aaba5b42fd0b5084,0.8035784363746643,0.1818595826625824,high_clip_low_dino
00000839_d132f3867550dade628eec94a307a150,00000968_d421336ec0633496aaba5b42fd0b5084,0.8184276223182678,0.185794860124588,high_clip_low_dino
00000278_31ec457af2ec095d14ab6cd87bf6eecd,00000938_a7e44140a6c1edf75bd1583ad654724e,0.809326708316803,0.11547564715147018,high_clip_low_dino
00000021_2191d2991de008b188bbb2c45132a866,00000754_b177ffedb4c643d016ce9352a960858d,0.8033176064491272,0.18531879782676697,high_clip_low_dino
00000754_b177ffedb4c643d016ce9352a960858d,00000839_d132f3867550dade628eec94a307a150,0.8027005195617676,0.16585128009319305,high_clip_low_dino
00000364_a7f6c9ead20aec9b893ea7f9b9987601,00000774_a111f85554ef33b09b348912a894f924,0.8172003030776978,0.16790249943733215,high_clip_low_dino
00000364_a7f6c9ead20aec9b893ea7f9b9987601,00000435_aabca18af2bd98d0c00474ee7ff02767,0.8045439124107361,0.1896355152130127,high_clip_low_dino
00000049_e65bc7304ed7905d0c467570a406e570,00000364_a7f6c9ead20aec9b893ea7f9b9987601,0.8104872703552246,0.19012415409088135,high_clip_low_dino
00000067_e69d121a8f4c3980555dea625e5d8f76,00000855_f5abc0548c6730bae58da39769b874a9,0.8100543022155762,0.17133207619190216,high_clip_low_dino
00000049_e65bc7304ed7905d0c467570a406e570,00000316_8074c8f1054cc8f6487af140d26ffba5,0.8064178228378296,0.18620239198207855,high_clip_low_dino
00000409_064e65811430e503b525948cb9cae80d,00000967_0cc241e6600c9069ca3f68bad0049c39,0.8204066753387451,0.0963725596666336,high_clip_low_dino
00000595_b05ded62d8813c51644f11ab63a07a4c,00000967_0cc241e6600c9069ca3f68bad0049c39,0.8105648159980774,0.17957845330238342,high_clip_low_dino
00000835_79dc77783b8d7123e45cb4caf8ee3719,00000967_0cc241e6600c9069ca3f68bad0049c39,0.8051481246948242,0.18404074013233185,high_clip_low_dino
00000234_cec8bf57a211bdd8a45d10e2a70185c3,00000558_b2d090f501d2aa2b18452a1ff1690c2e,0.8005702495574951,0.15439696609973907,high_clip_low_dino
00000214_11526b019c5163668240a8c08e8ce0cc,00000967_0cc241e6600c9069ca3f68bad0049c39,0.816867470741272,0.12970714271068573,high_clip_low_dino
00000249_d7e071574433de2e80171f8e6a87a5fb,00000370_e21e8899bb33245fa403fcf89367cebc,0.8020119071006775,0.19382894039154053,high_clip_low_dino
00000178_f272e48363f57398d0a06db82d0baee1,00000870_16a7ed494c42ef24c8f12ce8b9753733,0.8171172738075256,0.17740295827388763,high_clip_low_dino
00000178_f272e48363f57398d0a06db82d0baee1,00000591_aad8a6e35f1aa9e35c8163e4d517e53a,0.8099267482757568,0.18401220440864563,high_clip_low_dino
00000178_f272e48363f57398d0a06db82d0baee1,00000263_114e6ebc3addebe4eba488d1bc1c971d,0.8340235352516174,0.19100910425186157,high_clip_low_dino
00000218_649110b069496f1a63a391eb333f8715,00000422_95b10123816488cd0138d012b4cf209b,0.8227584958076477,0.1727534979581833,high_clip_low_dino
00000290_d5cec033d679da461d35664d783af494,00000422_95b10123816488cd0138d012b4cf209b,0.8220704197883606,0.0928473174571991,high_clip_low_dino
00000422_95b10123816488cd0138d012b4cf209b,00000711_a519f04219866d3edd06c12d79033d7b,0.8027476072311401,0.08369041979312897,high_clip_low_dino
00000105_2f8076c3a8160d74f48b54f2711ef3b7,00000178_f272e48363f57398d0a06db82d0baee1,0.8171172738075256,0.17740295827388763,high_clip_low_dino
00000117_07688b421dba72cad46d103e3c664cba,00000178_f272e48363f57398d0a06db82d0baee1,0.8026815056800842,0.1680905520915985,high_clip_low_dino
00000127_aad032b87722b66397adb3b47f898f11,00000178_f272e48363f57398d0a06db82d0baee1,0.8099267482757568,0.18401220440864563,high_clip_low_dino
00000117_07688b421dba72cad46d103e3c664cba,00000150_625b2a179ab7fbca61121b632b9984eb,0.8011323809623718,0.19769835472106934,high_clip_low_dino
00000092_67f7b306b4e844689d73a1f9112ffc8c,00000216_bcc534435c5506d6d16bb51064c47ac7,0.8003102540969849,0.18951311707496643,high_clip_low_dino
00000039_ca86ba0a06c83597fd86fe015d734f9e,00000092_67f7b306b4e844689d73a1f9112ffc8c,0.8014548420906067,0.14598914980888367,high_clip_low_dino
00000099_a63335c5ffa6415aa5cc9f52f675c3d3,00000588_4aeaaf74b9f980ddfd75a35d444e8c03,0.8007872700691223,0.19126391410827637,high_clip_low_dino
00000099_a63335c5ffa6415aa5cc9f52f675c3d3,00000156_200244f3679b5535ac7c25e7ae63005d,0.8275154232978821,0.16518044471740723,high_clip_low_dino
00000092_67f7b306b4e844689d73a1f9112ffc8c,00000108_86f1b0b0124da7df7a9b8a115563e350,0.801718533039093,0.13620151579380035,high_clip_low_dino
00000092_67f7b306b4e844689d73a1f9112ffc8c,00000871_042bfa96b9767d74bb16a21af1e45106,0.8023009300231934,0.16328996419906616,high_clip_low_dino
00000848_922abf9eeab9b926cd43e759212b0aed,00000898_89e8d4ba751e5fd94eba3c52debbcb3a,0.801954448223114,0.14268235862255096,high_clip_low_dino
00000240_69725787314a13e2829efea7cd688a78,00000512_0c30ffd1075ad018ef22b200913c4dce,0.8092705607414246,0.16892623901367188,high_clip_low_dino
00000512_70ff0fbb6f2d6ef3188b8df4622c3ac2,00000645_b6d0f5c864575b791c5480659b7f9175,0.8053498864173889,0.14882256090641022,high_clip_low_dino
00000744_9ee44e6fdb8195e4c6d6f697299170ad,00000817_578ac52c74a2bd7430347c080e7ff8c6,0.8004150986671448,0.19859348237514496,high_clip_low_dino
00000331_21173ed9cb42b0ecc0096b14561ecedf,00000378_64efa1454251e19e1145b942239a08f2,0.8141690492630005,0.15654826164245605,high_clip_low_dino
00000378_64efa1454251e19e1145b942239a08f2,00000541_153610693b6f7111711fa53a4d36c75b,0.8093100190162659,0.10273786634206772,high_clip_low_dino
00000331_21173ed9cb42b0ecc0096b14561ecedf,00000967_0cc241e6600c9069ca3f68bad0049c39,0.8076095581054688,0.17152220010757446,high_clip_low_dino
00000541_153610693b6f7111711fa53a4d36c75b,00000967_0cc241e6600c9069ca3f68bad0049c39,0.8060182332992554,0.10803533345460892,high_clip_low_dino
00000814_b92e4aa95fed80bde9e35f9a23d66835,00000967_0cc241e6600c9069ca3f68bad0049c39,0.8213960528373718,0.0986834242939949,high_clip_low_dino
00000672_03b9839efefa181962f9934f2e56fd5c,00000775_d5b6e6aebc3212107eb644a82654db43,0.802215576171875,2.0023520846734755e-05,high_clip_low_dino
00000329_bbd80d75590d223ce0695e5c38d807ce,00000363_bd95a2ed550ac2dacbbf9ebf52608fd4,0.8299004435539246,0.16201883554458618,high_clip_low_dino
00000265_c6d4cbc269bc486f52a7d5f2acf52cc1,00000399_b1aa9b736d5157ba0b451a8fec262d95,0.8188992142677307,0.17383240163326263,high_clip_low_dino
00000068_fedcd7d4cc13cc9618de25e117395eda,00000729_d2467ccde33e1098f59b8217e7e5a0e2,0.8045053482055664,0.1591629981994629,high_clip_low_dino
00000364_a7f6c9ead20aec9b893ea7f9b9987601,00000704_cf099d948f9b1bb9f3ec6123b8783a59,0.8118027448654175,0.17806008458137512,high_clip_low_dino
00000176_27b83f56581f735b84a56d591cb6cfad,00000704_cf099d948f9b1bb9f3ec6123b8783a59,0.8123220801353455,0.1727142035961151,high_clip_low_dino
00000510_42fc03f10431fc090203b41ec8b497c5,00000704_cf099d948f9b1bb9f3ec6123b8783a59,0.8113567233085632,0.19581900537014008,high_clip_low_dino
00000171_bbc9e09d01f88a26c3356802be7a66e4,00000434_d523379f010fd5ee69610bd0ff68bbc4,0.8097484707832336,0.18704062700271606,high_clip_low_dino
00000476_fa2cd51cfce10dc512b4529f4a2496c8,00000897_e83a7f822a4fea37f97d8efc5f2c21b4,0.8147051930427551,0.11479648947715759,high_clip_low_dino
00000897_e83a7f822a4fea37f97d8efc5f2c21b4,00001014_f4f7135d04524569654cca2be86663d8,0.8023843169212341,0.09883038699626923,high_clip_low_dino
00000545_bf098d2cb528053b01fc3fecfe6473cb,00000724_bcd2258e729a6602c3228f1383a123f2,0.8002007007598877,0.19362445175647736,high_clip_low_dino
00000538_be1fedc08d7a5032877724e17527668e,00000998_468c94895b70d87fdd426a229fe5aa81,0.8068941831588745,0.14520113170146942,high_clip_low_dino
00000205_2c287292364a9366d30a645c20323bae,00000301_5fa6f6f55a6c779100b8d81a230bf6f2,0.8047595620155334,0.06364237517118454,high_clip_low_dino
00000205_2c287292364a9366d30a645c20323bae,00000846_1635c5bdb3dca2748f0c5c90071cf2bf,0.812805712223053,0.1606607437133789,high_clip_low_dino
00000024_56a0ab19ad2bb3db410c91d0764c8781,00000205_2c287292364a9366d30a645c20323bae,0.8016629815101624,0.16742317378520966,high_clip_low_dino
00000538_be1fedc08d7a5032877724e17527668e,00000833_f071ea94f9f277ecb026a08acf027718,0.8200711011886597,0.1330583691596985,high_clip_low_dino
00000205_2c287292364a9366d30a645c20323bae,00000833_f071ea94f9f277ecb026a08acf027718,0.8048194646835327,0.13067404925823212,high_clip_low_dino
00000138_eed4fc0d39d0c18be22cc8980340d980,00000820_fa9f5c8c1ad8d6e0be6a9ea691844eaa,0.8034006357192993,0.17460289597511292,high_clip_low_dino
00000138_eed4fc0d39d0c18be22cc8980340d980,00000273_8edf005f9fec290bd91023fe9249f89f,0.8058988451957703,0.1917751133441925,high_clip_low_dino
00000321_a8764905bbf15e7a59c1ed6b55e07d48,00000791_066bf4e52e8f44041c7c194e3f75ea02,0.8107582330703735,0.15791206061840057,high_clip_low_dino
00000791_066bf4e52e8f44041c7c194e3f75ea02,00000828_20471b567830b7e69f3a37ce61a3a726,0.8019624352455139,0.18669547140598297,high_clip_low_dino
00000453_7bb713d8a1e4a4bdab2c98f6e0b6f851,00000643_7ebb9f43bb6825535e6e33063414ed4c,0.8153737187385559,0.05645246431231499,high_clip_low_dino
00000184_046f01655ac68158d20395be2528bdca,00000577_565bef79ac01c3ed2a1868f9a52e77f6,0.8074058294296265,0.19012229144573212,high_clip_low_dino
00000290_60c2e09a88e0ddb7dd75dbdbb7cd0c32,00000951_4e17c8bf74433b5ad345cc644a346721,0.808721125125885,0.19053572416305542,high_clip_low_dino
00000343_6ec879ed6fa17d1294d895c39afec8b9,00000392_ba8dc0a98b8b64cc1a5d93d41208488b,0.808048665523529,0.16236263513565063,high_clip_low_dino
00000139_dc19d9979dbfd78f1aaa33fd538eb9c2,00000228_a3bb3792757a1313af0b551399bd7e0a,0.8027206063270569,0.1849239021539688,high_clip_low_dino
00000343_6ec879ed6fa17d1294d895c39afec8b9,00000376_1a2e50f8d62934e9f3456c42ca0e2d8e,0.8051217198371887,0.14208132028579712,high_clip_low_dino
00000063_e5202531ba806b43bba1809250b6aa5d,00000855_f5abc0548c6730bae58da39769b874a9,0.8098764419555664,0.18432381749153137,high_clip_low_dino
00000871_82439a5e71f5b3ec79abcef3df93717d,00000881_4e47049852f57bbe6c9a1ff40a5e9962,0.8047276139259338,0.14647705852985382,high_clip_low_dino
00000135_1fe4e9fadeca2016f1abff173887f178,00000582_d321b77ff7cdb6272858716477564bb0,0.8231374621391296,0.17937961220741272,high_clip_low_dino
00000135_1fe4e9fadeca2016f1abff173887f178,00000772_f52850aa05a2dcfb15734fa2250fa0c0,0.8057901263237,0.19312529265880585,high_clip_low_dino
00000805_b76ece058add7d98e2c878de9a34f1b5,00000918_69d850564f96a06433ed2e7bee6ffeeb,0.8211378455162048,0.16542136669158936,high_clip_low_dino
00000063_e5202531ba806b43bba1809250b6aa5d,00000805_b76ece058add7d98e2c878de9a34f1b5,0.8184861540794373,0.14043772220611572,high_clip_low_dino
00000135_1fe4e9fadeca2016f1abff173887f178,00000432_8394463d0b78ce6bfa073e70b41460bf,0.8078023195266724,0.18402937054634094,high_clip_low_dino
00000063_e5202531ba806b43bba1809250b6aa5d,00000377_e24da0396e8cb43cd7e85bec28fa95b2,0.8203961849212646,0.17953678965568542,high_clip_low_dino
00000049_0e68accafc8f9f0bd1a057fe33ebdd3e,00000537_6f2a9f091ee1a11695fb8c14078a88bb,0.8046215176582336,0.16054849326610565,high_clip_low_dino
00000049_0e68accafc8f9f0bd1a057fe33ebdd3e,00000999_d5ce1a26652d80c6e19aa03380d23bc3,0.8046215176582336,0.16054849326610565,high_clip_low_dino
00000600_432426af880bb5afa9489cc86b8962b2,00000741_4e978965fdb39e6af1d2b2d179a16124,0.8032139539718628,0.18690302968025208,high_clip_low_dino
00000600_432426af880bb5afa9489cc86b8962b2,00000837_f02b9dd1d52564be45d102403b611112,0.8068647384643555,0.19873973727226257,high_clip_low_dino
00000600_432426af880bb5afa9489cc86b8962b2,00000906_2637138733d393d3b7c30f4c5ebf6f71,0.8073649406433105,0.15058015286922455,high_clip_low_dino
00000357_ac0cf2c66ef6201f0da566207b725c88,00000906_2637138733d393d3b7c30f4c5ebf6f71,0.8078789114952087,0.06007133424282074,high_clip_low_dino
00000600_432426af880bb5afa9489cc86b8962b2,00001006_0ae301b40ba5ded6f68e8b3d0bebe28c,0.8035536408424377,0.1768520176410675,high_clip_low_dino
00000537_6f2a9f091ee1a11695fb8c14078a88bb,00000807_7461ecd59ee8b38c9efe282300e5cdae,0.8071014285087585,0.15458278357982635,high_clip_low_dino
00000184_1014930e87b07394b6e0f9760b75fa23,00000397_6b318eb7c2e37223536255a2b0b95512,0.8070473670959473,0.1700638234615326,high_clip_low_dino
00000807_7461ecd59ee8b38c9efe282300e5cdae,00000999_d5ce1a26652d80c6e19aa03380d23bc3,0.8071014285087585,0.15458278357982635,high_clip_low_dino
00000113_fd5ce7f19e92fac365153f074eb002e9,00000537_6f2a9f091ee1a11695fb8c14078a88bb,0.8043790459632874,0.16070330142974854,high_clip_low_dino
00000113_fd5ce7f19e92fac365153f074eb002e9,00000999_d5ce1a26652d80c6e19aa03380d23bc3,0.8043790459632874,0.16070330142974854,high_clip_low_dino
00000385_8d3d5ee1b0cd6968a56f60b2c7def08b,00000774_a111f85554ef33b09b348912a894f924,0.8081502318382263,0.1898152381181717,high_clip_low_dino
00000774_a111f85554ef33b09b348912a894f924,00000906_2637138733d393d3b7c30f4c5ebf6f71,0.8139147162437439,0.12912896275520325,high_clip_low_dino
00000229_c3d1a560bb7360a8e904a99b19859d8c,00000906_2637138733d393d3b7c30f4c5ebf6f71,0.8001026511192322,0.15161317586898804,high_clip_low_dino
00000532_4be129b0ee972f71be3bdc47aa127949,00000906_2637138733d393d3b7c30f4c5ebf6f71,0.8143611550331116,0.18095874786376953,high_clip_low_dino
00000337_1d798736b0b23b03a8fce982a6879ecc,00000787_0821f97830f398bc620c63b1dea883b5,0.8012598752975464,0.15980492532253265,high_clip_low_dino
00000134_a8706c3d3f247e79b757003da300ae20,00000337_1d798736b0b23b03a8fce982a6879ecc,0.8024657368659973,0.1376725435256958,high_clip_low_dino
00000117_07688b421dba72cad46d103e3c664cba,00000917_665555fb388fec4711ec2d0f7a94960a,0.8025099039077759,0.1923723965883255,high_clip_low_dino
00000443_42ce55fee8bb6a33d74534f4e6dcc4a4,00000917_665555fb388fec4711ec2d0f7a94960a,0.8005806803703308,0.10839925706386566,high_clip_low_dino
00000917_665555fb388fec4711ec2d0f7a94960a,00000936_dbc992e0173cebb179a5c27fca83ace4,0.8027045726776123,0.09848924726247787,high_clip_low_dino
00000134_a8706c3d3f247e79b757003da300ae20,00001012_079655b2df5776a17c4384b1b7a04f0b,0.8082846403121948,0.18387548625469208,high_clip_low_dino
00000128_682cef3475807b7d695cbb960df912d1,00000766_11825001487980fc9990668c7abd6ad4,0.8187993764877319,0.17144928872585297,high_clip_low_dino
00000056_5224f4220ddfe70ebe0d3349b7ade44c,00000329_8d5c13f116d8004c3f5676cd61912fc3,0.8065270185470581,0.18416759371757507,high_clip_low_dino
00000329_8d5c13f116d8004c3f5676cd61912fc3,00001001_9d60ffbf0eef018ce52f12ebc9846adb,0.8084837794303894,0.16251307725906372,high_clip_low_dino
00000329_8d5c13f116d8004c3f5676cd61912fc3,00000739_3848246fbbdc1bf6fdfd75d6379853f6,0.8157740831375122,0.1708749532699585,high_clip_low_dino
00000505_b3414634c4ff933a43e2dcc58218c704,00000614_2a2385648c9db5f799a2e08373ac5946,0.8015967607498169,0.16394184529781342,high_clip_low_dino
00000329_8d5c13f116d8004c3f5676cd61912fc3,00000777_a4239ba04eb5a7d5752de18586819adc,0.8017265200614929,0.18575480580329895,high_clip_low_dino
00000505_b3414634c4ff933a43e2dcc58218c704,00000788_815713f8b7c1197c0c874e1bb828273c,0.8089705109596252,0.19760861992835999,high_clip_low_dino
00000505_b3414634c4ff933a43e2dcc58218c704,00000650_4bffe9cf3df22375ba6f9a08c1532657,0.8089705109596252,0.19760861992835999,high_clip_low_dino
00000175_d87ec38c42551337d2b73ce768e3acad,00000329_8d5c13f116d8004c3f5676cd61912fc3,0.8145837187767029,0.15092667937278748,high_clip_low_dino
00000033_daf39db1396177a8c1f295fa72e55b2e,00000329_8d5c13f116d8004c3f5676cd61912fc3,0.8241093158721924,0.1563720852136612,high_clip_low_dino
00000332_fcc16de1ef7757acfee97f5497f6eb3a,00000793_59b116ddf53a13c650c5cde9667c770b,0.8129010796546936,0.1194620132446289,high_clip_low_dino
00000329_8d5c13f116d8004c3f5676cd61912fc3,00000725_89a70bc2c9227ca7af38f8ca56934bce,0.8012748956680298,0.17261123657226562,high_clip_low_dino
00000505_b3414634c4ff933a43e2dcc58218c704,00000637_4b05b8b4db3c338d73ba9311cd29609b,0.8089705109596252,0.19760861992835999,high_clip_low_dino
00000091_9e493157a9bdef15d2c9e2d422049b30,00001012_079655b2df5776a17c4384b1b7a04f0b,0.8086574673652649,0.1840398907661438,high_clip_low_dino
00000497_0e801dc0dc9db50d95af422b886f907f,00000891_592eee2f19b73d3d3c66ec3fccdcd8ab,0.8002211451530457,0.15895676612854004,high_clip_low_dino
00000358_c262c58120440db5bfd2ef2cc6f661f0,00000909_9b1e034dc9d2f4debf99b76044cf3c96,0.8068829774856567,0.18612201511859894,high_clip_low_dino
00000309_26b466fe1026270e72f4144479f2b977,00000671_30a2b73ce516d709bd7f614570be69f3,0.8179934620857239,0.1463812291622162,high_clip_low_dino
00000671_30a2b73ce516d709bd7f614570be69f3,00001012_079655b2df5776a17c4384b1b7a04f0b,0.8155117630958557,0.149845153093338,high_clip_low_dino
00000135_656e9b0fffd74bdfa524c43a4c63016d,00000807_35595b7cb1ddc3aa64e5f4a9cee7d786,0.8020620942115784,0.15982264280319214,high_clip_low_dino
00000079_118ca46cb78718a0c8f8cd975153a8ce,00000671_30a2b73ce516d709bd7f614570be69f3,0.8038343191146851,0.14939932525157928,high_clip_low_dino
00000386_f45e3570ae192c18fa0a47b0a6e4ec2b,00000671_30a2b73ce516d709bd7f614570be69f3,0.8005006313323975,0.1064944714307785,high_clip_low_dino
00000671_30a2b73ce516d709bd7f614570be69f3,00000918_69d850564f96a06433ed2e7bee6ffeeb,0.8295348882675171,0.15592427551746368,high_clip_low_dino
00000330_7c33bdd9d884a6542c9dbc0349f92d9e,00000623_69988e2fad07c402304c46a2eb8df569,0.8042260408401489,0.1972872018814087,high_clip_low_dino
00000766_11825001487980fc9990668c7abd6ad4,00000891_592eee2f19b73d3d3c66ec3fccdcd8ab,0.8191791772842407,0.1253742277622223,high_clip_low_dino
00000386_f45e3570ae192c18fa0a47b0a6e4ec2b,00000387_210e9b3c8786aff81573d3798e0a78d0,0.8059304356575012,0.1992189586162567,high_clip_low_dino
00000012_6bd20c440c6ce9a1ce16f9b06272962a,00000557_937a47bf24b41e9bb361431646054ee2,0.8259665966033936,0.19349759817123413,high_clip_low_dino
00000124_b10c1821eacba5990b1dd76f0d1e1ff1,00000277_06713737264e5a9489cea9b98ed54174,0.8239381909370422,0.17666105926036835,high_clip_low_dino
00000345_c4083b43066426adfb6bf4d78b597306,00000735_3e09a866a05877bff134f0ba66a8cd69,0.8054906129837036,0.17493386566638947,high_clip_low_dino
00000297_ffb5a4fd9a6e49b92e78ed5ea249076a,00000321_a8764905bbf15e7a59c1ed6b55e07d48,0.8024794459342957,0.151509627699852,high_clip_low_dino
00000184_046f01655ac68158d20395be2528bdca,00000277_06713737264e5a9489cea9b98ed54174,0.8074058294296265,0.19012229144573212,high_clip_low_dino
00000644_5ab5550641c89877532966aa6101d394,00000994_0bbe33df8fc1c1bdacaddc6465bbed3f,0.8207805752754211,0.16375628113746643,high_clip_low_dino
00000345_7101047e3cfd389e1063cd991f7197a1,00000994_0bbe33df8fc1c1bdacaddc6465bbed3f,0.8046839833259583,0.14072246849536896,high_clip_low_dino
00000543_5379829d5297ffb7444bf01356c3490c,00000827_64b4b58dda70bc5def05a6c85a9cbcbb,0.8173376321792603,0.19906894862651825,high_clip_low_dino
00000092_37d9c4768eba8586ae5f535c62407dc5,00000715_5b53a41f08acae38e9956db52f8adb9a,0.822443425655365,0.183379665017128,high_clip_low_dino
00000613_b726effa044e56dfe1a64f09425d100d,00000672_a17558d2a63eac574b91ee8b9d3c5e63,0.8025602102279663,0.1765691190958023,high_clip_low_dino
00000410_a8e539afb965586cdf9a657e05f6c4da,00000984_7842ac3c4b93735240d83456560516ce,0.8041983246803284,0.19202935695648193,high_clip_low_dino
00000746_e6a927b31f0000ee79dcbe552c406335,00000783_a8099caa340fb528f74463ee1eded665,0.8075853586196899,0.14895322918891907,high_clip_low_dino
00000092_37d9c4768eba8586ae5f535c62407dc5,00000416_e69922cab21b22b75d53c1388eae42a5,0.8124499917030334,0.16563138365745544,high_clip_low_dino
00000678_48f0bc63aa0eae0b69b941753c070488,00000724_bcd2258e729a6602c3228f1383a123f2,0.8107582330703735,0.15791206061840057,high_clip_low_dino
00000092_37d9c4768eba8586ae5f535c62407dc5,00000678_48f0bc63aa0eae0b69b941753c070488,0.8120991587638855,0.1750180423259735,high_clip_low_dino
00000594_110e0631bdc0cca6d2fbed31237dd24d,00000783_a8099caa340fb528f74463ee1eded665,0.8001505732536316,0.13823336362838745,high_clip_low_dino
00000410_a8e539afb965586cdf9a657e05f6c4da,00000443_42ce55fee8bb6a33d74534f4e6dcc4a4,0.8115317225456238,0.1640835404396057,high_clip_low_dino
00000443_42ce55fee8bb6a33d74534f4e6dcc4a4,00000613_b726effa044e56dfe1a64f09425d100d,0.8037039637565613,0.125625878572464,high_clip_low_dino
00000443_42ce55fee8bb6a33d74534f4e6dcc4a4,00000783_a8099caa340fb528f74463ee1eded665,0.8120224475860596,0.13712866604328156,high_clip_low_dino
00000469_ee22066364ea0f37cedd9b4c4faebf76,00001000_7e15ed99f2f750893db79b828d9bb914,0.800793468952179,0.18420110642910004,high_clip_low_dino
00000094_0e72f203e8bd107e6d5727764a01b7ed,00001000_7e15ed99f2f750893db79b828d9bb914,0.8429371118545532,0.17469041049480438,high_clip_low_dino
00000094_0e72f203e8bd107e6d5727764a01b7ed,00000473_a14106740f60e7bd69318c601920cdeb,0.8106232285499573,0.19435782730579376,high_clip_low_dino
00000094_0e72f203e8bd107e6d5727764a01b7ed,00000775_d5b6e6aebc3212107eb644a82654db43,0.8014143705368042,0.1619468480348587,high_clip_low_dino
00000792_67aa8a5afb3f811a3af947c47d9fd2b8,00001000_7e15ed99f2f750893db79b828d9bb914,0.8220890164375305,0.1854637712240219,high_clip_low_dino
00000646_9c280dbdfb3f08412fa345b7c186b89d,00000904_573cee2d8ba12c86f71ca27049a1faa0,0.8294080495834351,0.1474374532699585,high_clip_low_dino
00000792_b228d13830be404f697d10c95dc26fda,00001000_7e15ed99f2f750893db79b828d9bb914,0.8073649406433105,0.15058015286922455,high_clip_low_dino
00000039_1d9da6395c7b61f694ff78cc2634f574,00000417_e7d8ea0e4ddb0efa20e366b2de43ef1c,0.8069018721580505,0.0671476274728775,high_clip_low_dino
00000766_671f6c4a8493f19b1443c4818354156d,00001000_7e15ed99f2f750893db79b828d9bb914,0.8083558082580566,0.1727747768163681,high_clip_low_dino
00000504_ae18174ad997a143663c78c53117691a,00000920_befacb05999b0a68785788cefd5aeb46,0.8095760345458984,0.180913046002388,high_clip_low_dino
00000000_123b039ca68622c4c4641ea7ac66bbbc,00000397_6b318eb7c2e37223536255a2b0b95512,0.809404730796814,0.150762140750885,high_clip_low_dino
00000200_e460bcc3bb79a8a9089ab11f7fae6d18,00000293_21514da948d549b2931ed98d7d933b00,0.8055760860443115,0.12596403062343597,high_clip_low_dino
00000028_22b5d28f20a125dd460dd75c952c87ed,00000120_b73cd21d03d1a63c63d3a2a029610b1e,0.8049156069755554,0.1499461680650711,high_clip_low_dino
00000133_ed84070b39477e0bc44571ddc20b0b3e,00000337_b7115933a772653fa0bdbfe0b01de2d2,0.8018802404403687,0.19490495324134827,high_clip_low_dino
00000054_7edb45e3e204c94493eb07d5184313fa,00000337_b7115933a772653fa0bdbfe0b01de2d2,0.8382670879364014,0.1396004855632782,high_clip_low_dino
00000342_e1e650ff42965eb6dcd579494150775d,00000822_6874ea2fb33a833c94143adf78bd713e,0.8023288249969482,0.19078736007213593,high_clip_low_dino
00000231_84fe811cd9a1fb517a2cd4c0fb1d5dd4,00000337_b7115933a772653fa0bdbfe0b01de2d2,0.8110962510108948,0.17949628829956055,high_clip_low_dino
00000337_b7115933a772653fa0bdbfe0b01de2d2,00000671_c0b78fa8c15d15f6b81ab3a7894b8211,0.8061094284057617,0.18252895772457123,high_clip_low_dino
00000337_b7115933a772653fa0bdbfe0b01de2d2,00000819_26df0da3ce0f986ac1743030cdf7d101,0.8230272531509399,0.15932674705982208,high_clip_low_dino
00000578_4a84cc6c37c0e4598b548375ed26eac2,00000612_c0d26f2f7b25a6410509c9e45b227c9e,0.8056318759918213,0.1948222815990448,high_clip_low_dino
00000229_c3d1a560bb7360a8e904a99b19859d8c,00000792_b228d13830be404f697d10c95dc26fda,0.8001026511192322,0.15161317586898804,high_clip_low_dino
00000377_137573187bff5fd65482b0db9ba0548d,00000612_c0d26f2f7b25a6410509c9e45b227c9e,0.8063902854919434,0.19568008184432983,high_clip_low_dino
00000506_f737cd0edaf863cbd07db886df5b0cae,00000989_447284d50275d62339743a8c1cb28b59,0.8149769306182861,0.1637832671403885,high_clip_low_dino
00000578_4a84cc6c37c0e4598b548375ed26eac2,00000931_dd5a463505a026ea5a36a2875db74d38,0.8114467263221741,0.18837647140026093,high_clip_low_dino
00000169_0c17272614d74c212eef455c54bdb2fc,00000710_804aaf5b967c43c42e870b06262f5c6d,0.8268455266952515,0.19445212185382843,high_clip_low_dino
00000028_22b5d28f20a125dd460dd75c952c87ed,00000514_999f7a2727deb2180a5fa52d6b13ef6c,0.8176205158233643,0.19571876525878906,high_clip_low_dino
00000137_4f3cd26ab4330c37bf068280f090abc4,00000514_999f7a2727deb2180a5fa52d6b13ef6c,0.8044657111167908,0.14533324539661407,high_clip_low_dino
00000229_c3d1a560bb7360a8e904a99b19859d8c,00000514_999f7a2727deb2180a5fa52d6b13ef6c,0.8099743127822876,0.13947029411792755,high_clip_low_dino
00000377_137573187bff5fd65482b0db9ba0548d,00000514_999f7a2727deb2180a5fa52d6b13ef6c,0.8074092864990234,0.1364074945449829,high_clip_low_dino
00000054_7edb45e3e204c94493eb07d5184313fa,00000088_754353ee0679448605520da32c585670,0.8160432577133179,0.16031788289546967,high_clip_low_dino
00000229_c3d1a560bb7360a8e904a99b19859d8c,00000714_bd4f44b3aed8a4a9a46d5476dfde206e,0.8004865050315857,0.19415821135044098,high_clip_low_dino
00000679_42e5a93765efafdb9243bbff15278740,00000942_d20568aff450bdfa2ef4e290a201df34,0.8263294696807861,0.1613606959581375,high_clip_low_dino
00000539_c9e0375f29b4a600be4d36d391f5ef8a,00000679_42e5a93765efafdb9243bbff15278740,0.8040735721588135,0.1780189871788025,high_clip_low_dino
00000296_1b9b0a3961ed4a4ee1f9154bdf000f13,00000555_4ba17ad5d0b0edd85957e5df8f823f9e,0.8079767227172852,0.16419483721256256,high_clip_low_dino
00000206_b518bba81d7ed7b60f21f947b6f01cad,00000908_5b1c56fd7af71ecce836ac2dff212c18,0.8052714467048645,0.09516040235757828,high_clip_low_dino
00000544_bcfecce1786f797e082c221d9a355363,00000892_48c8de45f2bfa595b2f86378ea550ca9,0.8051985502243042,0.19418154656887054,high_clip_low_dino
00000447_a75e1d685b2d670b7f10b0b02e156c5b,00000606_d3ad6a39a8da305c71a1adfa62a2c21d,0.8120226860046387,0.19404657185077667,high_clip_low_dino
00000260_a883c9d1699394f2df849066e3e13e18,00000447_a75e1d685b2d670b7f10b0b02e156c5b,0.8120226860046387,0.19404657185077667,high_clip_low_dino
00000637_d1722c0390a49303467cf8e3ff8d204a,00000787_924bee455d1e901ba3a25fe3a692a663,0.832548975944519,0.16671887040138245,high_clip_low_dino
00000318_30dbde6b693b6f2ac6d4d07235f5612d,00000637_d1722c0390a49303467cf8e3ff8d204a,0.8048129081726074,0.19051547348499298,high_clip_low_dino
00000499_6cda57a4ff9d610ed0f8ce82c67b8d6d,00000637_d1722c0390a49303467cf8e3ff8d204a,0.8097299933433533,0.18154768645763397,high_clip_low_dino
00000671_30a2b73ce516d709bd7f614570be69f3,00000834_172edf5a8dacf7f862f6d5364fd1760e,0.8106270432472229,0.1221982017159462,high_clip_low_dino
00000671_30a2b73ce516d709bd7f614570be69f3,00000732_a4f6e0cf8ea66bfceae66c85613799f5,0.8126612305641174,0.14762625098228455,high_clip_low_dino
00000518_b55ef165fb112ff4ba99e70cd89452c3,00000648_1be91d989cfe0829a90f266dc295a734,0.8251723647117615,0.0798599123954773,high_clip_low_dino
00000586_fc90d497fcd6c6f8eb68ce499d5108ad,00000847_1d9a54b71316dcbf734de260a76733ef,0.8134505152702332,0.16381476819515228,high_clip_low_dino
00000506_f737cd0edaf863cbd07db886df5b0cae,00000644_5ab5550641c89877532966aa6101d394,0.8115073442459106,0.18061205744743347,high_clip_low_dino
00000614_e4056ca18da9308693956762ce4c82a0,00000641_a2149935d5253c5cf4b256f1dc2e0ec9,0.8228683471679688,0.1476290076971054,high_clip_low_dino
00000506_f737cd0edaf863cbd07db886df5b0cae,00000690_7b5c06729f7afb1792ed03824a2a99cf,0.8007665872573853,0.19628778100013733,high_clip_low_dino
00000965_2c7e26dc3ed7d92d4c9e5095f5aa4f3b,00000990_9868d4a8d1c467d7d560258ccbe962d5,0.806125283241272,0.1620747447013855,high_clip_low_dino
00000380_97c6eda2d6b5645bcd797eef17e05ed4,00000990_9868d4a8d1c467d7d560258ccbe962d5,0.8161767721176147,0.1973545253276825,high_clip_low_dino
00000767_ac5cf558cf0129e8d9593c367ebf4609,00000847_1d9a54b71316dcbf734de260a76733ef,0.8026055693626404,0.18520905077457428,high_clip_low_dino
00000812_cc20ef611c8077a1ed27af074e7b200d,00000847_1d9a54b71316dcbf734de260a76733ef,0.821074366569519,0.1944088637828827,high_clip_low_dino
00000149_3462b87e21b8247eb178654e38120741,00000506_f737cd0edaf863cbd07db886df5b0cae,0.8029446005821228,0.15020465850830078,high_clip_low_dino
00000547_569155e7ac51249a46b1325c86d6126f,00000936_700e92d6669bdcc8a4bd5c8e382e6f56,0.8050561547279358,0.15067942440509796,high_clip_low_dino
00000567_fd9eee0c34b4b5d6e9a3b84945a0a752,00000748_9ff23d853c4f51ea3d93c79ec9f0212c,0.8033199906349182,0.16330142319202423,high_clip_low_dino
00000567_fd9eee0c34b4b5d6e9a3b84945a0a752,00000840_aace020d020c4568f158906839c31fbd,0.8282824754714966,0.11541268974542618,high_clip_low_dino
00000567_fd9eee0c34b4b5d6e9a3b84945a0a752,00000779_0eb1f562d609e886a85704735b9afd7b,0.8010371327400208,0.1828835904598236,high_clip_low_dino
00000567_fd9eee0c34b4b5d6e9a3b84945a0a752,00000968_58f1bd7a032754864d2a6c4b2c624f60,0.8195428848266602,0.1630503088235855,high_clip_low_dino
00000533_a18e42d26b7b92c2d7d8c53d9c78c1b0,00000567_fd9eee0c34b4b5d6e9a3b84945a0a752,0.8054606914520264,0.14416596293449402,high_clip_low_dino
00000514_e9197230dd1eb9237b9d62d86c2dc7b7,00000555_ef1df6c3c4b637aade897d1cf9e632cb,0.8025373220443726,0.17312142252922058,high_clip_low_dino
00000020_ac6a7f0a9c28ed0bcd3126f7462147ae,00001004_d4b41aef97561c603359da393e52a87b,0.8012672662734985,0.1729983389377594,high_clip_low_dino
00000514_e9197230dd1eb9237b9d62d86c2dc7b7,00000564_b47643f453da73201ba3b7b3894c93b8,0.8133200407028198,0.19657917320728302,high_clip_low_dino
00000506_f737cd0edaf863cbd07db886df5b0cae,00000514_e9197230dd1eb9237b9d62d86c2dc7b7,0.8011600971221924,0.13035130500793457,high_clip_low_dino
00000418_dff831049f6f4b72b9df96d68cbf237c,00000564_b47643f453da73201ba3b7b3894c93b8,0.8031988739967346,0.1962866187095642,high_clip_low_dino
00000074_7b3e2ad5d02b2ea19923a78bc1e07e0e,00000840_aace020d020c4568f158906839c31fbd,0.8051380515098572,0.12877197563648224,high_clip_low_dino
00000074_7b3e2ad5d02b2ea19923a78bc1e07e0e,00000968_58f1bd7a032754864d2a6c4b2c624f60,0.8051460385322571,0.15265226364135742,high_clip_low_dino
00000282_d2823ff58733d886ee832ac36389567e,00000904_573cee2d8ba12c86f71ca27049a1faa0,0.8420431017875671,0.12488768994808197,high_clip_low_dino
00000564_b47643f453da73201ba3b7b3894c93b8,00000840_aace020d020c4568f158906839c31fbd,0.8107582330703735,0.15791206061840057,high_clip_low_dino
00000304_cf6b9fa37f7c454229fad811d7db7696,00000840_aace020d020c4568f158906839c31fbd,0.8263294696807861,0.1613606959581375,high_clip_low_dino
00000304_cf6b9fa37f7c454229fad811d7db7696,00000968_58f1bd7a032754864d2a6c4b2c624f60,0.8079005479812622,0.1925337016582489,high_clip_low_dino
00000228_bf10293da358a18cd3137bd79c30a48f,00000564_b47643f453da73201ba3b7b3894c93b8,0.8003618717193604,0.12567315995693207,high_clip_low_dino
00000555_ef1df6c3c4b637aade897d1cf9e632cb,00000997_521589ef78a44ea25eb9583302fcfc57,0.8010386228561401,0.15323445200920105,high_clip_low_dino
00000564_b47643f453da73201ba3b7b3894c93b8,00000997_521589ef78a44ea25eb9583302fcfc57,0.8066171407699585,0.16525867581367493,high_clip_low_dino
00000134_a8706c3d3f247e79b757003da300ae20,00000364_a7f6c9ead20aec9b893ea7f9b9987601,0.8082488775253296,0.1552131026983261,high_clip_low_dino
00000134_a8706c3d3f247e79b757003da300ae20,00000997_521589ef78a44ea25eb9583302fcfc57,0.8015081882476807,0.11006105691194534,high_clip_low_dino
00000040_4708e7a4b73896a52fe946513d460a11,00000690_7b5c06729f7afb1792ed03824a2a99cf,0.817603588104248,0.1777864396572113,high_clip_low_dino
00000049_e65bc7304ed7905d0c467570a406e570,00000719_ad3dce44174d5ee31e274e831161d872,0.8152979612350464,0.18997815251350403,high_clip_low_dino
00000040_4708e7a4b73896a52fe946513d460a11,00000063_b0131a4a95573282939f870c61483e4c,0.8135243654251099,0.12425130605697632,high_clip_low_dino
00000049_e65bc7304ed7905d0c467570a406e570,00000739_3848246fbbdc1bf6fdfd75d6379853f6,0.8004538416862488,0.19490960240364075,high_clip_low_dino
00000040_4708e7a4b73896a52fe946513d460a11,00000073_67bd66bf5ca9caca66bab8a1676dd6ce,0.8061911463737488,0.18532253801822662,high_clip_low_dino
00000364_a7f6c9ead20aec9b893ea7f9b9987601,00000977_4c8a247c0374b96892be5baf766444b2,0.8240822553634644,0.18816135823726654,high_clip_low_dino
00000815_668133554a80e8fe11375244b751b87e,00000977_4c8a247c0374b96892be5baf766444b2,0.8046776056289673,0.1745932251214981,high_clip_low_dino
00000150_d270adb0b7080a30e9f58f99c5fe3b79,00000977_4c8a247c0374b96892be5baf766444b2,0.8073329329490662,0.1987035870552063,high_clip_low_dino
00000040_4708e7a4b73896a52fe946513d460a11,00000909_8018181d32b212503ca706294fb54255,0.8273127675056458,0.1914839893579483,high_clip_low_dino
00000285_97c1fa691735caac4886522933a76d9f,00000977_4c8a247c0374b96892be5baf766444b2,0.806535542011261,0.1970921903848648,high_clip_low_dino
00000977_4c8a247c0374b96892be5baf766444b2,00000982_a08113fb6d62dcf5e92a6c470dbe0afa,0.8046776056289673,0.1745932251214981,high_clip_low_dino
00000977_4c8a247c0374b96892be5baf766444b2,00000997_521589ef78a44ea25eb9583302fcfc57,0.8199731111526489,0.13609978556632996,high_clip_low_dino
00000005_342fed16d62029f8b18320006f73bca3,00000977_4c8a247c0374b96892be5baf766444b2,0.810246467590332,0.17983300983905792,high_clip_low_dino
00000049_e65bc7304ed7905d0c467570a406e570,00000666_a53f2416244a1b45847379bca1a0091e,0.8056443929672241,0.15740789473056793,high_clip_low_dino
00000040_4708e7a4b73896a52fe946513d460a11,00000847_4dc49fecdc4703645cf050c98c899469,0.8014092445373535,0.17621788382530212,high_clip_low_dino
00000586_0dd8f8d3b856252e9a7d0753d2b542df,00000997_521589ef78a44ea25eb9583302fcfc57,0.8167955279350281,0.1614072322845459,high_clip_low_dino
00000040_4708e7a4b73896a52fe946513d460a11,00000666_a53f2416244a1b45847379bca1a0091e,0.8018559813499451,0.12147519737482071,high_clip_low_dino
00000545_bf098d2cb528053b01fc3fecfe6473cb,00000814_b92e4aa95fed80bde9e35f9a23d66835,0.8002007007598877,0.19362445175647736,high_clip_low_dino
00000080_e3cac1ebd0c8cc9424138523f248b0d0,00000126_4ff95e00915be5fba2e45d6447c92c2b,0.8140453100204468,0.19216468930244446,high_clip_low_dino
00000495_cb210487c3208f1d48c76b287974e38e,00000985_bd6a8d348ffa5ad662f0ba22a9f77788,0.8099941611289978,0.13678334653377533,high_clip_low_dino
00000067_2539cf9476b35846e87696af7952d71d,00000734_e8209c085a34e0deac0554bde149031c,0.8136249780654907,0.13631121814250946,high_clip_low_dino
00000305_2b61a16e541c18ec522bc2a7987bf7ca,00000892_48c8de45f2bfa595b2f86378ea550ca9,0.8226625323295593,0.17499512434005737,high_clip_low_dino
00000892_48c8de45f2bfa595b2f86378ea550ca9,00000999_81f4459dc0ef57c57b2c975468114260,0.8050864934921265,0.19586949050426483,high_clip_low_dino
00000562_c56fa679159ce344c9d217b5e548b84b,00000645_41c1e24ff4c598c8e407fd27ce63f1da,0.8183628916740417,0.17991070449352264,high_clip_low_dino
00000102_c7f6432af7bd58d2e84029274f8a332e,00000562_c56fa679159ce344c9d217b5e548b84b,0.8005914688110352,0.18513630330562592,high_clip_low_dino
00000541_b0391873176dfbf8cda5766638070c09,00000562_c56fa679159ce344c9d217b5e548b84b,0.801792562007904,0.1584034562110901,high_clip_low_dino
00000562_c56fa679159ce344c9d217b5e548b84b,00000771_41c83f1716cbda76a9abb8698ed99206,0.8039969205856323,0.18028442561626434,high_clip_low_dino
00000562_c56fa679159ce344c9d217b5e548b84b,00000741_7c1a2086c7959bd55516655b35f96ab4,0.801792562007904,0.1584034562110901,high_clip_low_dino
00000060_10c7023ad8840c848d9d8185b535ffd1,00000562_c56fa679159ce344c9d217b5e548b84b,0.8030065298080444,0.13193471729755402,high_clip_low_dino
00000332_c22ceaef815f55904fa716cd08d36e31,00000562_c56fa679159ce344c9d217b5e548b84b,0.8020976185798645,0.1729607731103897,high_clip_low_dino
00000210_23ec3ef9b55ec7c91deba7f6dc5303da,00000648_1be91d989cfe0829a90f266dc295a734,0.8190270066261292,0.12990674376487732,high_clip_low_dino
00000409_064e65811430e503b525948cb9cae80d,00000892_48c8de45f2bfa595b2f86378ea550ca9,0.8207700848579407,0.1711183488368988,high_clip_low_dino
00000613_8f047605ae5ffea0ee2c2655d0b6fb5a,00000892_48c8de45f2bfa595b2f86378ea550ca9,0.8073779344558716,0.1730327308177948,high_clip_low_dino
00000487_31711fbbd1d7d3eae68f49671b3307ef,00000740_5de56452dc668dc8957697ab1373e672,0.8330518007278442,0.17649218440055847,high_clip_low_dino
00000182_0b1d7daf12803f1ee6335d8ec93a7250,00000630_2e951e28e9d7210c1d5840ea591187dd,0.8123250603675842,0.17669373750686646,high_clip_low_dino
00000300_c315d2967a35a9408bb2961bf95cb377,00000630_2e951e28e9d7210c1d5840ea591187dd,0.8058884143829346,0.16708707809448242,high_clip_low_dino
00000630_2e951e28e9d7210c1d5840ea591187dd,00000836_b50d3c79e5e50e4e9e50939ed81ba1ce,0.8098868727684021,0.19256892800331116,high_clip_low_dino
00000630_2e951e28e9d7210c1d5840ea591187dd,00000839_d132f3867550dade628eec94a307a150,0.8143473267555237,0.16191349923610687,high_clip_low_dino
00000630_2e951e28e9d7210c1d5840ea591187dd,00000920_c39ccfe5c6df04d2fefc97d17e6ae7e7,0.8089943528175354,0.16811372339725494,high_clip_low_dino
00000630_2e951e28e9d7210c1d5840ea591187dd,00000776_d49c962c9040aad2f8a9dba25aef9944,0.813269317150116,0.19574551284313202,high_clip_low_dino
00000251_e819aa05d17497f4ca8061913f687587,00000663_60ba3dfbc7f18310c52162f470968e54,0.807967483997345,0.1823965311050415,high_clip_low_dino
00000012_1d9af7f6f3c8939b269069e56debeeb1,00000038_03ea66574b65a0e74326ef93082dc847,0.8144501447677612,0.19350051879882812,high_clip_low_dino
00000663_60ba3dfbc7f18310c52162f470968e54,00000821_12583f5809acf9c9bd00ffbdc492a776,0.801308810710907,0.16881778836250305,high_clip_low_dino
00000038_03ea66574b65a0e74326ef93082dc847,00000943_2f1c517e6bcdfc83f847f36e1a365585,0.8134307265281677,0.17813457548618317,high_clip_low_dino
00000322_9b24733cc14e48fff97cee46e9df1498,00000909_8018181d32b212503ca706294fb54255,0.8097589612007141,0.19655655324459076,high_clip_low_dino
00000823_3b53082c1af766e488621ad0131c063a,00001021_50981ca8a675b82ed862c4d68057fd03,0.8091021776199341,0.14910688996315002,high_clip_low_dino
00000227_6b8335fe89ce47ef8b9b6d04a35a70e4,00000756_16e1159dfa00e28edde6438c0c00b583,0.8045234680175781,0.12715458869934082,high_clip_low_dino
00000724_bcd2258e729a6602c3228f1383a123f2,00000756_16e1159dfa00e28edde6438c0c00b583,0.8045234680175781,0.12715458869934082,high_clip_low_dino
00000422_95b10123816488cd0138d012b4cf209b,00000842_bccad839b4beb154cbbd851c569caaaf,0.8319472670555115,0.0870758444070816,high_clip_low_dino
00000842_bccad839b4beb154cbbd851c569caaaf,00000899_1f2c07787715cba7ea3802633f85cf51,0.8160484433174133,0.08281711488962173,high_clip_low_dino
00000553_c03357ea3027f31acb0ea9764ed13f67,00000885_f99c8db09924768961b467f0cc07563c,0.8119558691978455,0.16098707914352417,high_clip_low_dino
00000329_8d5c13f116d8004c3f5676cd61912fc3,00000843_9c5e0ef3b836da4f5c3500ff3bad6efe,0.8116673827171326,0.17241528630256653,high_clip_low_dino
00000329_8d5c13f116d8004c3f5676cd61912fc3,00000969_7edca39462f669bfe7089dab1355dc7a,0.8324099779129028,0.1403800994157791,high_clip_low_dino
00000329_8d5c13f116d8004c3f5676cd61912fc3,00000807_35595b7cb1ddc3aa64e5f4a9cee7d786,0.8107222318649292,0.15989229083061218,high_clip_low_dino
00000329_8d5c13f116d8004c3f5676cd61912fc3,00000564_75bbb4615c0a562d42124f93550f1612,0.8166050314903259,0.17034713923931122,high_clip_low_dino
00000078_c368bbb73a8b4577a3373e921a6b409c,00000329_8d5c13f116d8004c3f5676cd61912fc3,0.8001571893692017,0.17108644545078278,high_clip_low_dino
00000329_8d5c13f116d8004c3f5676cd61912fc3,00000666_a53f2416244a1b45847379bca1a0091e,0.818974494934082,0.13640205562114716,high_clip_low_dino
00000125_3df70d8257587b88aa6d3b772ac3d200,00000329_8d5c13f116d8004c3f5676cd61912fc3,0.8071300983428955,0.17607635259628296,high_clip_low_dino
00000329_8d5c13f116d8004c3f5676cd61912fc3,00000737_ebd80b4ea08d7b0135d297a1802fde07,0.8066433668136597,0.10176986455917358,high_clip_low_dino
00000329_8d5c13f116d8004c3f5676cd61912fc3,00000891_d32c3fd2d66bcd39d2df63d50fa076a3,0.8138471245765686,0.19424009323120117,high_clip_low_dino
00000253_82f31afa2c81ae83e860a8825ec230a9,00000329_8d5c13f116d8004c3f5676cd61912fc3,0.8135936856269836,0.16082143783569336,high_clip_low_dino
00000036_338de084ab39df6aad79a1ff8b2d7ba1,00000682_40cf0def97fdb4449cdb784b7b84473b,0.8168267011642456,0.16349658370018005,high_clip_low_dino
00000756_16e1159dfa00e28edde6438c0c00b583,00000833_f071ea94f9f277ecb026a08acf027718,0.8016050457954407,0.15119299292564392,high_clip_low_dino
00000538_dd4d6f5ad7104ba20af13a68774abb26,00000969_7edca39462f669bfe7089dab1355dc7a,0.8157303929328918,0.15748772025108337,high_clip_low_dino
00000538_dd4d6f5ad7104ba20af13a68774abb26,00000807_35595b7cb1ddc3aa64e5f4a9cee7d786,0.8024016618728638,0.1896168440580368,high_clip_low_dino
00000643_9f87e3a09a30154ae61d14e5c2fad89f,00001000_f8c33b771f974242f6851be388916527,0.8083474636077881,0.09716586768627167,high_clip_low_dino
00000697_dfffa4298b3790a46d43ab9135a98588,00000755_207b0fcc5f357e0ec30caef18f1d767d,0.8417472839355469,0.17565052211284637,high_clip_low_dino
00000787_0821f97830f398bc620c63b1dea883b5,00000828_20471b567830b7e69f3a37ce61a3a726,0.8009287118911743,0.14353512227535248,high_clip_low_dino
00000357_e7a7efbf5423495759b6482891f5d5b2,00000878_21179f02c6b34c17150d0418550570e4,0.80280601978302,0.1082407534122467,high_clip_low_dino
00000214_8c8e291fc6b65c57b7157c5a25241e32,00000357_e7a7efbf5423495759b6482891f5d5b2,0.80280601978302,0.1082407534122467,high_clip_low_dino
00000250_ad94ee5b80dc6dc50b0938425ac708a0,00000929_f1f8ad9052a020ae064c3adcbf333cd2,0.8190460801124573,0.14721621572971344,high_clip_low_dino
00000164_1230b45d342eab9ee4d1056598ce14eb,00000402_037d62645c5de55f220c36c143828d7a,0.8022224307060242,0.19672738015651703,high_clip_low_dino
00000274_c820ff5756e3c25ce4e1da45df2f888a,00000830_dde9d5d38c03270f8a2e197f80e5966e,0.8030559420585632,0.10148658603429794,high_clip_low_dino
00000049_3f51a17b98add36d73a9778e0530bae1,00000788_09fc3961a1afdcbab651087025134d54,0.8007016777992249,0.16761061549186707,high_clip_low_dino
00000056_a435cebee522233781fac089bf072aca,00000361_c74b8dbc4a68985ff7ecbdf5dc1f597b,0.8050268888473511,0.153567373752594,high_clip_low_dino
00000056_a435cebee522233781fac089bf072aca,00000330_7c33bdd9d884a6542c9dbc0349f92d9e,0.8188892006874084,0.15416252613067627,high_clip_low_dino
00000049_3f51a17b98add36d73a9778e0530bae1,00000645_6792d35c52d69a055a3ec252d3a67966,0.8034617900848389,0.19422054290771484,high_clip_low_dino
00000056_a435cebee522233781fac089bf072aca,00000243_9d4a6ae3ac25fc351a552a9de4aeb8a5,0.8060624003410339,0.15243718028068542,high_clip_low_dino
00000056_a435cebee522233781fac089bf072aca,00000767_cb3dcd10c05bb11e11b196e05ce6d98c,0.8072381019592285,0.17816583812236786,high_clip_low_dino
00000110_e150c6379b73bd5d2e8241e58fe7b2e1,00000361_c74b8dbc4a68985ff7ecbdf5dc1f597b,0.8264865875244141,0.1484283059835434,high_clip_low_dino
00000110_e150c6379b73bd5d2e8241e58fe7b2e1,00000513_eca1eb8d7fa75a7e76bc24f2b7b0b6bf,0.8091208338737488,0.1753610074520111,high_clip_low_dino
00000110_e150c6379b73bd5d2e8241e58fe7b2e1,00000565_f3fc2f160027719e6e2ccc982e72b1c2,0.8018708825111389,0.1465499848127365,high_clip_low_dino
00000110_e150c6379b73bd5d2e8241e58fe7b2e1,00000330_7c33bdd9d884a6542c9dbc0349f92d9e,0.821270763874054,0.14466309547424316,high_clip_low_dino
00000049_3f51a17b98add36d73a9778e0530bae1,00000474_5ab501d3566d99929c029a302cb47362,0.8018945455551147,0.17446695268154144,high_clip_low_dino
00000110_e150c6379b73bd5d2e8241e58fe7b2e1,00000245_1e330743bfaa388aa340a615d76c448f,0.8154399394989014,0.1828426867723465,high_clip_low_dino
00000110_e150c6379b73bd5d2e8241e58fe7b2e1,00000243_9d4a6ae3ac25fc351a552a9de4aeb8a5,0.8274398446083069,0.1399432271718979,high_clip_low_dino
00000110_e150c6379b73bd5d2e8241e58fe7b2e1,00000767_cb3dcd10c05bb11e11b196e05ce6d98c,0.8137247562408447,0.16775283217430115,high_clip_low_dino
00000396_4a2597be4f7a6901736cf5581a4e527a,00000466_1c8c037a30c584c6e9594eea256f7d46,0.8173766732215881,0.19993522763252258,high_clip_low_dino
00000417_e7d8ea0e4ddb0efa20e366b2de43ef1c,00000466_1c8c037a30c584c6e9594eea256f7d46,0.8074750304222107,0.17853139340877533,high_clip_low_dino
00000396_4a2597be4f7a6901736cf5581a4e527a,00000968_d421336ec0633496aaba5b42fd0b5084,0.8047428131103516,0.17490562796592712,high_clip_low_dino
00000022_aed3704825fa4a2811a4f681549e0f10,00000968_d421336ec0633496aaba5b42fd0b5084,0.8316650986671448,0.17992337048053741,high_clip_low_dino
00000417_e7d8ea0e4ddb0efa20e366b2de43ef1c,00000968_d421336ec0633496aaba5b42fd0b5084,0.8164495825767517,0.14298339188098907,high_clip_low_dino
00000022_aed3704825fa4a2811a4f681549e0f10,00000217_b4236d4d32a46f4cf93c0b52646c7816,0.8102182149887085,0.12940268218517303,high_clip_low_dino
00000377_e24da0396e8cb43cd7e85bec28fa95b2,00000385_8d3d5ee1b0cd6968a56f60b2c7def08b,0.8037139177322388,0.19531036913394928,high_clip_low_dino
00000276_e8b53d21e81793d6bf3e29fb98a304d3,00000377_e24da0396e8cb43cd7e85bec28fa95b2,0.8090069890022278,0.13644827902317047,high_clip_low_dino
00000163_3f6553f2c693d031c6c9d9f95b999b44,00000658_9e33f10c71e6809358606978684366a2,0.8097527623176575,0.1408722996711731,high_clip_low_dino
00000762_2d5b74fe079d7a3b3f48e3df850c55e2,00001013_cca0ffe1bfd61e061cdd15efbf310f0c,0.8018020391464233,0.19388577342033386,high_clip_low_dino
00000347_b6761097f7ca474cc11d45758dc31605,00001013_cca0ffe1bfd61e061cdd15efbf310f0c,0.813936173915863,0.1798960268497467,high_clip_low_dino
00000514_e9197230dd1eb9237b9d62d86c2dc7b7,00000708_29fce40309a161d774c652e94c92a062,0.8046772480010986,0.1976212114095688,high_clip_low_dino
00000406_bf805037685787d44b3feb0e4af46132,00000514_e9197230dd1eb9237b9d62d86c2dc7b7,0.8287080526351929,0.13183480501174927,high_clip_low_dino
00000377_137573187bff5fd65482b0db9ba0548d,00000514_e9197230dd1eb9237b9d62d86c2dc7b7,0.8074432611465454,0.1801595538854599,high_clip_low_dino
00000337_1d798736b0b23b03a8fce982a6879ecc,00000575_e23f8d987b1c12bcf630adb3e0c82707,0.8245924115180969,0.13694770634174347,high_clip_low_dino
00000575_e23f8d987b1c12bcf630adb3e0c82707,00000835_c7b7ea6e9e9f5d9c49875d7cc429a368,0.821999192237854,0.13182401657104492,high_clip_low_dino
00000144_be7c5bd2db0ffe5a6ff79d51b0c356c8,00000575_e23f8d987b1c12bcf630adb3e0c82707,0.8175734281539917,0.12931427359580994,high_clip_low_dino
00000575_e23f8d987b1c12bcf630adb3e0c82707,00000582_d321b77ff7cdb6272858716477564bb0,0.8051380515098572,0.12877197563648224,high_clip_low_dino
00000016_ec68c52713101003be4311386d92c704,00000575_e23f8d987b1c12bcf630adb3e0c82707,0.8094993233680725,0.09585019946098328,high_clip_low_dino
00000386_f45e3570ae192c18fa0a47b0a6e4ec2b,00000575_e23f8d987b1c12bcf630adb3e0c82707,0.8146085143089294,0.12705275416374207,high_clip_low_dino
00000151_0098f709a3598991dd1fdb9318ecfcd5,00000555_4ba17ad5d0b0edd85957e5df8f823f9e,0.811754047870636,0.19868841767311096,high_clip_low_dino
00000556_fd67b14a455de745fe03e6c049ed60d0,00000971_d520af81075dc0b2c1d70a32e8904e39,0.8217055201530457,0.11949978768825531,high_clip_low_dino
00000337_1d798736b0b23b03a8fce982a6879ecc,00000629_2c39a8251b4ede1828998e53768ad1a8,0.8043251037597656,0.18328140676021576,high_clip_low_dino
00000610_3c1b21b7a943e80aaffcc2a8dd506a85,00000990_9868d4a8d1c467d7d560258ccbe962d5,0.8065053224563599,0.18988613784313202,high_clip_low_dino
00000988_1e11782aba1d253c54717b0b10f4ced0,00000990_9868d4a8d1c467d7d560258ccbe962d5,0.810762882232666,0.19151489436626434,high_clip_low_dino
00000144_be7c5bd2db0ffe5a6ff79d51b0c356c8,00000990_9868d4a8d1c467d7d560258ccbe962d5,0.8156956434249878,0.18998950719833374,high_clip_low_dino
00000582_d321b77ff7cdb6272858716477564bb0,00000990_9868d4a8d1c467d7d560258ccbe962d5,0.8376575112342834,0.17731642723083496,high_clip_low_dino
00000582_d321b77ff7cdb6272858716477564bb0,00000629_2c39a8251b4ede1828998e53768ad1a8,0.8001648187637329,0.13428330421447754,high_clip_low_dino
00000016_ec68c52713101003be4311386d92c704,00000990_9868d4a8d1c467d7d560258ccbe962d5,0.8316650986671448,0.17992337048053741,high_clip_low_dino
00000016_ec68c52713101003be4311386d92c704,00000629_2c39a8251b4ede1828998e53768ad1a8,0.8073618412017822,0.1725146472454071,high_clip_low_dino
00000505_b3414634c4ff933a43e2dcc58218c704,00000990_9868d4a8d1c467d7d560258ccbe962d5,0.8301019668579102,0.18242019414901733,high_clip_low_dino
00000505_b3414634c4ff933a43e2dcc58218c704,00000629_2c39a8251b4ede1828998e53768ad1a8,0.8101871609687805,0.17820118367671967,high_clip_low_dino
00000386_f45e3570ae192c18fa0a47b0a6e4ec2b,00000990_9868d4a8d1c467d7d560258ccbe962d5,0.8119639754295349,0.19716709852218628,high_clip_low_dino
00000337_1d798736b0b23b03a8fce982a6879ecc,00000587_4fcb0a38ae5d2a25324b5f40b92b41d3,0.8014394640922546,0.1915414035320282,high_clip_low_dino
00000406_bf805037685787d44b3feb0e4af46132,00000857_4585154dc742c76a9350f0b44eb5c0bd,0.8038999438285828,0.1608608365058899,high_clip_low_dino
00000016_ec68c52713101003be4311386d92c704,00000587_4fcb0a38ae5d2a25324b5f40b92b41d3,0.8032136559486389,0.19046516716480255,high_clip_low_dino
00000505_b3414634c4ff933a43e2dcc58218c704,00000587_4fcb0a38ae5d2a25324b5f40b92b41d3,0.8038496375083923,0.156216561794281,high_clip_low_dino
00000128_f91ee6d0fb37e3fffc7a86fc19f1afc2,00000522_63530aa8cec2c3688472f503d1e2f7e7,0.8143179416656494,0.19444018602371216,high_clip_low_dino
00000865_7642467193f1bb09b4519de1be16ba92,00000965_6ff513e721f20b5d240e7853fbfeb5dc,0.807142436504364,0.1912863850593567,high_clip_low_dino
00000301_9d71a731e98ef88a3e2c53b202a466c5,00000856_adde825d2debac606b6753b6aeb525d7,0.8006168007850647,0.16723208129405975,high_clip_low_dino
00000011_283f4109ea1738b8f8b24eec7a59b6f6,00000331_68c71bc5ad042f0beb39751f14271f94,0.8070873022079468,0.08277372270822525,high_clip_low_dino
00000011_283f4109ea1738b8f8b24eec7a59b6f6,00000965_6ff513e721f20b5d240e7853fbfeb5dc,0.8170695304870605,0.14534319937229156,high_clip_low_dino
00000433_065ae296748692391e797e4b816072f8,00000748_755dcc6bff7c111b23d7a6056362eec5,0.8071305155754089,0.19783957302570343,high_clip_low_dino
00000639_4616cf8b4bfdd31fa5017e9bdfc920f5,00000830_e4722b9d450713a3ca3d6ecf7114ea18,0.8074602484703064,0.18632470071315765,high_clip_low_dino
00000748_755dcc6bff7c111b23d7a6056362eec5,00000942_d20568aff450bdfa2ef4e290a201df34,0.8160324096679688,0.0804576575756073,high_clip_low_dino
00000748_755dcc6bff7c111b23d7a6056362eec5,00000867_db58703d0d23b4532b2e9fc64cfdeee7,0.8071305155754089,0.19783957302570343,high_clip_low_dino
00000541_eef82fc06b8c780150bbb5a86cef93fa,00000748_755dcc6bff7c111b23d7a6056362eec5,0.8071305155754089,0.19783957302570343,high_clip_low_dino
00000435_a447267da81e3c9e2ab7e49c6e7cd0fa,00000748_755dcc6bff7c111b23d7a6056362eec5,0.8071305155754089,0.19783957302570343,high_clip_low_dino
00000240_69725787314a13e2829efea7cd688a78,00000755_207b0fcc5f357e0ec30caef18f1d767d,0.8254756331443787,0.103333979845047,high_clip_low_dino
00000152_9bbe8cb1acc8be05165622e9b392e8bd,00000755_207b0fcc5f357e0ec30caef18f1d767d,0.8090735673904419,0.1370612382888794,high_clip_low_dino
00000240_69725787314a13e2829efea7cd688a78,00000994_fab987eecd1f650bf76bf4cee0aab475,0.8210078477859497,0.10610119998455048,high_clip_low_dino
00000247_14b2c7c821a82cb68c323bd0bc8ea559,00000791_066bf4e52e8f44041c7c194e3f75ea02,0.8107582330703735,0.15791206061840057,high_clip_low_dino
00000674_6f5b5abd801540c0097b9a43dc886c9c,00000889_d4a4efe9b891b6f8f0feed9103687303,0.802108645439148,0.19803528487682343,high_clip_low_dino
00000034_58e5e5b4580dab031566e038d197bb71,00000056_a435cebee522233781fac089bf072aca,0.8008578419685364,0.182612344622612,high_clip_low_dino
00000056_a435cebee522233781fac089bf072aca,00000247_14b2c7c821a82cb68c323bd0bc8ea559,0.8197970390319824,0.14099211990833282,high_clip_low_dino
00000240_69725787314a13e2829efea7cd688a78,00000891_592eee2f19b73d3d3c66ec3fccdcd8ab,0.8499007821083069,0.16730324923992157,high_clip_low_dino
00000661_3caf38c477523e9fa2ae515fa78b64e9,00000891_592eee2f19b73d3d3c66ec3fccdcd8ab,0.8028766512870789,0.18583175539970398,high_clip_low_dino
00000529_8164106a0180e2a89efd56cb9035cbcb,00000891_592eee2f19b73d3d3c66ec3fccdcd8ab,0.8332555294036865,0.12802371382713318,high_clip_low_dino
00000699_631053031882bcc676457bfe0d56847c,00000957_67af6925da2ff3a9810cead0e1622e81,0.8227104544639587,0.19469745457172394,high_clip_low_dino
00000247_14b2c7c821a82cb68c323bd0bc8ea559,00000699_631053031882bcc676457bfe0d56847c,0.8006173372268677,0.051277969032526016,high_clip_low_dino
00000435_aabca18af2bd98d0c00474ee7ff02767,00000443_990cd3144fdefb83e155b6263a60926f,0.8049927949905396,0.17823389172554016,high_clip_low_dino
00000758_7afc0ecbb42d8fddae333bc19df384f4,00000969_7edca39462f669bfe7089dab1355dc7a,0.8279922008514404,0.14568696916103363,high_clip_low_dino
00000247_ed470ac9b4727e89e1d15392fb5d4a0e,00000435_aabca18af2bd98d0c00474ee7ff02767,0.8008590340614319,0.18565598130226135,high_clip_low_dino
00000085_51f7edcc1a3ab6e3ad40a8a9b11dce18,00000870_57ad92d4f9e36bdca8ee7a15af83a45c,0.806906521320343,0.19827388226985931,high_clip_low_dino
00000085_51f7edcc1a3ab6e3ad40a8a9b11dce18,00000941_8db1d99b74b6272d3cbfb07a30805431,0.806906521320343,0.19827388226985931,high_clip_low_dino
00000085_51f7edcc1a3ab6e3ad40a8a9b11dce18,00000969_7edca39462f669bfe7089dab1355dc7a,0.8075883984565735,0.12625814974308014,high_clip_low_dino
00000435_aabca18af2bd98d0c00474ee7ff02767,00000969_7edca39462f669bfe7089dab1355dc7a,0.8156391382217407,0.17318621277809143,high_clip_low_dino
00000611_ba0c0249918dd13e999eaf9457a32f7f,00000739_2f788484ba7b4c5a00d27083d924c803,0.8357546329498291,0.08117585629224777,high_clip_low_dino
00000157_46005822a7c02a72eda89db22a41898f,00000397_6b318eb7c2e37223536255a2b0b95512,0.8032569885253906,0.12825830280780792,high_clip_low_dino
00000053_f3bf99dc28e3e354743c1100e384d4d4,00000176_ba330fbe857c9c0e3bc179ed16baf1ae,0.8028910160064697,0.19048266112804413,high_clip_low_dino
00000134_1c1c8067c58675c1d5adaf579251a3ac,00000176_ba330fbe857c9c0e3bc179ed16baf1ae,0.8366740345954895,0.18135127425193787,high_clip_low_dino
00000035_26728d522b98ff4271dd8db8d63e6979,00000134_1c1c8067c58675c1d5adaf579251a3ac,0.8104737997055054,0.1907384693622589,high_clip_low_dino
00000912_bec7cf81e781c07ccf11d4a4714b97bd,00000960_3cefc1c5c78587207a23ca84e1dbeadd,0.8508456945419312,0.07363229990005493,high_clip_low_dino
00000134_1c1c8067c58675c1d5adaf579251a3ac,00000613_b726effa044e56dfe1a64f09425d100d,0.809487521648407,0.11834995448589325,high_clip_low_dino
00000134_1c1c8067c58675c1d5adaf579251a3ac,00000538_be1fedc08d7a5032877724e17527668e,0.8216903805732727,0.14774909615516663,high_clip_low_dino
00000472_656161436b4ba541b37284447ba9f36e,00000482_791efd4075a010a0e841418ffdef9fa6,0.8035779595375061,0.17380864918231964,high_clip_low_dino
00000261_5b5ce5a0098066176474fd77e6687d21,00000447_a75e1d685b2d670b7f10b0b02e156c5b,0.8120226860046387,0.19404657185077667,high_clip_low_dino
00000547_569155e7ac51249a46b1325c86d6126f,00000998_26b217bd8457800e3a20493bc7d97c13,0.8276089429855347,0.051774315536022186,high_clip_low_dino
00000186_4da11363fed61f6b07b5d5ef22cd267a,00000998_26b217bd8457800e3a20493bc7d97c13,0.8297072649002075,0.19286823272705078,high_clip_low_dino
00000223_ca80c41cbe118ee237bae5061704f274,00000998_26b217bd8457800e3a20493bc7d97c13,0.803011953830719,0.06824252009391785,high_clip_low_dino
00000538_be1fedc08d7a5032877724e17527668e,00000835_79dc77783b8d7123e45cb4caf8ee3719,0.8088992238044739,0.16111695766448975,high_clip_low_dino
00000021_2191d2991de008b188bbb2c45132a866,00000774_a111f85554ef33b09b348912a894f924,0.8038197755813599,0.15638823807239532,high_clip_low_dino
00000804_e09c41881e25f9298adb07ce1c99162d,00000835_79dc77783b8d7123e45cb4caf8ee3719,0.8009480237960815,0.19766561686992645,high_clip_low_dino
00000430_b5902571b6f31e5224afe8039f1ebb1a,00000774_a111f85554ef33b09b348912a894f924,0.8005079627037048,0.17297357320785522,high_clip_low_dino
00000835_79dc77783b8d7123e45cb4caf8ee3719,00000965_36b558e052206494f3119c2b0a9c7849,0.8172509074211121,0.18609045445919037,high_clip_low_dino
00000732_a4f6e0cf8ea66bfceae66c85613799f5,00000774_a111f85554ef33b09b348912a894f924,0.8020018935203552,0.19112953543663025,high_clip_low_dino
00000194_6e3cce23f36a354067c99e3148c7a7bd,00000447_a75e1d685b2d670b7f10b0b02e156c5b,0.8120226860046387,0.19404657185077667,high_clip_low_dino
00000538_be1fedc08d7a5032877724e17527668e,00000606_54176a0690840d5ae367659aaa9803c2,0.8151727318763733,0.13495716452598572,high_clip_low_dino
00000538_be1fedc08d7a5032877724e17527668e,00000621_d789cf93de54c282907cb239934769ec,0.8058356046676636,0.12703584134578705,high_clip_low_dino
00000606_54176a0690840d5ae367659aaa9803c2,00000804_e09c41881e25f9298adb07ce1c99162d,0.8000172972679138,0.18329830467700958,high_clip_low_dino
00000606_54176a0690840d5ae367659aaa9803c2,00000965_36b558e052206494f3119c2b0a9c7849,0.8126303553581238,0.12107840180397034,high_clip_low_dino
00000447_a75e1d685b2d670b7f10b0b02e156c5b,00000606_54176a0690840d5ae367659aaa9803c2,0.8024003505706787,0.168446347117424,high_clip_low_dino
00000306_d3151f0918dcc5c25cd84a99ee0d2586,00000538_be1fedc08d7a5032877724e17527668e,0.8094993233680725,0.09585019946098328,high_clip_low_dino
00000306_d3151f0918dcc5c25cd84a99ee0d2586,00000804_e09c41881e25f9298adb07ce1c99162d,0.8054258227348328,0.13525418937206268,high_clip_low_dino
00000306_d3151f0918dcc5c25cd84a99ee0d2586,00000965_36b558e052206494f3119c2b0a9c7849,0.8159737586975098,0.10369981080293655,high_clip_low_dino
00000306_d3151f0918dcc5c25cd84a99ee0d2586,00000848_922abf9eeab9b926cd43e759212b0aed,0.8102182149887085,0.12940268218517303,high_clip_low_dino
00000306_d3151f0918dcc5c25cd84a99ee0d2586,00000447_a75e1d685b2d670b7f10b0b02e156c5b,0.8090938329696655,0.17234978079795837,high_clip_low_dino
00000443_94d06efa77f1ebba1a4fd76edf5022b6,00000538_be1fedc08d7a5032877724e17527668e,0.8135350942611694,0.13338115811347961,high_clip_low_dino
00000443_94d06efa77f1ebba1a4fd76edf5022b6,00000804_e09c41881e25f9298adb07ce1c99162d,0.800321102142334,0.18325141072273254,high_clip_low_dino
00000443_94d06efa77f1ebba1a4fd76edf5022b6,00000965_36b558e052206494f3119c2b0a9c7849,0.8116100430488586,0.11163753271102905,high_clip_low_dino
00000254_1fc06c79573c48125ccc998514ba0b5e,00000432_c29f1904774dd97831625b177fedcd51,0.8047782778739929,0.1728794425725937,high_clip_low_dino
00000093_6d723a75b88b33077cbe2d0b8a9e1e6f,00000843_9c5e0ef3b836da4f5c3500ff3bad6efe,0.8056847453117371,0.1950025111436844,high_clip_low_dino
00000093_6d723a75b88b33077cbe2d0b8a9e1e6f,00000262_aa7c8f177d130c9261d2295c93d690bb,0.8050985932350159,0.17923195660114288,high_clip_low_dino
00000055_092c29e52181f2f1a3475c433ccac865,00000093_6d723a75b88b33077cbe2d0b8a9e1e6f,0.8066392540931702,0.19992908835411072,high_clip_low_dino
00000093_6d723a75b88b33077cbe2d0b8a9e1e6f,00000143_b6f88d23e32f5b1c3dbbaced98f4b6dc,0.8040830492973328,0.18905788660049438,high_clip_low_dino
00000054_7edb45e3e204c94493eb07d5184313fa,00000093_6d723a75b88b33077cbe2d0b8a9e1e6f,0.832548975944519,0.16671887040138245,high_clip_low_dino
00000178_23593f31882e619ae87492784d9b88df,00000277_516f4b791521312f72a473810c55946b,0.8016873598098755,0.1657228022813797,high_clip_low_dino
00000393_ba1376aa0f728326ab5ee9b56bd50bb4,00000638_84e422761032407ef479979cf21b05d7,0.8313400745391846,0.1557215452194214,high_clip_low_dino
00000393_ba1376aa0f728326ab5ee9b56bd50bb4,00000574_bd5c2c8c0e18677d0c66645dc5f24c9c,0.8012949824333191,0.15486031770706177,high_clip_low_dino
00000272_d885b1b799aaf1af1fafd3c86c75108e,00000393_ba1376aa0f728326ab5ee9b56bd50bb4,0.8043568730354309,0.013369949534535408,high_clip_low_dino
00000358_c262c58120440db5bfd2ef2cc6f661f0,00000770_3ff48801e1ea41d26f56050f3378ef06,0.8009944558143616,0.14494752883911133,high_clip_low_dino
00000251_94428fcc178afeb0b2d5803885c2cd41,00000932_092fbc43e1d7a3537e0f065870c84631,0.8020841479301453,0.19524550437927246,high_clip_low_dino
00000613_180e51c73cb52072c4b6c1ec04ca6c6c,00000989_447284d50275d62339743a8c1cb28b59,0.8093863725662231,0.18386685848236084,high_clip_low_dino
00000613_180e51c73cb52072c4b6c1ec04ca6c6c,00000814_b92e4aa95fed80bde9e35f9a23d66835,0.802330732345581,0.11983529478311539,high_clip_low_dino
00000393_ba1376aa0f728326ab5ee9b56bd50bb4,00000623_4d51691267a3bf7dc346bb6358baa05c,0.8196218013763428,0.18474748730659485,high_clip_low_dino
00000500_cef5287974269b147ba0e0f1c50109ba,00000724_a8c4f94cfe2c36f07d5caf5e214fa28e,0.8112571835517883,0.06656502187252045,high_clip_low_dino
00000371_7081c92322aa1dcdf5d242a318b2ea36,00000470_353362c6b7161875db79bb7a7e1344c6,0.8065982460975647,0.18666580319404602,high_clip_low_dino
00000371_7081c92322aa1dcdf5d242a318b2ea36,00000574_bd5c2c8c0e18677d0c66645dc5f24c9c,0.8107160329818726,0.18922004103660583,high_clip_low_dino
00000066_5bf73180561fb40943381ad7386c61c2,00000968_d421336ec0633496aaba5b42fd0b5084,0.8003560900688171,0.1835276186466217,high_clip_low_dino
00000814_b92e4aa95fed80bde9e35f9a23d66835,00000968_d421336ec0633496aaba5b42fd0b5084,0.8376575112342834,0.17731642723083496,high_clip_low_dino
00000485_decfda413465b4e1f7e7ecfcb3816ee3,00000918_69d850564f96a06433ed2e7bee6ffeeb,0.8272982239723206,0.19524365663528442,high_clip_low_dino
00000438_82b19c25d74227ab10d23612481e9fa3,00000690_4d4889eef1f4682f0778f09a582f31a7,0.8184401392936707,0.18289615213871002,high_clip_low_dino
00000690_4d4889eef1f4682f0778f09a582f31a7,00000777_4c8582d19274a9586a4e42580a9fedce,0.8024011850357056,0.156980961561203,high_clip_low_dino
00000485_decfda413465b4e1f7e7ecfcb3816ee3,00000860_b05dca3ad17462e3d943205fd6f092c2,0.8067323565483093,0.19542059302330017,high_clip_low_dino
00000067_2539cf9476b35846e87696af7952d71d,00000438_82b19c25d74227ab10d23612481e9fa3,0.803675651550293,0.13939182460308075,high_clip_low_dino
00000067_2539cf9476b35846e87696af7952d71d,00000282_5340b7bd220da81e06c5d7aa6ce6701b,0.8149838447570801,0.13254636526107788,high_clip_low_dino
00000067_2539cf9476b35846e87696af7952d71d,00000859_25083359a6a08474edd865c60e476947,0.806645393371582,0.07447561621665955,high_clip_low_dino
00000067_2539cf9476b35846e87696af7952d71d,00000777_4c8582d19274a9586a4e42580a9fedce,0.8243430256843567,0.1984209269285202,high_clip_low_dino
00000520_aa38459034adf2236c9b319e517e1a36,00000873_4cc366c6081401fb346c353f9509be7d,0.8182623386383057,0.16936223208904266,high_clip_low_dino
00000520_aa38459034adf2236c9b319e517e1a36,00000989_447284d50275d62339743a8c1cb28b59,0.8000481128692627,0.19397208094596863,high_clip_low_dino
00000520_aa38459034adf2236c9b319e517e1a36,00000983_3bb72ec7d9b2036703486edf9ecd1de9,0.8182623386383057,0.16936223208904266,high_clip_low_dino
00000217_b4236d4d32a46f4cf93c0b52646c7816,00000714_bd4f44b3aed8a4a9a46d5476dfde206e,0.8078145980834961,0.1572527289390564,high_clip_low_dino
00000217_b4236d4d32a46f4cf93c0b52646c7816,00000337_1d798736b0b23b03a8fce982a6879ecc,0.8017175793647766,0.13360926508903503,high_clip_low_dino
00000945_53808ba3c9a54755f1292b9b12d93ea6,00000971_b2c9d0289660c634d1ed8a55a11e97dc,0.8135773539543152,0.18999917805194855,high_clip_low_dino
00000671_30a2b73ce516d709bd7f614570be69f3,00000976_3e6b3e491265ac78f29ed684a3c3b394,0.8015071153640747,0.10320871323347092,high_clip_low_dino
00000671_30a2b73ce516d709bd7f614570be69f3,00000714_bd4f44b3aed8a4a9a46d5476dfde206e,0.8186219930648804,0.13376109302043915,high_clip_low_dino
00000302_299036843c66ed7c7fc48fe46f133890,00000671_30a2b73ce516d709bd7f614570be69f3,0.8021060824394226,0.07923164963722229,high_clip_low_dino
00000198_ce02b93926418fed533387e95e95ed2e,00000671_30a2b73ce516d709bd7f614570be69f3,0.8079254627227783,0.1577572077512741,high_clip_low_dino
00000337_1d798736b0b23b03a8fce982a6879ecc,00000671_30a2b73ce516d709bd7f614570be69f3,0.8088147640228271,0.11102517694234848,high_clip_low_dino
00000705_4a785d38ddac05a82e6aa00cae42fbcf,00000945_53808ba3c9a54755f1292b9b12d93ea6,0.811487078666687,0.17048566043376923,high_clip_low_dino
00000247_ed470ac9b4727e89e1d15392fb5d4a0e,00000945_53808ba3c9a54755f1292b9b12d93ea6,0.8062379360198975,0.16755954921245575,high_clip_low_dino
00000176_ba330fbe857c9c0e3bc179ed16baf1ae,00000456_244c5ad7c86e42cb0dcbf183470748c2,0.8033705949783325,0.1945679932832718,high_clip_low_dino
00000119_eb81e1f688816f74db91fbb58fb26257,00000176_ba330fbe857c9c0e3bc179ed16baf1ae,0.8088129162788391,0.19789375364780426,high_clip_low_dino
00000665_e92551af1e3e8c9c5b1e7cb3345d9dae,00000920_befacb05999b0a68785788cefd5aeb46,0.829986035823822,0.16210031509399414,high_clip_low_dino
00000085_51f7edcc1a3ab6e3ad40a8a9b11dce18,00000251_0e40f5944391f0fa8c47745502b20ce7,0.806906521320343,0.19827388226985931,high_clip_low_dino
00000085_51f7edcc1a3ab6e3ad40a8a9b11dce18,00000288_4c1b81101338b286130108b3e1ebdde6,0.806906521320343,0.19827388226985931,high_clip_low_dino
00000085_51f7edcc1a3ab6e3ad40a8a9b11dce18,00000657_24dafe7d574165547030f130b707aad1,0.806906521320343,0.19827388226985931,high_clip_low_dino
00000085_51f7edcc1a3ab6e3ad40a8a9b11dce18,00000248_06d9eb909fd0bf503a7df4250f042d1d,0.8051150441169739,0.1867249608039856,high_clip_low_dino
00000076_3fb472420bcdca96f90439bc6ca9067d,00000085_51f7edcc1a3ab6e3ad40a8a9b11dce18,0.806906521320343,0.19827388226985931,high_clip_low_dino
00000085_51f7edcc1a3ab6e3ad40a8a9b11dce18,00000629_4320f3f29a990da0f28b1b59bc922a25,0.806906521320343,0.19827388226985931,high_clip_low_dino
00000336_d59292bec690ff5c6d2f5cdb8a32a79b,00000619_9451615d51687895d261889ae0fc4fab,0.8082568645477295,0.1452578902244568,high_clip_low_dino
00000664_f448105e175c84fd44e4ae56cceda5b5,00000721_6750378bb3b519d43802f3df0242db0c,0.8339976668357849,0.17911411821842194,high_clip_low_dino
00000251_e819aa05d17497f4ca8061913f687587,00000893_506c606cb8b73a884bd6f0d1f1282528,0.800757646560669,0.19349266588687897,high_clip_low_dino
00000918_69d850564f96a06433ed2e7bee6ffeeb,00001021_ada5db1414b5b06996d201f1045ac0b6,0.8016040325164795,0.10670512169599533,high_clip_low_dino
00000377_e24da0396e8cb43cd7e85bec28fa95b2,00000852_f6da24de63e0abf9da5e96a02e0dfb6a,0.8109090924263,0.15339231491088867,high_clip_low_dino
00000316_49b5b4883dbc45f78aa5ef2e59e50426,00000377_e24da0396e8cb43cd7e85bec28fa95b2,0.8026864528656006,0.1668803095817566,high_clip_low_dino
00000377_e24da0396e8cb43cd7e85bec28fa95b2,00000986_78ad666665b20c0d909bee640ffd2ef0,0.8016941547393799,0.14444831013679504,high_clip_low_dino
00000377_e24da0396e8cb43cd7e85bec28fa95b2,00000920_56a9511815bdc486f0dc0e855fc60ecd,0.8089393973350525,0.1341909021139145,high_clip_low_dino
00000357_bb2678a2d56793368341dec27ebc13b9,00000945_53808ba3c9a54755f1292b9b12d93ea6,0.8056298494338989,0.1757231056690216,high_clip_low_dino
00000291_66eecd5012ad6d207d123dc98220b0e7,00000945_53808ba3c9a54755f1292b9b12d93ea6,0.8107307553291321,0.13381272554397583,high_clip_low_dino
00000436_3dbe7e9a181a6ee94a9207f4cd2231cb,00000945_53808ba3c9a54755f1292b9b12d93ea6,0.8135581612586975,0.15026701986789703,high_clip_low_dino
00000304_cf6b9fa37f7c454229fad811d7db7696,00000436_3dbe7e9a181a6ee94a9207f4cd2231cb,0.8263294696807861,0.1613606959581375,high_clip_low_dino
00000084_e496ddd951833be0b8c19d65eb8bcf49,00000945_53808ba3c9a54755f1292b9b12d93ea6,0.8068374991416931,0.17059575021266937,high_clip_low_dino
00000084_e496ddd951833be0b8c19d65eb8bcf49,00000304_cf6b9fa37f7c454229fad811d7db7696,0.8073165416717529,0.17831844091415405,high_clip_low_dino
00000014_5820840144815be9d437b97dc38ca3a6,00000406_bf805037685787d44b3feb0e4af46132,0.8038449287414551,0.17223434150218964,high_clip_low_dino
00000291_66eecd5012ad6d207d123dc98220b0e7,00000406_bf805037685787d44b3feb0e4af46132,0.8223634958267212,0.10175362229347229,high_clip_low_dino
00000436_3dbe7e9a181a6ee94a9207f4cd2231cb,00000537_6f2a9f091ee1a11695fb8c14078a88bb,0.806387186050415,0.14013279974460602,high_clip_low_dino
00000406_bf805037685787d44b3feb0e4af46132,00000436_3dbe7e9a181a6ee94a9207f4cd2231cb,0.8051380515098572,0.12877197563648224,high_clip_low_dino
00000110_d5189901aaca97306478966cb5fe854d,00000228_a3bb3792757a1313af0b551399bd7e0a,0.8011578917503357,0.19906765222549438,high_clip_low_dino
00000125_d6ab110131470ee722711116c0d2911a,00000307_c1debb275634b1669eb4bb298f3564b2,0.8179073333740234,0.19061993062496185,high_clip_low_dino
00000126_4ff95e00915be5fba2e45d6447c92c2b,00000648_1be91d989cfe0829a90f266dc295a734,0.8298378586769104,0.19583745300769806,high_clip_low_dino
00000222_e3175d7f934035f1b53b7cc8730916a3,00000648_1be91d989cfe0829a90f266dc295a734,0.8115663528442383,0.09999196976423264,high_clip_low_dino
00000049_3f51a17b98add36d73a9778e0530bae1,00000320_b9da9bb7dfc88eebb332d90abd2c7143,0.8076736330986023,0.17067761719226837,high_clip_low_dino
00000049_3f51a17b98add36d73a9778e0530bae1,00000051_0e237dc1e5c4bc9ff66f8841715e988d,0.8001106381416321,0.12586119771003723,high_clip_low_dino
00000049_3f51a17b98add36d73a9778e0530bae1,00000297_1daa93774dff327edf11dab794cf32f3,0.8158813118934631,0.12733787298202515,high_clip_low_dino
00000049_3f51a17b98add36d73a9778e0530bae1,00000396_4a2597be4f7a6901736cf5581a4e527a,0.8076736330986023,0.17067761719226837,high_clip_low_dino
00000067_2539cf9476b35846e87696af7952d71d,00000228_6bcf0cf8faa0d2678141bace3e915a17,0.8292585611343384,0.16104264557361603,high_clip_low_dino
00000117_1e65c37705d5d092e4b23e46477526ee,00000937_1b9852b6120f3676d08e7ad72383e465,0.807083785533905,0.18128624558448792,high_clip_low_dino
00000074_7b3e2ad5d02b2ea19923a78bc1e07e0e,00000380_97c6eda2d6b5645bcd797eef17e05ed4,0.8022320866584778,0.13730596005916595,high_clip_low_dino
00000049_e65bc7304ed7905d0c467570a406e570,00000969_4e5fb2ab94a276984420ddc27c1e4740,0.8111692070960999,0.18916794657707214,high_clip_low_dino
00000353_119f5e56350b256cef5f34cd67134c69,00000686_b1bf784d567a19279875a4d1790c755b,0.8001301288604736,0.1607787162065506,high_clip_low_dino
00000049_e65bc7304ed7905d0c467570a406e570,00000308_39e6fdbd63363b800de927c406034260,0.8000630140304565,0.19420023262500763,high_clip_low_dino
00000113_e996148bba904ee20cd73ddd7435d250,00000378_64efa1454251e19e1145b942239a08f2,0.8109785914421082,0.1520184427499771,high_clip_low_dino
00000378_64efa1454251e19e1145b942239a08f2,00000644_5ab5550641c89877532966aa6101d394,0.8141690492630005,0.15654826164245605,high_clip_low_dino
00000357_ac0cf2c66ef6201f0da566207b725c88,00000828_20471b567830b7e69f3a37ce61a3a726,0.8099715709686279,0.09127211570739746,high_clip_low_dino
00000831_24a469637865408b726e1af7d173126d,00000980_e44e611c14a87437141ff6e675e06f29,0.8066738843917847,0.14512543380260468,high_clip_low_dino
00000221_c313c0d14de86157232dcde9dbf510fd,00000302_299036843c66ed7c7fc48fe46f133890,0.812828779220581,0.1865861862897873,high_clip_low_dino
00000522_c0e24cf045902184ed980c13a2b505c6,00000612_e822b7960bbe7f18fec43e0fe51ed763,0.8097484707832336,0.18704062700271606,high_clip_low_dino
00000113_e996148bba904ee20cd73ddd7435d250,00000128_3771bcb1e33a969ed00f8920c31a66c6,0.8045123815536499,0.19987903535366058,high_clip_low_dino
00000357_ac0cf2c66ef6201f0da566207b725c88,00000992_4eb8b12d78b63f11249916e52bd77375,0.8078789114952087,0.06007133424282074,high_clip_low_dino
00000011_283f4109ea1738b8f8b24eec7a59b6f6,00000822_ab79d415529916c3489cc59e4eaa8c8f,0.8095108270645142,0.08902496099472046,high_clip_low_dino
00000336_d59292bec690ff5c6d2f5cdb8a32a79b,00000603_6f07f576a61d9100de66a7dd4e838df5,0.8292304277420044,0.15682409703731537,high_clip_low_dino
00000336_d59292bec690ff5c6d2f5cdb8a32a79b,00000838_c902fbae073c22c4da509e7c688dd04e,0.8095189929008484,0.13326190412044525,high_clip_low_dino
00000449_2422feed5fb0b422c222a0baec397185,00000603_6f07f576a61d9100de66a7dd4e838df5,0.8003627061843872,0.17554478347301483,high_clip_low_dino
00000458_4ef13ade88184885400c86a2444819b5,00000733_9c211fb067121ad3b8bf5e356681c636,0.8050035834312439,0.18711088597774506,high_clip_low_dino
00000336_d59292bec690ff5c6d2f5cdb8a32a79b,00000854_9228d90e231c46078b17cd4bba271d72,0.8094987273216248,0.0812077447772026,high_clip_low_dino
00000134_1c1c8067c58675c1d5adaf579251a3ac,00000336_d59292bec690ff5c6d2f5cdb8a32a79b,0.8216903805732727,0.14774909615516663,high_clip_low_dino
00000134_1c1c8067c58675c1d5adaf579251a3ac,00000449_2422feed5fb0b422c222a0baec397185,0.8088590502738953,0.17612305283546448,high_clip_low_dino
00000336_d59292bec690ff5c6d2f5cdb8a32a79b,00000385_c84187c40c12068fc26e9fb2b8b6a58d,0.8051380515098572,0.12877197563648224,high_clip_low_dino
00000457_9652372eae98899462cb625d9a402437,00000475_01d8f05daafe4b1fc54f21b798eae2fc,0.8074714541435242,0.14453524351119995,high_clip_low_dino
00000391_7a1eec42faa7ceda1ef9fb03387f5f79,00000633_9c03dc83737ae06026d927f058551c0e,0.8248379826545715,0.15071488916873932,high_clip_low_dino
00000391_7a1eec42faa7ceda1ef9fb03387f5f79,00000743_fbe15c6c9ed726bd388bd01feb39ad8e,0.8094514012336731,0.1781732589006424,high_clip_low_dino
00000101_b596a407553acd86962c3e3aff210646,00000391_7a1eec42faa7ceda1ef9fb03387f5f79,0.824462354183197,0.15605515241622925,high_clip_low_dino
00000391_7a1eec42faa7ceda1ef9fb03387f5f79,00000500_b680bb73df937794f2997114321dfe5a,0.8211126923561096,0.1970083862543106,high_clip_low_dino
00000391_7a1eec42faa7ceda1ef9fb03387f5f79,00000677_829ffa4269c77fa945e3ce68361b4890,0.8075763583183289,0.16672253608703613,high_clip_low_dino
00000299_68a9ffb152b413b17c4ee7d1f0aee116,00000885_f99c8db09924768961b467f0cc07563c,0.8119558691978455,0.16098707914352417,high_clip_low_dino
00000258_4ce5c68333f87ff0526533f2a1381006,00000391_7a1eec42faa7ceda1ef9fb03387f5f79,0.8100035190582275,0.19424161314964294,high_clip_low_dino
00000633_9c03dc83737ae06026d927f058551c0e,00000998_b306f45dc1ed8968ed99adf7f7ad43f9,0.8094303011894226,0.16308917105197906,high_clip_low_dino
00000187_f257390ce829ee11f46ce41bbb5a0232,00000739_d40324cdf6022e7340e2a8ac144341f9,0.8030828833580017,0.16214951872825623,high_clip_low_dino
00000101_b596a407553acd86962c3e3aff210646,00000998_b306f45dc1ed8968ed99adf7f7ad43f9,0.8010600805282593,0.18810568749904633,high_clip_low_dino
00000587_5945dcfa88a15329ecbf9773e4bd1ce8,00000633_9c03dc83737ae06026d927f058551c0e,0.8059157133102417,0.14368262887001038,high_clip_low_dino
00000347_b6761097f7ca474cc11d45758dc31605,00000633_9c03dc83737ae06026d927f058551c0e,0.8070095777511597,0.16230860352516174,high_clip_low_dino
00000101_b596a407553acd86962c3e3aff210646,00000347_b6761097f7ca474cc11d45758dc31605,0.8084666132926941,0.18234780430793762,high_clip_low_dino
00000347_b6761097f7ca474cc11d45758dc31605,00000884_e62dd07dafad521f84c62b065dd12a23,0.8092023730278015,0.19385194778442383,high_clip_low_dino
00000016_ec68c52713101003be4311386d92c704,00000739_d40324cdf6022e7340e2a8ac144341f9,0.8181374073028564,0.12598645687103271,high_clip_low_dino
00000298_fe5e4308aa2990b6ecef8eb0300fb188,00000979_e3c3279659c9e3facfb42f59d14fb0a0,0.8203031420707703,0.19951392710208893,high_clip_low_dino
00000739_d40324cdf6022e7340e2a8ac144341f9,00000743_d3a2014791955f4da032ffc5e355bb32,0.8017805218696594,0.18143732845783234,high_clip_low_dino
00000447_a75e1d685b2d670b7f10b0b02e156c5b,00000987_e376b7e4e58b5d42fa977cd80ace0978,0.8016360998153687,0.16459542512893677,high_clip_low_dino
00000280_b73455405dc5f1afb955ddbb12269cd9,00000991_8baef9cd3e4e932f25554c638bd3f1bd,0.804202139377594,0.08331342041492462,high_clip_low_dino
00000223_3be14e690255d3a5c3034dd45d17fb78,00000741_e3d67c57aa551a904d728a93f5ebe33f,0.8049534559249878,0.18248040974140167,high_clip_low_dino
00000447_a75e1d685b2d670b7f10b0b02e156c5b,00000988_5fc5f3f2f1a9e0002655d58ea41d51ab,0.8120226860046387,0.19404657185077667,high_clip_low_dino
00000272_07bf8b7125f24464076366920f93ab5c,00000280_b73455405dc5f1afb955ddbb12269cd9,0.8038632869720459,0.044710543006658554,high_clip_low_dino
00000445_1d5386a69116dbddacbac692964f2250,00000447_a75e1d685b2d670b7f10b0b02e156c5b,0.8015046715736389,0.18971557915210724,high_clip_low_dino
00000447_a75e1d685b2d670b7f10b0b02e156c5b,00000492_62b659728e124a5f471dda3033524816,0.8120226860046387,0.19404657185077667,high_clip_low_dino
00000447_a75e1d685b2d670b7f10b0b02e156c5b,00000852_f6da24de63e0abf9da5e96a02e0dfb6a,0.8098829388618469,0.14068621397018433,high_clip_low_dino
00000154_cbc70b727ccf0d343eb7800ffa17d148,00000852_f6da24de63e0abf9da5e96a02e0dfb6a,0.807876706123352,0.1606508046388626,high_clip_low_dino
00000240_69725787314a13e2829efea7cd688a78,00000280_b73455405dc5f1afb955ddbb12269cd9,0.8397685289382935,0.11630186438560486,high_clip_low_dino
00000240_69725787314a13e2829efea7cd688a78,00000611_ba0c0249918dd13e999eaf9457a32f7f,0.8115015625953674,0.07648687064647675,high_clip_low_dino
00000680_0baa42cd771ca3d0c0370aa64646fc77,00000847_1d9a54b71316dcbf734de260a76733ef,0.8069902658462524,0.1923937052488327,high_clip_low_dino
00000276_e8b53d21e81793d6bf3e29fb98a304d3,00000847_1d9a54b71316dcbf734de260a76733ef,0.8316650986671448,0.17992337048053741,high_clip_low_dino
00000780_46f2313f3c30260c2a18fc698aa86d0e,00000847_1d9a54b71316dcbf734de260a76733ef,0.823498547077179,0.18788155913352966,high_clip_low_dino
00000641_f7daa678a49d585282b29c07d92e4004,00000882_8f7efb0552721648d20592a506961dfc,0.8050930500030518,0.1998203694820404,high_clip_low_dino
00000696_6e63e930d780674ef6d9aa5d5bc0e9fe,00000977_4c8a247c0374b96892be5baf766444b2,0.800177276134491,0.17009364068508148,high_clip_low_dino
00000410_bac61d7b5dff456b488a16950d904047,00000977_4c8a247c0374b96892be5baf766444b2,0.8031431436538696,0.18847058713436127,high_clip_low_dino
00000322_9b24733cc14e48fff97cee46e9df1498,00000585_58e4379a1c100f487e47198f5bd51424,0.8058308959007263,0.16508053243160248,high_clip_low_dino
00000585_58e4379a1c100f487e47198f5bd51424,00000587_4fcb0a38ae5d2a25324b5f40b92b41d3,0.8127249479293823,0.1994238942861557,high_clip_low_dino
00000063_b0131a4a95573282939f870c61483e4c,00000977_4c8a247c0374b96892be5baf766444b2,0.8119376301765442,0.15424701571464539,high_clip_low_dino
00000063_b0131a4a95573282939f870c61483e4c,00000641_f7daa678a49d585282b29c07d92e4004,0.8065587282180786,0.16918021440505981,high_clip_low_dino
00000931_a264924e7d75bf96536b6fb5e626fc32,00000977_4c8a247c0374b96892be5baf766444b2,0.8165075778961182,0.17519715428352356,high_clip_low_dino
00000641_f7daa678a49d585282b29c07d92e4004,00000931_a264924e7d75bf96536b6fb5e626fc32,0.8274484872817993,0.19050656259059906,high_clip_low_dino
00000091_9e493157a9bdef15d2c9e2d422049b30,00000582_d321b77ff7cdb6272858716477564bb0,0.8044049739837646,0.1840352863073349,high_clip_low_dino
00000582_d321b77ff7cdb6272858716477564bb0,00000977_4c8a247c0374b96892be5baf766444b2,0.8197970390319824,0.14099211990833282,high_clip_low_dino
00000582_d321b77ff7cdb6272858716477564bb0,00000708_29fce40309a161d774c652e94c92a062,0.803371012210846,0.1686035543680191,high_clip_low_dino
00000582_d321b77ff7cdb6272858716477564bb0,00000641_f7daa678a49d585282b29c07d92e4004,0.832548975944519,0.16671887040138245,high_clip_low_dino
00000091_9e493157a9bdef15d2c9e2d422049b30,00000939_45e9e5103d99c56dd71bab0dda89e090,0.8003140091896057,0.17917311191558838,high_clip_low_dino
00000093_6d723a75b88b33077cbe2d0b8a9e1e6f,00000183_69c79d09fdb834ba6c5eb640a1a3e326,0.8202265501022339,0.16248083114624023,high_clip_low_dino
00000093_6d723a75b88b33077cbe2d0b8a9e1e6f,00000892_d9b32ff96fb5b2a600645fb8f890e8cd,0.8000660538673401,0.18891675770282745,high_clip_low_dino
00000022_aed3704825fa4a2811a4f681549e0f10,00000093_6d723a75b88b33077cbe2d0b8a9e1e6f,0.8266957402229309,0.1649920642375946,high_clip_low_dino
00000093_6d723a75b88b33077cbe2d0b8a9e1e6f,00000211_bd0ab07606e569c228b9de47d2869c76,0.8113358616828918,0.14585506916046143,high_clip_low_dino
00000093_6d723a75b88b33077cbe2d0b8a9e1e6f,00000382_e776798bd752c5e9e2a620233ffa9553,0.8189694881439209,0.16429953277111053,high_clip_low_dino
00000629_2c39a8251b4ede1828998e53768ad1a8,00000811_27c3837f194c976aee986d281d1ee8a7,0.8041700720787048,0.16639278829097748,high_clip_low_dino
00000472_656161436b4ba541b37284447ba9f36e,00000908_5b1c56fd7af71ecce836ac2dff212c18,0.8186105489730835,0.10218440741300583,high_clip_low_dino
00000393_cec9ff9d3ca1cb8b9a3de666597b579c,00000807_4c55944e25c2683c44e190462ddb2be5,0.8312602639198303,0.15897653996944427,high_clip_low_dino
00000669_5218edc476ce1555877c1b40cdde34a6,00001023_479189e1e051e681645d118613c67ef4,0.8108148574829102,0.18185298144817352,high_clip_low_dino
00000853_03c3922a9e827ee9eb4535f734b4fa99,00000895_c6dc9a2712e0d1419b5aa32638699e41,0.8119505643844604,0.18770219385623932,high_clip_low_dino
00000245_335ee4d614bce376f08d575328309b2f,00000822_6874ea2fb33a833c94143adf78bd713e,0.867538332939148,0.16291910409927368,high_clip_low_dino
00000245_335ee4d614bce376f08d575328309b2f,00000685_be64d9622ccdbad8ea74285b78781736,0.8113988041877747,0.1984541416168213,high_clip_low_dino
00000762_052075a579359e5e10ec33e6a870a305,00000853_03c3922a9e827ee9eb4535f734b4fa99,0.8026280403137207,0.19503216445446014,high_clip_low_dino
00000555_ef1df6c3c4b637aade897d1cf9e632cb,00000585_58e4379a1c100f487e47198f5bd51424,0.8072460889816284,0.19405968487262726,high_clip_low_dino
00000553_a9bdfecc3df9fbf752f845c83213da19,00000888_999a4a2c9d97172befd46f327b3d1fbc,0.8532306551933289,0.17928963899612427,high_clip_low_dino
00000229_86428b98180cbc65fdc2801484526319,00000842_9c90c2ef988690491ea9dec3b1e2c6b6,0.8399624228477478,0.17654237151145935,high_clip_low_dino
00000175_5c886475b6cdb874f0711b3d61bacef4,00000672_03b9839efefa181962f9934f2e56fd5c,0.8186254501342773,0.13916315138339996,high_clip_low_dino
00000186_4da11363fed61f6b07b5d5ef22cd267a,00000755_207b0fcc5f357e0ec30caef18f1d767d,0.803834855556488,0.1521027833223343,high_clip_low_dino
00000321_8d3d0a308e2340f186c7e74a98c03e9f,00000672_03b9839efefa181962f9934f2e56fd5c,0.8324203491210938,0.19695457816123962,high_clip_low_dino
00000513_b52f0edb018bc3f244aad35ceef5c874,00000704_cf099d948f9b1bb9f3ec6123b8783a59,0.8135414719581604,0.16600480675697327,high_clip_low_dino
00000092_67f7b306b4e844689d73a1f9112ffc8c,00000513_b52f0edb018bc3f244aad35ceef5c874,0.8101812601089478,0.13417263329029083,high_clip_low_dino
00000696_6e63e930d780674ef6d9aa5d5bc0e9fe,00001000_7e15ed99f2f750893db79b828d9bb914,0.8011049032211304,0.1438971757888794,high_clip_low_dino
00000778_0ae88fd20810f87b01a6520330c0f943,00001000_7e15ed99f2f750893db79b828d9bb914,0.8016580939292908,0.19554291665554047,high_clip_low_dino
00000466_1c8c037a30c584c6e9594eea256f7d46,00000513_b52f0edb018bc3f244aad35ceef5c874,0.8080400228500366,0.17525872588157654,high_clip_low_dino
00000195_3ded5bfa12924500eb1026a19f0a405a,00000762_dd70cbb4a5fe54b375da9767210c749f,0.8014490008354187,0.16751228272914886,high_clip_low_dino
00000189_37ba2f400ec5e857e5a43f2596e7ee43,00000491_3b4250b8c5c2ef4a4e84dea1f58f03c2,0.8246110677719116,0.18675893545150757,high_clip_low_dino
00000627_32fd8369332fda0009492da55fdf9143,00000807_7461ecd59ee8b38c9efe282300e5cdae,0.8070143461227417,0.1758943498134613,high_clip_low_dino
00000807_7461ecd59ee8b38c9efe282300e5cdae,00001000_7e15ed99f2f750893db79b828d9bb914,0.820128858089447,0.17731212079524994,high_clip_low_dino
00000470_88fbe559c63f9819f4173e53e54f2143,00001000_7e15ed99f2f750893db79b828d9bb914,0.8009591102600098,0.18690180778503418,high_clip_low_dino
00000589_3957ab1e765e8654e8d9df35df0eef05,00000885_5e867d8ba17bc1eb68394a78a4d91b29,0.8053865432739258,0.16058605909347534,high_clip_low_dino
00000084_6e4a47279b659c2b96731cd2e68ddd24,00000229_86428b98180cbc65fdc2801484526319,0.801552951335907,0.12805329263210297,high_clip_low_dino
00000167_b0beafbdf6ab228db5d69e73859541e0,00000421_208f14cbebc11f0f5bcd8b0e7edd344f,0.8141775131225586,0.18656592071056366,high_clip_low_dino
00000440_85f1a26a52dc3baa0956aef27f35c36a,00000965_36b558e052206494f3119c2b0a9c7849,0.8082513809204102,0.16475355625152588,high_clip_low_dino
00000440_85f1a26a52dc3baa0956aef27f35c36a,00000823_a6a99eb20fa427ad654e0e0d52e262ca,0.8119352459907532,0.19250008463859558,high_clip_low_dino
00000003_cc66d6c689fd4d8d76995bc2a7a49fd0,00000965_36b558e052206494f3119c2b0a9c7849,0.8072784543037415,0.13477419316768646,high_clip_low_dino
00000920_c5dc55a645d6553009ee4362fdcec09f,00000965_36b558e052206494f3119c2b0a9c7849,0.8158830404281616,0.10856195539236069,high_clip_low_dino
00000003_cc66d6c689fd4d8d76995bc2a7a49fd0,00000823_a6a99eb20fa427ad654e0e0d52e262ca,0.8067798018455505,0.16903819143772125,high_clip_low_dino
00000823_a6a99eb20fa427ad654e0e0d52e262ca,00000920_c5dc55a645d6553009ee4362fdcec09f,0.806321918964386,0.13405700027942657,high_clip_low_dino
00000381_e86506ccd3b27f6bbce15973ea745d00,00000421_208f14cbebc11f0f5bcd8b0e7edd344f,0.8354896306991577,0.19679002463817596,high_clip_low_dino
00000229_86428b98180cbc65fdc2801484526319,00000302_8b50e38de741c00dc22978f31e36cba7,0.8197805881500244,0.19795548915863037,high_clip_low_dino
00000226_0536e7abee845023ef5b94f7860d9b92,00000552_92bd0b7c0f391d1d0e223fef22b4ed6b,0.8191587328910828,0.17570315301418304,high_clip_low_dino
00000718_26eac70e71f4e7f59bd196f49fdc5bdf,00001016_5fc49c58961180bfed504b665519c4a6,0.8009714484214783,0.1998583823442459,high_clip_low_dino
00000054_87ae6e62734595787756e69b3dcbed1d,00000990_9868d4a8d1c467d7d560258ccbe962d5,0.8133379220962524,0.16815191507339478,high_clip_low_dino
00000093_6d723a75b88b33077cbe2d0b8a9e1e6f,00000819_26df0da3ce0f986ac1743030cdf7d101,0.8168318271636963,0.17672686278820038,high_clip_low_dino
00000093_6d723a75b88b33077cbe2d0b8a9e1e6f,00000536_d22f15aaffdd455bb291df36a422e748,0.8027141690254211,0.18502166867256165,high_clip_low_dino
00000393_fe6023981ee14a4b4d658112f6ffc84b,00000463_1e2e25ca9797f0244932077f604ad779,0.8154439330101013,0.17366495728492737,high_clip_low_dino
00000513_f22c09c14d2597016340be4891f4b65a,00000990_9868d4a8d1c467d7d560258ccbe962d5,0.8376575112342834,0.17731642723083496,high_clip_low_dino
00000667_908ac3c9eb9b3d89f3a3bb96523afdf9,00000990_9868d4a8d1c467d7d560258ccbe962d5,0.8026055693626404,0.18520905077457428,high_clip_low_dino
00000612_c0d26f2f7b25a6410509c9e45b227c9e,00000762_0c812ed5993e8c329ce0e94667f255c8,0.8110109567642212,0.16339291632175446,high_clip_low_dino
00000666_a53f2416244a1b45847379bca1a0091e,00000847_1d9a54b71316dcbf734de260a76733ef,0.8265361189842224,0.18092899024486542,high_clip_low_dino
00000481_c36401801f11dcec59e152243d533787,00000666_a53f2416244a1b45847379bca1a0091e,0.8050692081451416,0.1659732162952423,high_clip_low_dino
00000719_71db7734fdd0f590a29a058f1656ede3,00000847_1d9a54b71316dcbf734de260a76733ef,0.8230534791946411,0.19813914597034454,high_clip_low_dino
00000481_c36401801f11dcec59e152243d533787,00000719_71db7734fdd0f590a29a058f1656ede3,0.8103761076927185,0.18303506076335907,high_clip_low_dino
00000495_c4aacda275c8efbe51e44c13a4b4c4e3,00000847_1d9a54b71316dcbf734de260a76733ef,0.8107603192329407,0.15595059096813202,high_clip_low_dino
00000481_c36401801f11dcec59e152243d533787,00000495_c4aacda275c8efbe51e44c13a4b4c4e3,0.8099526166915894,0.13262856006622314,high_clip_low_dino
00000748_d0c7bdfee81bce1feb9edbe71afd7146,00000847_1d9a54b71316dcbf734de260a76733ef,0.8246454000473022,0.17927071452140808,high_clip_low_dino
00000481_c36401801f11dcec59e152243d533787,00000922_9ccf678fdeb3aae2e820a36e05f55801,0.8020135164260864,0.18949607014656067,high_clip_low_dino
00000481_c36401801f11dcec59e152243d533787,00000748_d0c7bdfee81bce1feb9edbe71afd7146,0.8192877769470215,0.1697048842906952,high_clip_low_dino
00000162_f7edc8dde67e2ed90a67ef0037ca9f1b,00000844_0df30e719633117bf67795fe5e92c8d0,0.8323653340339661,0.153643399477005,high_clip_low_dino
00000844_0df30e719633117bf67795fe5e92c8d0,00000930_65ce5b0713866ede91978704fa58b25c,0.8076295852661133,0.17325545847415924,high_clip_low_dino
00000531_139581f9ee0dfbbfc5524af0f6c0059a,00000531_407b4b10ab32c68aa75817b364dc1d86,0.8082351088523865,0.1827598512172699,high_clip_low_dino
00000393_ba1376aa0f728326ab5ee9b56bd50bb4,00000435_0766e18357631ec03c8f49cb48d327a1,0.8080850839614868,0.1644243448972702,high_clip_low_dino
00000310_e8ee34b3dbbba109ad5a5b842173e464,00000531_407b4b10ab32c68aa75817b364dc1d86,0.8046985268592834,0.11071598529815674,high_clip_low_dino
00000033_defb3609613bd14b54f1d974af249c9a,00000762_0c812ed5993e8c329ce0e94667f255c8,0.8023260831832886,0.15101587772369385,high_clip_low_dino
00000637_d1722c0390a49303467cf8e3ff8d204a,00000666_a53f2416244a1b45847379bca1a0091e,0.8137396574020386,0.16551317274570465,high_clip_low_dino
00000637_d1722c0390a49303467cf8e3ff8d204a,00000719_71db7734fdd0f590a29a058f1656ede3,0.8168318271636963,0.17672686278820038,high_clip_low_dino
00000144_be7c5bd2db0ffe5a6ff79d51b0c356c8,00000762_0c812ed5993e8c329ce0e94667f255c8,0.8175734281539917,0.12931427359580994,high_clip_low_dino
00000495_c4aacda275c8efbe51e44c13a4b4c4e3,00000637_d1722c0390a49303467cf8e3ff8d204a,0.8016341924667358,0.14456018805503845,high_clip_low_dino
00000637_d1722c0390a49303467cf8e3ff8d204a,00000748_d0c7bdfee81bce1feb9edbe71afd7146,0.8159098029136658,0.16430483758449554,high_clip_low_dino
00000162_f7edc8dde67e2ed90a67ef0037ca9f1b,00000358_c262c58120440db5bfd2ef2cc6f661f0,0.8151096105575562,0.10726216435432434,high_clip_low_dino
00000897_e83a7f822a4fea37f97d8efc5f2c21b4,00001011_ff1edf1e3f7ba24e27a8834416625951,0.8236040472984314,0.1708991974592209,high_clip_low_dino
00000957_09a54e319cdbc5ed6b01e56e03c2a9f4,00001011_ff1edf1e3f7ba24e27a8834416625951,0.805351197719574,0.11375537514686584,high_clip_low_dino
00000040_4708e7a4b73896a52fe946513d460a11,00000612_c0d26f2f7b25a6410509c9e45b227c9e,0.8126553893089294,0.150220587849617,high_clip_low_dino
00000406_bf805037685787d44b3feb0e4af46132,00000612_c0d26f2f7b25a6410509c9e45b227c9e,0.8110109567642212,0.16339291632175446,high_clip_low_dino
00000040_4708e7a4b73896a52fe946513d460a11,00000386_f45e3570ae192c18fa0a47b0a6e4ec2b,0.8069967031478882,0.12294591218233109,high_clip_low_dino
00000386_f45e3570ae192c18fa0a47b0a6e4ec2b,00000406_bf805037685787d44b3feb0e4af46132,0.8146085143089294,0.12705275416374207,high_clip_low_dino
00000406_bf805037685787d44b3feb0e4af46132,00000572_220fd23fec20bdfb34bd7577e1bc867c,0.8054459095001221,0.15924301743507385,high_clip_low_dino
00000040_4708e7a4b73896a52fe946513d460a11,00000807_7461ecd59ee8b38c9efe282300e5cdae,0.8181359767913818,0.1396285891532898,high_clip_low_dino
00000406_bf805037685787d44b3feb0e4af46132,00000807_7461ecd59ee8b38c9efe282300e5cdae,0.8211004137992859,0.13569772243499756,high_clip_low_dino
00000647_9e509e6f5fb18176c3ca8d500f0c19dd,00000897_e83a7f822a4fea37f97d8efc5f2c21b4,0.8368738293647766,0.11066931486129761,high_clip_low_dino
00000212_7b169ff7d64127f17c6a56e0e5a2406a,00000598_86da7924826defc8e2ed9a93d782215d,0.8060530424118042,0.1192641332745552,high_clip_low_dino
00000647_9e509e6f5fb18176c3ca8d500f0c19dd,00000957_09a54e319cdbc5ed6b01e56e03c2a9f4,0.8240081071853638,0.15049022436141968,high_clip_low_dino
00000406_bf805037685787d44b3feb0e4af46132,00000835_ed885ee0bc06b80f33213200339fd207,0.8090474605560303,0.15611760318279266,high_clip_low_dino
00000035_26728d522b98ff4271dd8db8d63e6979,00000273_551f3e93b25517f192e85a811ea960ec,0.8016176819801331,0.18560479581356049,high_clip_low_dino
00000021_ef47b617956a372c156f3e79acab1b71,00000800_7fbf17d0732544d024b264fa5fa85812,0.8013330698013306,0.18145395815372467,high_clip_low_dino
00000273_551f3e93b25517f192e85a811ea960ec,00000629_2c39a8251b4ede1828998e53768ad1a8,0.8049061894416809,0.183083638548851,high_clip_low_dino
00000016_ec68c52713101003be4311386d92c704,00000035_26728d522b98ff4271dd8db8d63e6979,0.8033748269081116,0.14501863718032837,high_clip_low_dino
00000000_2e6b0561d3605dcb67c4b828d469b173,00001000_7e15ed99f2f750893db79b828d9bb914,0.8272045254707336,0.19591167569160461,high_clip_low_dino
00000039_1d9da6395c7b61f694ff78cc2634f574,00000370_68656c0c2d77f2971ebd7f35e42f2d04,0.8019847869873047,0.17661221325397491,high_clip_low_dino
00000039_1d9da6395c7b61f694ff78cc2634f574,00000809_252e52cd75b82944db5c1e99cf2797e7,0.801286518573761,0.17658205330371857,high_clip_low_dino
00000039_1d9da6395c7b61f694ff78cc2634f574,00000835_c7b7ea6e9e9f5d9c49875d7cc429a368,0.8071922659873962,0.11375746130943298,high_clip_low_dino
00000039_1d9da6395c7b61f694ff78cc2634f574,00000649_ef5e93359e99d76e81a481f9c619dc36,0.8070507645606995,0.08253501355648041,high_clip_low_dino
00000466_1c8c037a30c584c6e9594eea256f7d46,00000820_fa9f5c8c1ad8d6e0be6a9ea691844eaa,0.8033561706542969,0.1709732562303543,high_clip_low_dino
00000466_1c8c037a30c584c6e9594eea256f7d46,00000835_c7b7ea6e9e9f5d9c49875d7cc429a368,0.8066165447235107,0.17143993079662323,high_clip_low_dino
00000466_1c8c037a30c584c6e9594eea256f7d46,00000649_ef5e93359e99d76e81a481f9c619dc36,0.8151669502258301,0.16222691535949707,high_clip_low_dino
00000819_26df0da3ce0f986ac1743030cdf7d101,00001000_7e15ed99f2f750893db79b828d9bb914,0.8058318495750427,0.16276393830776215,high_clip_low_dino
00000672_03b9839efefa181962f9934f2e56fd5c,00001000_7e15ed99f2f750893db79b828d9bb914,0.818464994430542,0.06212086230516434,high_clip_low_dino
00000000_c808439ab6b00d6f01a6ff412bf8755e,00000672_03b9839efefa181962f9934f2e56fd5c,0.8186254501342773,0.13916315138339996,high_clip_low_dino
00000133_21cd00c3c2ceb7fed680517f75253290,00000290_fe755c494c2036ee5c9f2523f45b54ec,0.815382719039917,0.19301070272922516,high_clip_low_dino
00000367_fd3b834b13fbcd5316701af5f776f139,00001000_7e15ed99f2f750893db79b828d9bb914,0.8065494298934937,0.17963820695877075,high_clip_low_dino
00000236_a78b0b257ad1611012b95b29b5039da5,00001000_7e15ed99f2f750893db79b828d9bb914,0.8061020374298096,0.16320115327835083,high_clip_low_dino
00000021_2191d2991de008b188bbb2c45132a866,00001000_7e15ed99f2f750893db79b828d9bb914,0.8098295331001282,0.17887552082538605,high_clip_low_dino
00000484_e3b67f587f0f5d0ad9cb96cb406fb3f7,00000835_c7b7ea6e9e9f5d9c49875d7cc429a368,0.8066714406013489,0.1956791877746582,high_clip_low_dino
00000822_97d9b6022ba513801cb48cf5669b2a36,00001000_7e15ed99f2f750893db79b828d9bb914,0.8190155029296875,0.1477903425693512,high_clip_low_dino
00000484_e3b67f587f0f5d0ad9cb96cb406fb3f7,00000649_ef5e93359e99d76e81a481f9c619dc36,0.8095431327819824,0.14876043796539307,high_clip_low_dino
00000290_fe755c494c2036ee5c9f2523f45b54ec,00001021_50981ca8a675b82ed862c4d68057fd03,0.8071392178535461,0.17453163862228394,high_clip_low_dino
00001000_7e15ed99f2f750893db79b828d9bb914,00001021_50981ca8a675b82ed862c4d68057fd03,0.807521402835846,0.16566643118858337,high_clip_low_dino
00000791_066bf4e52e8f44041c7c194e3f75ea02,00000920_c5dc55a645d6553009ee4362fdcec09f,0.803992509841919,0.18897143006324768,high_clip_low_dino
00000533_407e6830405e611475ff1040f01e33b3,00001011_e7133386b25dd5f3c280d1fc9ddf5b4b,0.8106621503829956,0.19082386791706085,high_clip_low_dino
00000539_742805fbe5cfe0fe7c4505ea6fe9d29f,00000920_c5dc55a645d6553009ee4362fdcec09f,0.8040642738342285,0.09170615673065186,high_clip_low_dino
00000143_7194a58b19bc44271e6e473fdeac99c5,00001007_74f836f9bab3c47c3ab322e061307d9e,0.8008761405944824,0.19861017167568207,high_clip_low_dino
00000533_407e6830405e611475ff1040f01e33b3,00000544_b38748a7fdfb10aafe53729160828431,0.8110176920890808,0.1560571789741516,high_clip_low_dino
00000406_bf805037685787d44b3feb0e4af46132,00000920_c5dc55a645d6553009ee4362fdcec09f,0.823506236076355,0.13297872245311737,high_clip_low_dino
00000243_8fda0501853b03cf9fdd03790491ed1b,00000406_bf805037685787d44b3feb0e4af46132,0.8090474605560303,0.15611760318279266,high_clip_low_dino
00000878_21179f02c6b34c17150d0418550570e4,00000972_02d5c657f1ced2cbea0693b2953b24cd,0.8044049739837646,0.1840352863073349,high_clip_low_dino
00000721_68fca643d3053a3c0aee485864dbe936,00000960_3cefc1c5c78587207a23ca84e1dbeadd,0.8076226711273193,0.15816684067249298,high_clip_low_dino
00000513_f22c09c14d2597016340be4891f4b65a,00000972_02d5c657f1ced2cbea0693b2953b24cd,0.8044049739837646,0.1840352863073349,high_clip_low_dino
00000972_02d5c657f1ced2cbea0693b2953b24cd,00000973_5e6d18ff7a875eef78f15c71c6b7a823,0.8040537238121033,0.17166945338249207,high_clip_low_dino
00000027_2672057007bf9a9c11f41cbbc07ba082,00000562_c56fa679159ce344c9d217b5e548b84b,0.8071213960647583,0.19294404983520508,high_clip_low_dino
00000562_c56fa679159ce344c9d217b5e548b84b,00000878_21179f02c6b34c17150d0418550570e4,0.8341003656387329,0.12450969219207764,high_clip_low_dino
00000562_c56fa679159ce344c9d217b5e548b84b,00000606_642133236dded7dcd5bf51d55fa59670,0.804020881652832,0.14747130870819092,high_clip_low_dino
00000513_f22c09c14d2597016340be4891f4b65a,00000562_c56fa679159ce344c9d217b5e548b84b,0.8341003656387329,0.12450969219207764,high_clip_low_dino
00000562_c56fa679159ce344c9d217b5e548b84b,00000973_5e6d18ff7a875eef78f15c71c6b7a823,0.8176407814025879,0.1481873244047165,high_clip_low_dino
00000169_6e67b709733e4a59ae372676fe8c24fd,00000538_dd4d6f5ad7104ba20af13a68774abb26,0.805644154548645,0.13760817050933838,high_clip_low_dino
00000183_69c79d09fdb834ba6c5eb640a1a3e326,00000538_dd4d6f5ad7104ba20af13a68774abb26,0.8015910387039185,0.15786044299602509,high_clip_low_dino
00000390_1b7d36c1f3b2bcdc01a1a21825c3228c,00000781_34a0833d6456b4c778fd6484f804a2ed,0.8020129203796387,0.18029865622520447,high_clip_low_dino
00000422_36ef225475e0b921c9876cd1bb4849a1,00000837_0b773affdd3a22a27176d87595f7cb9c,0.8207641243934631,0.16171632707118988,high_clip_low_dino
00000299_a4aee87b9d7ab4df33520edc8f844d9b,00000422_36ef225475e0b921c9876cd1bb4849a1,0.8095185160636902,0.12043499946594238,high_clip_low_dino
00000169_6e67b709733e4a59ae372676fe8c24fd,00000720_790ad132d877559d401e7626a73a227d,0.8017693161964417,0.13429675996303558,high_clip_low_dino
00000280_91b13422cf23a528afc24fadc7423158,00000426_0fa51c036a646d08cd21002abc10e8e3,0.8010275959968567,0.19069315493106842,high_clip_low_dino
00000998_26b217bd8457800e3a20493bc7d97c13,00001014_f4f7135d04524569654cca2be86663d8,0.8015764951705933,0.09697667509317398,high_clip_low_dino
00000231_f76a7d957f15fa2212412c26b1214a0d,00000952_eefc3ca3e680bf9b98aa40c8a95211db,0.8101390600204468,0.17711633443832397,high_clip_low_dino
00000231_f76a7d957f15fa2212412c26b1214a0d,00000998_84e473aaf1af2e09d12fcca31a6c7369,0.8048304915428162,0.18092815577983856,high_clip_low_dino
00000310_e8ee34b3dbbba109ad5a5b842173e464,00000582_9b1462db2e1f44591b2282be6ae2dd3b,0.8001198172569275,0.17531083524227142,high_clip_low_dino
00000507_21c397a24ae694df92caf3f1aafcbf43,00000647_9e509e6f5fb18176c3ca8d500f0c19dd,0.8166261911392212,0.1549757868051529,high_clip_low_dino
00000206_b518bba81d7ed7b60f21f947b6f01cad,00000648_1be91d989cfe0829a90f266dc295a734,0.8065119981765747,0.08928941190242767,high_clip_low_dino
00000088_754353ee0679448605520da32c585670,00000724_93a430c4b68926ea0c8f169f40e65031,0.8032466173171997,0.1860804408788681,high_clip_low_dino
00000088_754353ee0679448605520da32c585670,00000418_dff831049f6f4b72b9df96d68cbf237c,0.8130480051040649,0.1994372010231018,high_clip_low_dino
00000765_2acb5e699888e0c9d09da43fa2e9c0eb,00000805_b76ece058add7d98e2c878de9a34f1b5,0.8023861646652222,0.11696698516607285,high_clip_low_dino
00000418_dff831049f6f4b72b9df96d68cbf237c,00000805_b76ece058add7d98e2c878de9a34f1b5,0.8007018566131592,0.11793570220470428,high_clip_low_dino
00000537_dff83d05a1b7a98d299409abb27981a7,00000584_8a11704e0ac63f702fee611c0c978644,0.8025901317596436,0.1434243768453598,high_clip_low_dino
00000056_9454938f01d3ef43a73bfd88e2b3b9c5,00000167_1891c22a0df971ec2046347a36e34ddf,0.8280189633369446,0.1685580313205719,high_clip_low_dino
00000175_ae92068553de5d06fc80db544d462f62,00000576_2d4d9a80cd5def4f04d97ae79ef9fc56,0.8307158946990967,0.17090584337711334,high_clip_low_dino
00000088_754353ee0679448605520da32c585670,00000255_e76f9e0c9a194efc89f8489d1d38bd53,0.8100631833076477,0.1871050000190735,high_clip_low_dino
00000727_a57ee9fcf61102d47a0cc5cf0c4ac264,00000945_53808ba3c9a54755f1292b9b12d93ea6,0.8051714301109314,0.18204963207244873,high_clip_low_dino
00000445_1d5386a69116dbddacbac692964f2250,00000945_53808ba3c9a54755f1292b9b12d93ea6,0.8085631728172302,0.17818941175937653,high_clip_low_dino
00000003_cc66d6c689fd4d8d76995bc2a7a49fd0,00000739_d40324cdf6022e7340e2a8ac144341f9,0.8171309232711792,0.1712716519832611,high_clip_low_dino
00000003_cc66d6c689fd4d8d76995bc2a7a49fd0,00000537_6f2a9f091ee1a11695fb8c14078a88bb,0.8084793090820312,0.15439270436763763,high_clip_low_dino
00000586_0dd8f8d3b856252e9a7d0753d2b542df,00000688_528646b7d1599b6ee37f5443c0ef5c1c,0.8073832988739014,0.1848045289516449,high_clip_low_dino
00000136_f4f041e53445b5aa7599e4296fc5f462,00000580_7c6b2badc9dbcf27235b76024c83a763,0.8039119243621826,0.18840628862380981,high_clip_low_dino
00000355_4de883cf89b24084d2c04f1ef2656086,00000547_569155e7ac51249a46b1325c86d6126f,0.8133444786071777,0.03646372631192207,high_clip_low_dino
00000547_569155e7ac51249a46b1325c86d6126f,00000865_7642467193f1bb09b4519de1be16ba92,0.8203496336936951,0.1887722611427307,high_clip_low_dino
00000570_3306f1cf546fbcbb6b5928d16d9ef773,00000747_b6c1c6f6977a103d42d24cf877e0693c,0.8148844242095947,0.17905732989311218,high_clip_low_dino
00000182_0b1d7daf12803f1ee6335d8ec93a7250,00000562_c56fa679159ce344c9d217b5e548b84b,0.8100557327270508,0.13224667310714722,high_clip_low_dino
00000198_ddea37b8d11028a7763348c559759d4b,00000761_412fa874051aa75587c4a430b29d028e,0.8076291680335999,0.18490628898143768,high_clip_low_dino
00000198_ddea37b8d11028a7763348c559759d4b,00000562_c56fa679159ce344c9d217b5e548b84b,0.8095650672912598,0.15614238381385803,high_clip_low_dino
00000562_c56fa679159ce344c9d217b5e548b84b,00000967_959fc4e1849096db17ecca29d8cfb205,0.8184279799461365,0.1597694605588913,high_clip_low_dino
00000724_93a430c4b68926ea0c8f169f40e65031,00000761_412fa874051aa75587c4a430b29d028e,0.8032466173171997,0.1860804408788681,high_clip_low_dino
00000022_aed3704825fa4a2811a4f681549e0f10,00000186_e0a18f251ee4d442b932a30450179dbb,0.8037152290344238,0.15701521933078766,high_clip_low_dino
00000102_10abf524c9b31b80ea7a33b415b2f68b,00000761_412fa874051aa75587c4a430b29d028e,0.8006667494773865,0.1942463517189026,high_clip_low_dino
00000102_10abf524c9b31b80ea7a33b415b2f68b,00000562_c56fa679159ce344c9d217b5e548b84b,0.804337203502655,0.15733546018600464,high_clip_low_dino
00000022_aed3704825fa4a2811a4f681549e0f10,00000562_c56fa679159ce344c9d217b5e548b84b,0.8244563937187195,0.127555251121521,high_clip_low_dino
00000746_7696f8f57a6fdf407be3d6a314354e3e,00000994_0bbe33df8fc1c1bdacaddc6465bbed3f,0.8013590574264526,0.13645929098129272,high_clip_low_dino
00000010_9b2bc77997901b3bf181147fb616821c,00000247_ed470ac9b4727e89e1d15392fb5d4a0e,0.800440788269043,0.17240376770496368,high_clip_low_dino
00000010_9b2bc77997901b3bf181147fb616821c,00000119_eb81e1f688816f74db91fbb58fb26257,0.8024746775627136,0.19215641915798187,high_clip_low_dino
00000562_c56fa679159ce344c9d217b5e548b84b,00000632_8e7901745867e9f41be6a8b46729993e,0.8014110922813416,0.17714542150497437,high_clip_low_dino
00000101_462a18fcce9e1e64137a8858e6cd7077,00000885_5e867d8ba17bc1eb68394a78a4d91b29,0.8022994995117188,0.16305981576442719,high_clip_low_dino
00000538_be1fedc08d7a5032877724e17527668e,00000717_6cce4f872be23c244cc72af20597d6fc,0.8065760731697083,0.13395239412784576,high_clip_low_dino
00000489_8e0839ceadcaa837cbf5abb7752b28b5,00000538_be1fedc08d7a5032877724e17527668e,0.8051380515098572,0.12877197563648224,high_clip_low_dino
00000538_be1fedc08d7a5032877724e17527668e,00001013_cca0ffe1bfd61e061cdd15efbf310f0c,0.8046573400497437,0.13148124516010284,high_clip_low_dino
00000299_00d434ab27911d49b410e05406e0d02b,00000538_be1fedc08d7a5032877724e17527668e,0.8259641528129578,0.12995173037052155,high_clip_low_dino
00000227_6b8335fe89ce47ef8b9b6d04a35a70e4,00000538_be1fedc08d7a5032877724e17527668e,0.8051380515098572,0.12877197563648224,high_clip_low_dino
00000538_be1fedc08d7a5032877724e17527668e,00000997_521589ef78a44ea25eb9583302fcfc57,0.8207117915153503,0.11931511014699936,high_clip_low_dino
00000016_ec68c52713101003be4311386d92c704,00000538_be1fedc08d7a5032877724e17527668e,0.8094993233680725,0.09585019946098328,high_clip_low_dino
00000410_a8e539afb965586cdf9a657e05f6c4da,00000717_6cce4f872be23c244cc72af20597d6fc,0.8153335452079773,0.15279945731163025,high_clip_low_dino
00000410_a8e539afb965586cdf9a657e05f6c4da,00000489_8e0839ceadcaa837cbf5abb7752b28b5,0.8039390444755554,0.12449252605438232,high_clip_low_dino
00000410_a8e539afb965586cdf9a657e05f6c4da,00001013_cca0ffe1bfd61e061cdd15efbf310f0c,0.8016051054000854,0.16071711480617523,high_clip_low_dino
00000079_5e86a884df4dba0665ff25b5e45d739a,00000531_407b4b10ab32c68aa75817b364dc1d86,0.8146679997444153,0.15788434445858002,high_clip_low_dino
00000299_00d434ab27911d49b410e05406e0d02b,00000410_a8e539afb965586cdf9a657e05f6c4da,0.8163720369338989,0.1544760912656784,high_clip_low_dino
00000227_6b8335fe89ce47ef8b9b6d04a35a70e4,00000410_a8e539afb965586cdf9a657e05f6c4da,0.8039390444755554,0.12449252605438232,high_clip_low_dino
00000410_a8e539afb965586cdf9a657e05f6c4da,00000997_521589ef78a44ea25eb9583302fcfc57,0.8144360780715942,0.13581404089927673,high_clip_low_dino
00000016_ec68c52713101003be4311386d92c704,00000410_a8e539afb965586cdf9a657e05f6c4da,0.8133958578109741,0.12635821104049683,high_clip_low_dino
00000001_3e3ed577b9f00c947d5ac14b84008187,00000133_5773f97282ab5d67a61d224fd425cd09,0.8257375359535217,0.12740708887577057,high_clip_low_dino
00000717_6cce4f872be23c244cc72af20597d6fc,00000965_36b558e052206494f3119c2b0a9c7849,0.8063384890556335,0.12283571064472198,high_clip_low_dino
00000965_36b558e052206494f3119c2b0a9c7849,00001013_cca0ffe1bfd61e061cdd15efbf310f0c,0.8128936290740967,0.12335547059774399,high_clip_low_dino
00000299_00d434ab27911d49b410e05406e0d02b,00000965_36b558e052206494f3119c2b0a9c7849,0.8115900754928589,0.11318453401327133,high_clip_low_dino
00000068_fedcd7d4cc13cc9618de25e117395eda,00000091_d6fbbd7e0008b96ccd1e303504d7c5b5,0.826387882232666,0.1489475667476654,high_clip_low_dino
00000965_36b558e052206494f3119c2b0a9c7849,00000997_521589ef78a44ea25eb9583302fcfc57,0.8159402012825012,0.09176413714885712,high_clip_low_dino
00000016_ec68c52713101003be4311386d92c704,00000965_36b558e052206494f3119c2b0a9c7849,0.8159737586975098,0.10369981080293655,high_clip_low_dino
00000068_fedcd7d4cc13cc9618de25e117395eda,00000569_b219728ea6590f2fd7e2145ac174bd35,0.8034254312515259,0.14214585721492767,high_clip_low_dino
00000299_00d434ab27911d49b410e05406e0d02b,00000787_0821f97830f398bc620c63b1dea883b5,0.8001338243484497,0.15186451375484467,high_clip_low_dino
00000553_5eba62fa8b81d4c2df79dd047211a9eb,00000663_510b0c2486500fa6bbe867f9f6649a15,0.8189643025398254,0.1917857676744461,high_clip_low_dino
00000350_c542d1d27649a9f9217dd62ea0e59263,00000900_c8feb37654a185d5055deb8d1cbf54d4,0.8092606067657471,0.17063096165657043,high_clip_low_dino
00000217_b4236d4d32a46f4cf93c0b52646c7816,00001013_cca0ffe1bfd61e061cdd15efbf310f0c,0.8087279200553894,0.14913316071033478,high_clip_low_dino
00000203_b1b2644bbfcf382e08232cb712d17aa3,00000217_b4236d4d32a46f4cf93c0b52646c7816,0.8028370141983032,0.18756672739982605,high_clip_low_dino
00000135_1fe4e9fadeca2016f1abff173887f178,00000591_8b6688529960009a728d07f436edc741,0.8012192249298096,0.198238343000412,high_clip_low_dino
00000135_1fe4e9fadeca2016f1abff173887f178,00000979_eba59381e66da83c6267cb7066398ca2,0.8034276366233826,0.18287955224514008,high_clip_low_dino
00000265_c6d4cbc269bc486f52a7d5f2acf52cc1,00000897_e83a7f822a4fea37f97d8efc5f2c21b4,0.8096430897712708,0.10286405682563782,high_clip_low_dino
00000292_bb9d381e452918fe55dfb6b6d8a4c9cf,00000484_e3b67f587f0f5d0ad9cb96cb406fb3f7,0.8065763115882874,0.1975434124469757,high_clip_low_dino
00000211_bd0ab07606e569c228b9de47d2869c76,00000484_e3b67f587f0f5d0ad9cb96cb406fb3f7,0.8121700882911682,0.14775300025939941,high_clip_low_dino
00000135_1fe4e9fadeca2016f1abff173887f178,00000230_3c87a035d40a02276c4a36eceea2cea4,0.813726544380188,0.19850900769233704,high_clip_low_dino
00000211_bd0ab07606e569c228b9de47d2869c76,00000532_4be129b0ee972f71be3bdc47aa127949,0.8097401857376099,0.16313207149505615,high_clip_low_dino
00000845_f7ec122c2fdcb4b5a4baf97b724ee5ab,00000895_0bd9229d6b64f38cbfff4f1d791f3e03,0.8034417033195496,0.17975132167339325,high_clip_low_dino
00000287_8980d530668157ef875227f02fbf2b3c,00000845_f7ec122c2fdcb4b5a4baf97b724ee5ab,0.8034417033195496,0.17975132167339325,high_clip_low_dino
00000702_288f344665080f0212b06a0dbfaf7e66,00000845_f7ec122c2fdcb4b5a4baf97b724ee5ab,0.8034417033195496,0.17975132167339325,high_clip_low_dino
00000211_bd0ab07606e569c228b9de47d2869c76,00000637_4b05b8b4db3c338d73ba9311cd29609b,0.8153360486030579,0.1924849897623062,high_clip_low_dino
00000004_b47cb25ada1186a4f8523d53d04a4002,00000533_4831056bd3ef472921211f233a31b429,0.8110502362251282,0.1400136500597,high_clip_low_dino
00000538_dd4d6f5ad7104ba20af13a68774abb26,00000970_c0524ee6129f09018c42b8a7c689e021,0.8036677837371826,0.19678528606891632,high_clip_low_dino
00000040_4708e7a4b73896a52fe946513d460a11,00000169_6e67b709733e4a59ae372676fe8c24fd,0.8160073757171631,0.1375950574874878,high_clip_low_dino
00000040_4708e7a4b73896a52fe946513d460a11,00000214_11526b019c5163668240a8c08e8ce0cc,0.8096704483032227,0.14435528218746185,high_clip_low_dino
00000040_4708e7a4b73896a52fe946513d460a11,00000792_b228d13830be404f697d10c95dc26fda,0.8160073757171631,0.1375950574874878,high_clip_low_dino
00000004_15f450dc0c533a661dff19aa62ec52d0,00000040_4708e7a4b73896a52fe946513d460a11,0.8061911463737488,0.18532253801822662,high_clip_low_dino
00000040_4708e7a4b73896a52fe946513d460a11,00000968_58f1bd7a032754864d2a6c4b2c624f60,0.8193215131759644,0.15915630757808685,high_clip_low_dino
00000455_9abd7f5b3b20ce4089a2fb793f715391,00000535_1aa5e07509a0bacc16a5326bc1c75ab6,0.8133016228675842,0.13181361556053162,high_clip_low_dino
00000221_24db8f88ea37d584fb484c0632a98968,00000455_9abd7f5b3b20ce4089a2fb793f715391,0.8151680827140808,0.19805651903152466,high_clip_low_dino
00000231_f76a7d957f15fa2212412c26b1214a0d,00000973_5e6d18ff7a875eef78f15c71c6b7a823,0.8054260611534119,0.1411680430173874,high_clip_low_dino
00000973_5e6d18ff7a875eef78f15c71c6b7a823,00000977_4c8a247c0374b96892be5baf766444b2,0.8168862462043762,0.1591479778289795,high_clip_low_dino
00000811_27c3837f194c976aee986d281d1ee8a7,00000977_4c8a247c0374b96892be5baf766444b2,0.8089943528175354,0.16811372339725494,high_clip_low_dino
00000748_755dcc6bff7c111b23d7a6056362eec5,00000811_27c3837f194c976aee986d281d1ee8a7,0.8091275691986084,0.12359968572854996,high_clip_low_dino
00000977_4c8a247c0374b96892be5baf766444b2,00001001_9d60ffbf0eef018ce52f12ebc9846adb,0.8113064765930176,0.18790578842163086,high_clip_low_dino
00000583_347841b5d390f0be93f346bcd5283baf,00000977_4c8a247c0374b96892be5baf766444b2,0.8113064765930176,0.18790578842163086,high_clip_low_dino
00000564_c9fed039b8ef395ef6c7844b8de124f8,00000748_755dcc6bff7c111b23d7a6056362eec5,0.8071305155754089,0.19783957302570343,high_clip_low_dino
00000485_c77a8426eaa23b6baf7aa613a6102def,00000977_4c8a247c0374b96892be5baf766444b2,0.8089943528175354,0.16811372339725494,high_clip_low_dino
00000485_c77a8426eaa23b6baf7aa613a6102def,00000748_755dcc6bff7c111b23d7a6056362eec5,0.8091275691986084,0.12359968572854996,high_clip_low_dino
00000496_e47703eea3864530b3ae926bab7d7f19,00000748_755dcc6bff7c111b23d7a6056362eec5,0.8071305155754089,0.19783957302570343,high_clip_low_dino
00000130_05d35a043a644b016c5558a380912c4f,00000231_f76a7d957f15fa2212412c26b1214a0d,0.8106678128242493,0.15903213620185852,high_clip_low_dino
00000130_05d35a043a644b016c5558a380912c4f,00000977_4c8a247c0374b96892be5baf766444b2,0.8192868828773499,0.17023375630378723,high_clip_low_dino
00000321_a8764905bbf15e7a59c1ed6b55e07d48,00000977_4c8a247c0374b96892be5baf766444b2,0.8197970390319824,0.14099211990833282,high_clip_low_dino
00000130_05d35a043a644b016c5558a380912c4f,00000748_755dcc6bff7c111b23d7a6056362eec5,0.8082996010780334,0.10686646401882172,high_clip_low_dino
00000321_a8764905bbf15e7a59c1ed6b55e07d48,00000748_755dcc6bff7c111b23d7a6056362eec5,0.8160324096679688,0.0804576575756073,high_clip_low_dino
00000481_c36401801f11dcec59e152243d533787,00000973_5e6d18ff7a875eef78f15c71c6b7a823,0.8168862462043762,0.1591479778289795,high_clip_low_dino
00000481_c36401801f11dcec59e152243d533787,00000811_27c3837f194c976aee986d281d1ee8a7,0.8089943528175354,0.16811372339725494,high_clip_low_dino
00000481_c36401801f11dcec59e152243d533787,00001001_9d60ffbf0eef018ce52f12ebc9846adb,0.8113064765930176,0.18790578842163086,high_clip_low_dino
00000481_c36401801f11dcec59e152243d533787,00000583_347841b5d390f0be93f346bcd5283baf,0.8113064765930176,0.18790578842163086,high_clip_low_dino
00000481_c36401801f11dcec59e152243d533787,00000485_c77a8426eaa23b6baf7aa613a6102def,0.8089943528175354,0.16811372339725494,high_clip_low_dino
00000130_05d35a043a644b016c5558a380912c4f,00000481_c36401801f11dcec59e152243d533787,0.8192868828773499,0.17023375630378723,high_clip_low_dino
00000321_a8764905bbf15e7a59c1ed6b55e07d48,00000481_c36401801f11dcec59e152243d533787,0.8197970390319824,0.14099211990833282,high_clip_low_dino
00000427_1686a8febadd6aaf5ac3edcab78c005e,00000940_0b67f9e7db2b8fe3821918c9233bf09d,0.8002670407295227,0.17993086576461792,high_clip_low_dino
00000297_ffb5a4fd9a6e49b92e78ed5ea249076a,00000427_1686a8febadd6aaf5ac3edcab78c005e,0.8018408417701721,0.19275429844856262,high_clip_low_dino
00000297_ffb5a4fd9a6e49b92e78ed5ea249076a,00000649_ef5e93359e99d76e81a481f9c619dc36,0.8036414384841919,0.14348764717578888,high_clip_low_dino
00000895_0bd9229d6b64f38cbfff4f1d791f3e03,00000940_0b67f9e7db2b8fe3821918c9233bf09d,0.8104323744773865,0.18846186995506287,high_clip_low_dino
00000913_af34dcc7557932c254339d5533b81a64,00000940_0b67f9e7db2b8fe3821918c9233bf09d,0.8104323744773865,0.18846186995506287,high_clip_low_dino
00000078_ee17622b94d5a1d16edbef4e1e6bac8e,00000336_d59292bec690ff5c6d2f5cdb8a32a79b,0.8046547770500183,0.13343098759651184,high_clip_low_dino
00000336_d59292bec690ff5c6d2f5cdb8a32a79b,00000460_89459ba3453440f24d76f41a3d857bde,0.8050063848495483,0.14360952377319336,high_clip_low_dino
00000591_8b6688529960009a728d07f436edc741,00000940_0b67f9e7db2b8fe3821918c9233bf09d,0.8000506162643433,0.1992333084344864,high_clip_low_dino
00000940_0b67f9e7db2b8fe3821918c9233bf09d,00000972_3124b035950ce6aea65e4710fdf3192d,0.80763179063797,0.18990834057331085,high_clip_low_dino
00000186_4da11363fed61f6b07b5d5ef22cd267a,00000204_61ebcc4e3fbdc838b234710e2e5a30c6,0.8347759246826172,0.15633124113082886,high_clip_low_dino
00000165_5ac82a06bb8bd58958f36b1d559aa2d6,00000176_ba330fbe857c9c0e3bc179ed16baf1ae,0.808570921421051,0.18389824032783508,high_clip_low_dino
00000171_1be14341efd8b69f67cff89578d9769d,00000931_dd5a463505a026ea5a36a2875db74d38,0.8017557859420776,0.1780710369348526,high_clip_low_dino
00000176_ba330fbe857c9c0e3bc179ed16baf1ae,00000931_dd5a463505a026ea5a36a2875db74d38,0.8395299315452576,0.18227757513523102,high_clip_low_dino
00000117_b61982fe9b1b3ef97ad3292a393258b1,00000493_da8647827a8a038e005b5f2ea8d7a529,0.8191981911659241,0.18388494849205017,high_clip_low_dino
00000176_ba330fbe857c9c0e3bc179ed16baf1ae,00000695_0ce2b4a4fcbc72802cc33eda8a357379,0.8195486664772034,0.19796498119831085,high_clip_low_dino
00000737_499a90b39f53248d6df2dac5a477cd18,00000755_207b0fcc5f357e0ec30caef18f1d767d,0.8109561800956726,0.10249894857406616,high_clip_low_dino
00000239_ed1b6710cb263a2494362bb462d446cf,00000755_207b0fcc5f357e0ec30caef18f1d767d,0.8019155263900757,0.10730723291635513,high_clip_low_dino
00000176_ba330fbe857c9c0e3bc179ed16baf1ae,00000811_27c3837f194c976aee986d281d1ee8a7,0.8161435127258301,0.16836322844028473,high_clip_low_dino
00000470_3b11dea1ab6d84e2c528d016f6aa3c0f,00000876_0945ca68379a85f770cad37d22ad022f,0.8085319399833679,0.1730242371559143,high_clip_low_dino
00000789_ac5210690b86aba7702b13230b13b2a0,00000983_634a8ec7684afa7715e374b6c0260cb3,0.805292546749115,0.16386941075325012,high_clip_low_dino
00000859_d7f3db42eadb84f6a606f44bad4b34b6,00000983_634a8ec7684afa7715e374b6c0260cb3,0.8051804900169373,0.18368254601955414,high_clip_low_dino
00000529_7561621e40f4a9668ff16e8a2fd171f5,00000629_2c39a8251b4ede1828998e53768ad1a8,0.8261613249778748,0.19238446652889252,high_clip_low_dino
00000049_0e68accafc8f9f0bd1a057fe33ebdd3e,00000135_656e9b0fffd74bdfa524c43a4c63016d,0.8020620942115784,0.15982264280319214,high_clip_low_dino
00000520_aa38459034adf2236c9b319e517e1a36,00000529_7561621e40f4a9668ff16e8a2fd171f5,0.815464973449707,0.15832868218421936,high_clip_low_dino
00000520_aa38459034adf2236c9b319e517e1a36,00000789_ac5210690b86aba7702b13230b13b2a0,0.8046717643737793,0.136673241853714,high_clip_low_dino
00000520_aa38459034adf2236c9b319e517e1a36,00000859_d7f3db42eadb84f6a606f44bad4b34b6,0.8071128726005554,0.15113820135593414,high_clip_low_dino
00000457_f6c7c4d0c92dea279d20cf8377de75f7,00000730_da58583d98e07dc4dee3b34a99587e14,0.8331488966941833,0.16066984832286835,high_clip_low_dino
00000378_64efa1454251e19e1145b942239a08f2,00000529_7561621e40f4a9668ff16e8a2fd171f5,0.8202427625656128,0.1487075388431549,high_clip_low_dino
00000378_64efa1454251e19e1145b942239a08f2,00000789_ac5210690b86aba7702b13230b13b2a0,0.8050222396850586,0.10170866549015045,high_clip_low_dino
00000378_64efa1454251e19e1145b942239a08f2,00000859_d7f3db42eadb84f6a606f44bad4b34b6,0.8119778037071228,0.11167392879724503,high_clip_low_dino
00000783_23918dc8de4da5cbe13885b8fe062dde,00000912_bec7cf81e781c07ccf11d4a4714b97bd,0.8759409785270691,0.13269753754138947,high_clip_low_dino
00000170_fb85eaa720ada999371bc6f444a48190,00000227_4140224bb3b9b600a6d2aaf738e19dfb,0.8231990337371826,0.08776654303073883,high_clip_low_dino
00000211_bd0ab07606e569c228b9de47d2869c76,00000889_d4a4efe9b891b6f8f0feed9103687303,0.8047420382499695,0.16704215109348297,high_clip_low_dino
00000211_bd0ab07606e569c228b9de47d2869c76,00000967_0cc241e6600c9069ca3f68bad0049c39,0.8142997026443481,0.0874539241194725,high_clip_low_dino
00000211_bd0ab07606e569c228b9de47d2869c76,00000879_c9fea5a7cd44c5efc03e0b16f60e1973,0.8013486266136169,0.19111186265945435,high_clip_low_dino
00000211_bd0ab07606e569c228b9de47d2869c76,00000353_119f5e56350b256cef5f34cd67134c69,0.8124772310256958,0.11591704934835434,high_clip_low_dino
00000257_49625aa5226f53165397d2cafa461fd8,00000877_1461970f3cec5e86ed3de9f38e354584,0.8027822375297546,0.18531426787376404,high_clip_low_dino
00000257_49625aa5226f53165397d2cafa461fd8,00000375_d1110509060b1c713f0d16f461168070,0.8027822375297546,0.18531426787376404,high_clip_low_dino
00000411_0114074412e0b897d3c39f8c8a007436,00000559_01308b6e2c2cf5768e0944ff09ef7e18,0.8365880250930786,0.09723130613565445,high_clip_low_dino
00000257_49625aa5226f53165397d2cafa461fd8,00000945_79b70811250ab1a79a5954057de653a1,0.8032187819480896,0.11798309534788132,high_clip_low_dino
00000945_79b70811250ab1a79a5954057de653a1,00000967_0cc241e6600c9069ca3f68bad0049c39,0.8300570845603943,0.1394490897655487,high_clip_low_dino
00000426_0fa51c036a646d08cd21002abc10e8e3,00000945_79b70811250ab1a79a5954057de653a1,0.8066897392272949,0.12457545101642609,high_clip_low_dino
00000353_119f5e56350b256cef5f34cd67134c69,00000945_79b70811250ab1a79a5954057de653a1,0.8328404426574707,0.15532924234867096,high_clip_low_dino
00000257_49625aa5226f53165397d2cafa461fd8,00000392_88a5f707b1be9d7c39ea8279894f87e1,0.8027822375297546,0.18531426787376404,high_clip_low_dino
00000466_1c8c037a30c584c6e9594eea256f7d46,00000854_9228d90e231c46078b17cd4bba271d72,0.8018794655799866,0.12672995030879974,high_clip_low_dino
00000466_1c8c037a30c584c6e9594eea256f7d46,00000989_447284d50275d62339743a8c1cb28b59,0.8140965700149536,0.17967824637889862,high_clip_low_dino
00000337_b7115933a772653fa0bdbfe0b01de2d2,00000997_521589ef78a44ea25eb9583302fcfc57,0.8316159844398499,0.13124948740005493,high_clip_low_dino
00000337_b7115933a772653fa0bdbfe0b01de2d2,00000385_c84187c40c12068fc26e9fb2b8b6a58d,0.8382670879364014,0.1396004855632782,high_clip_low_dino
00000329_8d5c13f116d8004c3f5676cd61912fc3,00000729_d180a416494a1133500f0a9689c79688,0.8078908920288086,0.13527856767177582,high_clip_low_dino
00000329_8d5c13f116d8004c3f5676cd61912fc3,00000854_9228d90e231c46078b17cd4bba271d72,0.8046706318855286,0.09314785897731781,high_clip_low_dino
00000214_0401637c8acd1ee2fd144245e13994c4,00000337_b7115933a772653fa0bdbfe0b01de2d2,0.8024680614471436,0.16940195858478546,high_clip_low_dino
00000329_8d5c13f116d8004c3f5676cd61912fc3,00000989_447284d50275d62339743a8c1cb28b59,0.8211446404457092,0.196950301527977,high_clip_low_dino
00000337_b7115933a772653fa0bdbfe0b01de2d2,00000888_66806337cf34d6c666d0d00983e09517,0.8175187706947327,0.19823718070983887,high_clip_low_dino
00000729_d180a416494a1133500f0a9689c79688,00000917_665555fb388fec4711ec2d0f7a94960a,0.8019411563873291,0.16735756397247314,high_clip_low_dino
00000359_569406edb24ebcb3c149e6a80cf8aac9,00000917_665555fb388fec4711ec2d0f7a94960a,0.8160005211830139,0.16408659517765045,high_clip_low_dino
00000147_0cace566ca7c3982452aabd6e6bf87c0,00000359_569406edb24ebcb3c149e6a80cf8aac9,0.8076178431510925,0.19371379911899567,high_clip_low_dino
00000337_b7115933a772653fa0bdbfe0b01de2d2,00000659_3bba6ee68923ab31f95d8344bf352da5,0.8175187706947327,0.19823718070983887,high_clip_low_dino
00000917_665555fb388fec4711ec2d0f7a94960a,00000989_447284d50275d62339743a8c1cb28b59,0.8022879362106323,0.12251412123441696,high_clip_low_dino
00000337_b7115933a772653fa0bdbfe0b01de2d2,00000846_2bedc670ca66d890d383b919b78c6add,0.8225178718566895,0.1870221197605133,high_clip_low_dino
00000337_b7115933a772653fa0bdbfe0b01de2d2,00000508_7c3295867debbf321eae8aeddcb2b046,0.8243683576583862,0.16784583032131195,high_clip_low_dino
00000122_67ca4e20cc60c01d85f513da5614cfba,00000337_b7115933a772653fa0bdbfe0b01de2d2,0.8055607676506042,0.1647648960351944,high_clip_low_dino
00000324_4c0c93778934679335c87670a0b86101,00000337_b7115933a772653fa0bdbfe0b01de2d2,0.8052191734313965,0.1850241869688034,high_clip_low_dino
00000357_ac0cf2c66ef6201f0da566207b725c88,00000418_dff831049f6f4b72b9df96d68cbf237c,0.8048738241195679,0.10830144584178925,high_clip_low_dino
00000357_ac0cf2c66ef6201f0da566207b725c88,00001015_0c36245f9e1997bf87bc19fd356e5522,0.8116688132286072,0.15845036506652832,high_clip_low_dino
00000018_f6a1cad9702f2933c4e2134228a79202,00000504_ae18174ad997a143663c78c53117691a,0.8103771805763245,0.13050463795661926,high_clip_low_dino
00000065_15df0553ba436a13e082f63d405a03c9,00000447_a75e1d685b2d670b7f10b0b02e156c5b,0.8120226860046387,0.19404657185077667,high_clip_low_dino
00000447_a75e1d685b2d670b7f10b0b02e156c5b,00000932_c28706ddb065b4781deafb24ff24c77c,0.8120226860046387,0.19404657185077667,high_clip_low_dino
00000502_a52fbcbed2fe19c4f3cdd78993b8b6fd,00000512_69f15a06b2118434911ca399eb9e840e,0.8068634271621704,0.18592318892478943,high_clip_low_dino
00000447_a75e1d685b2d670b7f10b0b02e156c5b,00000927_3f6e776a1f828c569a861526a997a1ac,0.8120226860046387,0.19404657185077667,high_clip_low_dino
00000447_a75e1d685b2d670b7f10b0b02e156c5b,00000485_c77a8426eaa23b6baf7aa613a6102def,0.8030627965927124,0.14095373451709747,high_clip_low_dino
00000555_4ba17ad5d0b0edd85957e5df8f823f9e,00000712_e78530abf8e0337335272e114ea30b6d,0.8079606890678406,0.1656903773546219,high_clip_low_dino
00000413_363d2dd3b505173b0e3fb78da3990aee,00001013_cca0ffe1bfd61e061cdd15efbf310f0c,0.8001833558082581,0.19236503541469574,high_clip_low_dino
00000618_a0283a915b6ce9a14149c74fcbe30f5a,00001013_cca0ffe1bfd61e061cdd15efbf310f0c,0.8029966354370117,0.1826692372560501,high_clip_low_dino
